vrai_hop;rdrg;SI;N;moy_gemid
0;001;1;1;969.56
0;001;2;28;475.04
0;001;3;41;703.66
0;001;4;136;1387.7
0;002;1;1;841.3
0;002;2;14;2669.46
0;002;3;26;2110.31
0;002;4;114;3365.68
0;003;1;60;20.72
0;003;2;166;70.8
0;003;3;258;17.44
0;003;4;239;108.27
0;004;1;6;216.18
0;004;2;63;318.1
0;004;3;223;714.15
0;004;4;2065;1212.63
0;005;1;33;75.05
0;005;2;125;152.41
0;005;3;126;167.96
0;005;4;171;276.61
0;020;1;131;208.31
0;020;2;195;216.35
0;020;3;171;424.18
0;020;4;280;441.54
0;021;1;1157;624.45
0;021;2;1842;1569.4
0;021;3;743;1572.32
0;021;4;738;1538.4
0;022;1;145;1177.08
0;022;2;347;1056.12
0;022;3;125;878.76
0;022;4;118;651.56
0;023;1;624;911.34
0;023;2;343;505.86
0;023;3;196;1672.11
0;023;4;73;1640.31
0;024;1;1111;158.84
0;024;2;2455;163.52
0;024;3;594;268.92
0;024;4;96;897.22
0;025;1;2005;292.52
0;025;2;261;975.91
0;025;3;48;866.95
0;025;4;5;2381.46
0;026;1;594;373.33
0;026;2;398;1830.7
0;026;3;217;2440.95
0;026;4;104;1445.04
0;040;1;165;7.01
0;040;2;188;15.54
0;040;3;143;77.13
0;040;4;44;27.86
0;041;1;328;6.09
0;041;2;1282;7.83
0;041;3;1083;10.16
0;041;4;237;27.68
0;042;1;2166;4.9
0;042;2;5947;3.91
0;042;3;3219;5.99
0;042;4;480;23.03
0;043;1;1182;0.51
0;043;2;677;1.04
0;043;3;162;9.55
0;043;4;18;64.19
0;044;1;387;5.91
0;044;2;1011;1.35
0;044;3;1255;15.14
0;044;4;526;26.01
0;045;1;897;0.74
0;045;2;7905;3.04
0;045;3;3939;4.71
0;045;4;2083;27.78
0;046;1;178;12.95
0;046;2;810;16.98
0;046;3;278;11.92
0;046;4;79;48.15
0;047;1;1508;0.03
0;047;2;4451;2.29
0;047;3;1135;2.4
0;047;4;136;13.23
0;048;1;1307;8.97
0;048;2;1445;3.44
0;048;3;2000;6.29
0;048;4;76;26.1
0;049;1;125;0.36
0;049;2;320;1.55
0;049;3;128;3.85
0;049;4;120;22.03
0;050;1;151;0.17
0;050;2;308;0.52
0;050;3;147;0.49
0;050;4;62;6.92
0;051;1;724;0
0;051;2;241;0.24
0;051;3;25;0
0;051;4;7;4.66
0;052;1;731;0.48
0;052;2;730;0.47
0;052;3;695;15.47
0;052;4;252;89.21
0;053;1;6852;0.17
0;053;2;4720;1.88
0;053;3;2500;5.57
0;053;4;484;21.87
0;054;1;3449;0.2
0;054;2;1782;1.06
0;054;3;178;0.41
0;054;4;5;0
0;055;1;690;0.69
0;055;2;800;2.34
0;055;3;519;7.62
0;055;4;297;41.1
0;056;1;865;1.82
0;056;2;467;0.04
0;056;3;154;4.7
0;056;4;45;22.83
0;057;1;7721;0.23
0;057;2;1111;1.48
0;057;3;151;2.2
0;057;4;21;13.08
0;058;1;8377;6.06
0;058;2;4983;10.51
0;058;3;1056;5.07
0;058;4;214;19.51
0;070;1;294;116.57
0;070;2;195;130.17
0;070;3;24;136.32
0;070;4;2;25.52
0;071;1;2958;247.09
0;071;2;2702;257.65
0;071;3;102;190.82
0;071;4;7;195.04
0;072;1;1326;69.21
0;072;2;418;106.26
0;072;3;34;67.46
0;072;4;5;125.07
0;073;1;3365;207.05
0;073;2;1365;224.35
0;073;3;156;231.84
0;073;4;13;330.26
0;080;1;278;0
0;080;2;94;2.55
0;080;3;18;10.3
0;081;1;322;0.37
0;081;2;386;1.52
0;081;3;62;1.76
0;081;4;2;2.38
0;082;1;816;8.07
0;082;2;1013;5.65
0;082;3;364;6.71
0;082;4;30;20.1
0;090;1;80;16.28
0;090;2;59;251.9
0;090;3;31;449.98
0;090;4;136;396.03
0;091;1;263;9091.16
0;091;2;162;3559.58
0;091;3;38;1110.92
0;091;4;109;83.31
0;092;1;3387;231.3
0;092;2;364;252.08
0;092;3;49;214.03
0;092;4;5;572.22
0;093;1;5666;30.99
0;093;2;986;34.55
0;093;3;66;18.81
0;093;4;18;172.07
0;094;1;1259;6.01
0;094;2;380;8.95
0;094;3;56;11.54
0;094;4;21;55.37
0;095;1;637;8.27
0;095;2;134;9.56
0;095;3;8;42.25
0;095;4;1;0
0;096;1;815;0.81
0;096;2;245;0
0;096;3;14;36.93
0;096;4;4;193.33
0;097;1;6814;1.49
0;097;2;999;4.48
0;097;3;66;2.49
0;097;4;11;44.65
0;098;1;10901;32.42
0;098;2;1713;43.62
0;098;3;133;42.26
0;098;4;23;168.92
0;110;1;433;19.02
0;110;2;785;39.92
0;110;3;627;67.22
0;110;4;122;46.27
0;111;1;2321;0.1
0;111;2;1960;3.48
0;111;3;340;4.07
0;111;4;17;4.35
0;112;1;530;7.6
0;112;2;367;13.64
0;112;3;201;4.83
0;112;4;23;5.18
0;113;1;8525;0.11
0;113;2;6120;0.85
0;113;3;926;2.41
0;113;4;119;29.18
0;114;1;2710;7.87
0;114;2;1114;6.04
0;114;3;385;11.49
0;114;4;81;17.19
0;115;1;18229;0.28
0;115;2;9545;0.29
0;115;3;640;2.06
0;115;4;102;17.89
0;120;1;323;364.62
0;120;2;834;337.5
0;120;3;373;364.1
0;120;4;247;525.94
0;121;1;1114;188.95
0;121;2;1964;211.99
0;121;3;901;247.56
0;121;4;542;316.63
0;122;1;151;77.31
0;122;2;220;133.66
0;122;3;137;158.53
0;122;4;135;269.31
0;130;1;7;0
0;130;2;31;6.67
0;130;3;210;17.97
0;130;4;1580;58.3
0;131;1;71;21.6
0;131;2;203;11.9
0;131;3;360;11.13
0;131;4;181;17.72
0;132;1;22;1.3
0;132;2;37;0.77
0;132;3;30;6.55
0;132;4;11;19.87
0;133;1;188;5.98
0;133;2;551;3.59
0;133;3;684;16.16
0;133;4;268;46.01
0;134;1;559;3.08
0;134;2;2197;1.45
0;134;3;1493;5.52
0;134;4;415;12.41
0;135;1;519;0.3
0;135;2;788;5.33
0;135;3;410;24.72
0;135;4;100;19.27
0;136;1;519;27.38
0;136;2;3620;24.16
0;136;3;3525;37.13
0;136;4;495;72.31
0;137;1;613;4.99
0;137;2;1936;4.29
0;137;3;2544;10.56
0;137;4;1873;29.42
0;138;1;312;0
0;138;2;157;0.18
0;138;3;55;0.26
0;138;4;19;162.15
0;139;1;9252;0.55
0;139;2;12227;1.84
0;139;3;9819;6.25
0;139;4;3932;17.9
0;140;1;3421;1.21
0;140;2;9053;1.9
0;140;3;9109;4.13
0;140;4;2860;13.58
0;141;1;7220;1.25
0;141;2;3971;1.88
0;141;3;1594;1.01
0;141;4;148;12.7
0;142;1;207;8.81
0;142;2;602;4.53
0;142;3;425;8.95
0;142;4;145;26.62
0;143;1;971;51.97
0;143;2;1627;42.21
0;143;3;786;53.3
0;143;4;214;90.66
0;144;1;10299;2.3
0;144;2;10492;3.14
0;144;3;4377;5.94
0;144;4;782;19.97
0;160;1;3;903.77
0;160;2;13;2365.22
0;160;3;34;1846.56
0;160;4;70;2040.76
0;161;1;250;13248.51
0;161;2;493;13442.29
0;161;3;527;15118.96
0;161;4;103;16547.96
0;162;1;51;3222.63
0;162;2;133;4413.57
0;162;3;327;4306.99
0;162;4;312;5464.34
0;163;1;422;3438.32
0;163;2;948;4135.02
0;163;3;1348;4163.93
0;163;4;710;4802.07
0;165;1;98;1390.67
0;165;2;805;1445.83
0;165;3;828;1903.05
0;165;4;414;2710.05
0;166;1;201;1320.05
0;166;2;1920;1363.72
0;166;3;1213;1489.29
0;166;4;385;1914.51
0;167;1;442;3650.76
0;167;2;463;2880.76
0;167;3;184;2808.23
0;167;4;102;3148.29
0;168;1;636;1981.31
0;168;2;1643;2010.44
0;168;3;668;1708.56
0;168;4;651;2973.03
0;169;1;90;1160.84
0;169;2;299;1328.69
0;169;3;178;1121.58
0;169;4;216;1175.48
0;170;1;39;4168.92
0;170;2;234;4855.32
0;170;3;143;5275.22
0;170;4;48;4892.83
0;171;1;2241;4809.2
0;171;2;3814;4900.28
0;171;3;1200;4968.79
0;171;4;256;4840.94
0;172;1;64;229.37
0;172;2;194;310.86
0;172;3;320;722.77
0;172;4;189;799.14
0;173;1;6827;1269.21
0;173;2;8065;1227.5
0;173;3;2756;1180.79
0;173;4;639;1428.24
0;174;1;1750;1871.13
0;174;2;3336;1852.72
0;174;3;753;1890.31
0;174;4;489;2366.24
0;175;1;11387;1677.33
0;175;2;8228;1892.61
0;175;3;1733;1789.54
0;175;4;358;2144.45
0;176;1;1374;4404.86
0;176;2;1254;4713.81
0;176;3;211;5698.38
0;176;4;28;5712.9
0;177;1;353;1873.09
0;177;2;386;1441.41
0;177;3;117;1142.06
0;177;4;32;1268.27
0;178;1;56;0
0;178;2;187;39.36
0;178;3;141;57.24
0;178;4;33;100.45
0;179;1;4408;16.61
0;179;2;562;23.91
0;179;3;35;86
0;179;4;6;3.87
0;180;1;167;23.43
0;180;2;229;38.2
0;180;3;340;79.94
0;180;4;185;170.79
0;190;1;1719;90.23
0;190;2;4846;90.56
0;190;3;2024;53.51
0;190;4;1140;131.66
0;191;1;3719;68.27
0;191;2;3061;88.13
0;191;3;2507;150.19
0;191;4;310;963.23
0;192;1;9387;68.39
0;192;2;11668;68.29
0;192;3;883;93.12
0;192;4;78;341.82
0;193;1;7;0
0;193;2;59;2.24
0;193;3;94;5.51
0;193;4;68;128.3
0;194;1;1210;24.99
0;194;2;8780;8.75
0;194;3;7904;10.8
0;194;4;1897;55.97
0;195;1;247;3.57
0;195;2;322;16.7
0;195;3;389;16.05
0;195;4;61;38.31
0;196;1;183;0.35
0;196;2;173;26.05
0;196;3;198;34.24
0;196;4;213;36.28
0;197;1;1390;92.03
0;197;2;2536;49.67
0;197;3;1505;37.98
0;197;4;285;89.75
0;198;1;932;165.88
0;198;2;1855;59.72
0;198;3;403;19.68
0;198;4;82;116.95
0;199;1;952;26.9
0;199;2;1638;7.18
0;199;3;367;3.34
0;199;4;36;59.67
0;200;1;224;62.97
0;200;2;600;42.57
0;200;3;332;8.21
0;200;4;91;118.42
0;201;1;5690;39.7
0;201;2;9184;83.68
0;201;3;3282;116.74
0;201;4;784;147.63
0;202;1;766;23.28
0;202;2;1307;9.61
0;202;3;358;29.56
0;202;4;64;93.1
0;203;1;3110;0.21
0;203;2;3074;3.66
0;203;3;410;2.03
0;203;4;32;5.48
0;204;1;3346;5.7
0;204;2;4303;2.13
0;204;3;1149;13.1
0;204;4;107;24.04
0;205;1;63;119.66
0;205;2;169;44.03
0;205;3;101;6.93
0;205;4;30;18.31
0;206;1;114;115.04
0;206;2;398;104.97
0;206;3;526;68.94
0;206;4;347;61.89
0;207;1;2440;40.58
0;207;2;1951;75.42
0;207;3;704;26.6
0;207;4;257;71.78
0;220;1;1884;250.69
0;220;2;927;462.78
0;220;3;1077;479.37
0;220;4;624;621.92
0;221;1;2799;786.4
0;221;2;5155;747.43
0;221;3;4468;654.41
0;221;4;2132;648.85
0;222;1;336;57.91
0;222;2;192;119.5
0;222;3;79;114.04
0;222;4;31;241.2
0;223;1;948;200.56
0;223;2;791;243.36
0;223;3;381;259.18
0;223;4;132;284.19
0;224;1;1100;101.42
0;224;2;551;106.03
0;224;3;308;109.35
0;224;4;167;154.25
0;225;1;9515;48.17
0;225;2;3752;50.84
0;225;3;301;52.46
0;225;4;74;56.9
0;226;1;7496;96.37
0;226;2;1403;80.55
0;226;3;183;118.66
0;226;4;59;225.12
0;227;1;5644;70.19
0;227;2;2674;94.35
0;227;3;341;125.11
0;227;4;64;178.65
0;228;1;12596;105.96
0;228;2;3235;99.57
0;228;3;291;106.66
0;228;4;55;111.89
0;229;1;702;78.23
0;229;2;678;118.99
0;229;3;393;178.02
0;229;4;260;374.85
0;240;1;953;61.51
0;240;2;3138;130.33
0;240;3;2376;170.49
0;240;4;488;238.26
0;241;1;2192;4.06
0;241;2;4229;7.96
0;241;3;1946;21.84
0;241;4;604;53.64
0;242;1;180;7.17
0;242;2;357;10.5
0;242;3;204;28.24
0;242;4;109;108.16
0;243;1;4042;14.9
0;243;2;3782;30
0;243;3;1115;31.31
0;243;4;535;149.87
0;244;1;3743;1.76
0;244;2;3647;3.51
0;244;3;1180;5.7
0;244;4;389;12.65
0;245;1;1127;4.33
0;245;2;1121;5.35
0;245;3;361;8.63
0;245;4;317;18.37
0;246;1;293;8.05
0;246;2;604;20.35
0;246;3;366;15.52
0;246;4;229;19.01
0;247;1;2706;4.28
0;247;2;3065;22.89
0;247;3;1303;17.34
0;247;4;886;58.09
0;248;1;232;6.39
0;248;2;225;10.76
0;248;3;219;25.48
0;248;4;118;37.24
0;249;1;14828;0.71
0;249;2;9323;3.15
0;249;3;2262;4.54
0;249;4;752;10.93
0;250;1;13068;6.18
0;250;2;10705;16.05
0;250;3;3669;24.86
0;250;4;2132;57.47
0;260;1;282;409.75
0;260;2;611;474.74
0;260;3;367;540.55
0;260;4;688;446.08
0;261;1;77;247.54
0;261;2;207;356.9
0;261;3;128;406.82
0;261;4;189;356.23
0;262;1;231;101.03
0;262;2;295;95.33
0;262;3;108;94.62
0;262;4;104;207.84
0;263;1;10964;223.21
0;263;2;5562;213.02
0;263;3;710;213.7
0;263;4;163;228.05
0;264;1;222;130.11
0;264;2;242;191.98
0;264;3;244;182.87
0;264;4;191;264.6
0;280;1;170;64.77
0;280;2;1197;25.52
0;280;3;1755;32.27
0;280;4;684;69.58
0;281;1;421;197.65
0;281;2;2049;182.96
0;281;3;1770;205.9
0;281;4;371;267.09
0;282;1;1654;40.51
0;282;2;2774;55.61
0;282;3;857;54.17
0;282;4;704;60.1
0;283;1;915;27.22
0;283;2;1466;39.37
0;283;3;1079;55.41
0;283;4;424;140.76
0;284;1;2764;87.22
0;284;2;4228;124.01
0;284;3;1614;155.89
0;284;4;617;199.86
0;300;1;252;3092.56
0;300;2;164;2901.1
0;300;3;163;2347.45
0;300;4;39;3077.25
0;301;1;995;1457.79
0;301;2;2396;1559.1
0;301;3;2111;1593.77
0;301;4;409;1641.1
0;302;1;19686;2069.1
0;302;2;15057;2107.4
0;302;3;2479;1969.45
0;302;4;265;2262.15
0;303;1;92;4549.25
0;303;2;83;4975.34
0;303;3;31;5909.97
0;303;4;8;5527.2
0;304;1;5689;2243.37
0;304;2;1997;2582.22
0;304;3;594;2743.87
0;304;4;70;3500
0;305;1;25;0
0;305;2;79;44.83
0;305;3;97;132.97
0;305;4;50;152.99
0;306;1;1393;1666.76
0;306;2;894;1702.96
0;306;3;138;1682.66
0;306;4;33;1829.46
0;307;1;184;175.04
0;307;2;72;148.32
0;307;3;27;491.12
0;307;4;11;215.16
0;308;1;2701;343.4
0;308;2;4075;365.59
0;308;3;2487;400.55
0;308;4;591;464.04
0;309;1;1253;121.23
0;309;2;682;257.29
0;309;3;369;336.94
0;309;4;74;442.78
0;310;1;16097;255.85
0;310;2;6750;523
0;310;3;614;761.55
0;310;4;93;832.47
0;311;1;44;0.43
0;311;2;15;2.57
0;311;3;1;0
0;311;4;1;0
0;312;1;231;61.14
0;312;2;338;68
0;312;3;221;149.21
0;312;4;71;209.36
0;313;1;17383;83.21
0;313;2;4038;125.06
0;313;3;699;252.73
0;313;4;84;348.49
0;314;1;10179;65.39
0;314;2;1924;78.23
0;314;3;200;121.82
0;314;4;15;113.97
0;315;1;23404;77.85
0;315;2;6822;162.66
0;315;3;637;194.7
0;315;4;102;230.29
0;316;1;4874;70.99
0;316;2;742;81.34
0;316;3;52;52.18
0;316;4;4;1093.58
0;317;1;6392;13.64
0;317;2;1006;21.79
0;317;3;144;33.91
0;317;4;50;177.79
0;318;1;3327;7.9
0;318;2;759;48.19
0;318;3;83;53.3
0;318;4;21;330.2
0;319;1;2379;24.69
0;319;2;527;29.62
0;319;3;62;99.1
0;319;4;11;296.91
0;320;1;3389;471.58
0;320;2;1241;1449.09
0;320;3;278;1089.6
0;320;4;59;800.87
0;340;1;455;136.3
0;340;2;587;24.23
0;340;3;255;71.98
0;340;4;90;109.06
0;341;1;669;4.88
0;341;2;1540;2.22
0;341;3;1241;3.45
0;341;4;152;14.03
0;342;1;5781;4.85
0;342;2;2135;5.62
0;342;3;765;15.98
0;342;4;128;26.99
0;343;1;815;9.28
0;343;2;2558;5.49
0;343;3;1873;30.4
0;343;4;288;21.45
0;344;1;67;1.75
0;344;2;227;7.86
0;344;3;94;43
0;344;4;26;11.75
0;345;1;80;1.15
0;345;2;229;5.24
0;345;3;59;20.17
0;345;4;24;66.22
0;346;1;995;1.88
0;346;2;1250;6.93
0;346;3;490;16.44
0;346;4;141;35.94
0;347;1;11510;3.79
0;347;2;5992;6.38
0;347;3;1631;7.56
0;347;4;253;63.68
0;348;1;1053;41.88
0;348;2;1628;36.97
0;348;3;698;14.36
0;348;4;73;8.23
0;349;1;975;6.89
0;349;2;922;6.32
0;349;3;203;6.84
0;349;4;50;5.42
0;350;1;1916;1.01
0;350;2;1887;4.6
0;350;3;724;3.45
0;350;4;95;15.74
0;351;1;2021;9.71
0;351;2;1527;5.66
0;351;3;555;24.9
0;351;4;107;20.95
0;360;1;188;9.15
0;360;2;382;34.6
0;360;3;339;122.69
0;360;4;106;162.75
0;361;1;1995;20.5
0;361;2;739;14.83
0;361;3;163;92.11
0;361;4;39;311.23
0;362;1;2905;39.43
0;362;2;2778;29.64
0;362;3;114;90.42
0;362;4;14;215.49
0;363;1;7854;37.1
0;363;2;4813;25.9
0;363;3;177;58.51
0;363;4;12;142.99
0;364;1;5774;8.78
0;364;2;1340;71.78
0;364;3;330;284.63
0;364;4;87;349.53
0;380;1;83;0.11
0;380;2;492;6.81
0;380;3;508;41.13
0;380;4;130;22.84
0;381;1;426;0.04
0;381;2;578;2.04
0;381;3;214;5.87
0;381;4;42;15.75
0;382;1;112;6.64
0;382;2;494;8.48
0;382;3;449;3.44
0;382;4;69;15.1
0;383;1;4837;0.17
0;383;2;3352;0.99
0;383;3;1245;3.82
0;383;4;305;27.74
0;384;1;3656;0.11
0;384;2;2365;2.14
0;384;3;1102;5.83
0;384;4;174;9.97
0;385;1;1867;2.9
0;385;2;1182;1.61
0;385;3;344;15.88
0;385;4;33;14.44
0;400;1;270;212.38
0;400;2;34;425.81
0;400;3;587;365.32
0;400;4;148;551.64
0;401;1;244;224.14
0;401;2;194;64.31
0;401;3;61;220.72
0;401;4;15;240.04
0;402;1;32;5.69
0;402;2;174;346.12
0;402;3;187;196.9
0;402;4;39;618.07
0;403;1;6724;648.26
0;403;2;2865;1022.27
0;403;3;210;989.66
0;403;4;88;1483.46
0;404;1;4658;176.35
0;404;2;2085;174.35
0;404;3;142;173.36
0;404;4;26;214.23
0;405;1;235;465.88
0;405;2;504;763.72
0;405;3;318;789.05
0;405;4;112;753.51
0;420;1;6608;1.32
0;420;2;4266;4.42
0;420;3;2041;2.72
0;420;4;529;26.82
0;421;1;905;1.99
0;421;2;3296;6.21
0;421;3;1452;13.92
0;421;4;211;42.17
0;422;1;3161;0.09
0;422;2;4416;1.07
0;422;3;2633;4.5
0;422;4;1109;16.83
0;423;1;206;8.49
0;423;2;217;8.63
0;423;3;73;4.95
0;423;4;29;18.78
0;424;1;674;2.64
0;424;2;1454;2.03
0;424;3;646;3.67
0;424;4;82;107.09
0;440;1;23;32.33
0;440;2;147;52.26
0;440;3;215;83.89
0;440;4;65;319.8
0;441;1;130;2738.99
0;441;2;323;614.34
0;441;3;562;441.29
0;441;4;126;575.49
0;442;1;603;263.42
0;442;2;740;283.98
0;442;3;255;320.03
0;442;4;163;413.49
0;443;1;1327;159.45
0;443;2;944;194.18
0;443;3;403;225.33
0;443;4;170;343.57
0;444;1;7;67.56
0;444;2;273;217.77
0;444;3;310;311.1
0;444;4;11;301.04
0;445;1;1160;177.02
0;445;2;386;62.73
0;445;3;107;49.13
0;445;4;35;294.64
0;446;1;9502;61.19
0;446;2;5428;74.46
0;446;3;724;93.21
0;446;4;107;201.49
0;447;1;315;1154.54
0;447;2;1028;517.87
0;447;3;1061;267.07
0;447;4;128;570.08
0;460;1;228;43.41
0;460;2;1415;19.58
0;460;3;2400;30.67
0;460;4;728;46.41
0;461;1;157;30.09
0;461;2;533;21.01
0;461;3;500;29.73
0;461;4;99;34.68
0;462;1;240;1.44
0;462;2;296;3.78
0;462;3;160;12.88
0;462;4;44;59.2
0;463;1;6006;3.05
0;463;2;6560;6.37
0;463;3;3144;10.17
0;463;4;700;19.84
0;464;1;1073;24.57
0;464;2;669;28.04
0;464;3;29;58.11
0;464;4;6;163.57
0;465;1;6124;35.29
0;465;2;3748;49.21
0;465;3;362;67.99
0;465;4;62;120.71
0;466;1;322;20.01
0;466;2;1187;13.25
0;466;3;743;38.36
0;466;4;153;51.5
0;467;1;1164;3.42
0;467;2;1247;5.03
0;467;3;389;5.03
0;467;4;72;30.13
0;468;1;1814;26.71
0;468;2;2734;26.86
0;468;3;1347;28.98
0;468;4;166;41.9
0;480;1;3124;255.49
0;480;2;1144;269.78
0;480;3;124;358.52
0;480;4;42;346.02
0;481;1;939;9.99
0;481;2;219;1764.28
0;481;3;26;163.43
0;481;4;9;730.79
0;482;1;5049;14.8
0;482;2;2912;22.91
0;482;3;433;39.38
0;482;4;91;167.29
0;483;1;2614;20
0;483;2;483;26.35
0;483;3;37;42.36
0;483;4;10;45.48
0;484;1;709;5.76
0;484;2;1057;12.2
0;484;3;240;30.92
0;484;4;12;47.54
0;500;1;166;35.09
0;500;2;481;18.92
0;500;3;269;26.25
0;500;4;55;17.81
0;501;1;1834;5.2
0;501;2;1315;3.18
0;501;3;412;3.92
0;501;4;66;6.72
0;510;1;1019;173.43
0;510;2;737;172.58
0;510;3;119;166.2
0;510;4;153;201.65
0;511;1;124;85.18
0;511;2;252;72.62
0;511;3;68;143.49
0;511;4;25;255.6
0;512;1;394;121.91
0;512;2;325;138.53
0;512;3;31;93.52
0;512;4;15;548.87
0;513;1;16235;114.97
0;513;2;4695;139.86
0;513;3;258;137.56
0;513;4;44;298.69
0;514;1;7270;300.32
0;514;2;1369;325.69
0;514;3;110;285.45
0;514;4;5;381.98
0;515;1;1216;28.06
0;515;2;358;54.9
0;515;3;39;60.37
0;515;4;5;268.27
0;516;1;941;47.04
0;516;2;259;53.93
0;516;3;47;116.4
0;516;4;6;210.61
0;517;1;895;8.23
0;517;2;329;20.1
0;517;3;45;66.1
0;517;4;8;94.19
0;518;1;509;74.17
0;518;2;296;118.28
0;518;3;63;182.81
0;518;4;23;147.11
0;530;1;79;23.81
0;530;2;417;25.33
0;530;3;462;51.63
0;530;4;82;80.12
0;531;1;629;0.17
0;531;2;219;3.51
0;531;3;50;3.87
0;531;4;4;5.28
0;532;1;1279;30.55
0;532;2;491;22.42
0;532;3;92;19.33
0;532;4;14;29
0;540;1;10374;0.22
0;540;2;9677;0.44
0;540;3;3226;4.28
0;540;4;113;703.38
0;541;1;99;4.18
0;541;2;187;11.33
0;541;3;68;21.17
0;541;4;3;72.17
0;542;1;145;0
0;542;2;228;8.54
0;542;3;74;25.29
0;542;4;15;156.81
0;543;1;220;11.23
0;543;2;135;26.49
0;543;3;56;1281.47
0;543;4;13;450.01
0;544;1;1520;1.83
0;544;2;360;4.67
0;544;3;28;0.9
0;544;4;2;528.08
0;560;1;48786;0.06
0;560;2;39702;0.06
0;560;3;6971;0.5
0;560;4;49;20.48
0;561;1;707;1.59
0;561;2;617;3.28
0;561;3;110;14.78
0;561;4;10;258.36
0;562;1;1080;132.34
0;562;2;255;132.18
0;562;3;49;93.99
0;562;4;2;88.32
0;563;1;4884;0.17
0;563;2;1241;0.15
0;563;3;343;0.51
0;563;4;8;0
0;564;1;808;1.41
0;564;2;211;3.19
0;564;3;19;17.91
0;564;4;6;77.95
0;565;1;796;0
0;565;2;60;0
0;565;3;3;0
0;566;1;5448;1.91
0;566;2;4616;3.27
0;566;3;1050;7.14
0;566;4;35;349.94
0;580;1;104;0
0;580;2;96;0.15
0;580;3;46;73.25
0;580;4;4;71.09
0;581;1;5;0
0;581;2;19;0
0;581;3;6;0
0;582;4;1;2416.73
0;583;2;2;29.04
0;583;4;4;2796.67
0;590;4;19;153.13
0;591;1;1;0
0;591;2;4;18.07
0;591;3;10;0
0;591;4;66;34.12
0;592;4;26;236.26
0;593;1;5;0
0;593;2;15;2.26
0;593;3;34;2.13
0;593;4;105;10.24
0;600;3;3;91.23
0;600;4;26;313.44
0;601;1;7;0
0;601;2;30;0
0;601;3;55;0.98
0;601;4;70;28.22
0;602;1;16;0
0;602;2;53;6.39
0;602;3;118;11.5
0;602;4;66;60.76
0;603;1;90;0
0;603;2;124;4.05
0;603;3;69;1.12
0;603;4;17;7.67
0;610;2;3;98.4
0;610;3;5;80.84
0;610;4;26;406.08
0;611;1;19;0
0;611;2;50;1.01
0;611;3;64;0.75
0;611;4;36;24.66
0;612;1;34;0
0;612;2;68;2.13
0;612;3;103;6.25
0;612;4;39;23.59
0;613;1;12;0
0;613;2;20;9.14
0;613;3;14;0
0;613;4;1;0
0;614;1;326;0.21
0;614;2;235;4.16
0;614;3;75;1.26
0;614;4;12;9.47
0;620;2;4;690.37
0;620;3;4;487.98
0;620;4;31;648.71
0;621;1;22;0
0;621;2;36;2.93
0;621;3;46;3.29
0;621;4;24;19.53
0;622;1;31;0
0;622;2;57;2.04
0;622;3;53;6.58
0;622;4;24;19.23
0;623;1;13;0
0;623;2;20;7.23
0;623;3;10;0
0;623;4;5;0
0;624;1;251;0.46
0;624;2;122;0.12
0;624;3;24;0.59
0;624;4;2;0
0;625;1;65;0
0;625;2;46;0
0;625;3;28;0
0;625;4;6;72.51
0;626;1;60;0
0;626;2;61;0
0;626;3;60;0.84
0;630;2;14;637.07
0;630;3;21;723.24
0;630;4;64;1434.37
0;631;1;4;222.39
0;631;2;38;243.33
0;631;3;48;313.21
0;631;4;63;265.55
0;632;1;131;1.43
0;632;2;28;139.55
0;632;3;16;125.4
0;632;4;16;100.54
0;633;1;92;10.61
0;633;2;172;0.39
0;633;3;102;4.51
0;633;4;84;22.94
0;634;1;44;0
0;634;2;92;4.74
0;634;3;60;7.01
0;634;4;54;22.2
0;635;1;2;0
0;635;2;7;0
0;635;3;3;0
0;635;4;1;0
0;636;1;136;0.61
0;636;2;165;0.09
0;636;3;34;1.71
0;636;4;15;0.95
0;637;1;851;0.83
0;637;2;510;2.2
0;637;3;182;2.87
0;637;4;32;17.27
0;638;1;1695;0.35
0;638;2;424;0.62
0;638;3;32;4.34
0;638;4;5;0
0;639;1;46;0.31
0;639;2;92;2.43
0;639;3;63;4.14
0;639;4;14;0
0;640;1;71;13.53
0;640;2;99;0
0;640;3;43;0
0;650;1;84;332.07
0;650;2;73;371.02
0;650;3;43;289.78
0;650;4;19;179.3
0;651;1;558;22.2
0;651;2;145;111.85
0;651;3;59;119.99
0;651;4;21;174.98
0;660;2;1;0
0;660;3;2;0
0;661;1;736;0.03
0;661;2;324;17.41
0;661;3;310;7.35
0;661;4;67;65.84
0;662;1;146;0.03
0;662;2;161;0.67
0;662;3;105;5.7
0;662;4;7;0
0;663;1;1459;13.44
0;663;2;3953;9.9
0;663;3;3361;11.7
0;663;4;530;28.2
0;664;1;930;7.24
0;664;2;744;5.74
0;664;3;2331;6.64
0;664;4;311;21.16
0;680;1;140;121.99
0;680;2;112;336.08
0;680;3;48;580.44
0;680;4;102;478.95
0;681;1;373;73.97
0;681;2;334;94.08
0;681;3;237;285.58
0;681;4;151;249.72
0;682;1;655;48.14
0;682;2;417;99
0;682;3;98;196.19
0;682;4;124;350.22
0;683;1;448;63.7
0;683;2;363;120.83
0;683;3;102;284.13
0;683;4;83;216.3
0;690;1;208;21.66
0;690;2;287;25.78
0;690;3;259;46.63
0;690;4;339;57.96
0;691;1;662;48.14
0;691;2;1174;31.28
0;691;3;707;30.67
0;691;4;437;64.66
0;692;1;342;10.46
0;692;2;340;4.72
0;692;3;88;35.33
0;692;4;86;41.36
0;693;1;14682;28.28
0;693;2;10446;31.98
0;693;3;1915;45.16
0;693;4;944;49.39
0;694;1;379;22.08
0;694;2;766;31.49
0;694;3;501;39.53
0;694;4;262;64.08
0;710;1;99;105.12
0;710;2;171;91.96
0;710;3;254;422.34
0;710;4;487;538.3
0;711;1;268;11.77
0;711;2;695;33.16
0;711;3;298;76.47
0;711;4;182;310.82
0;720;1;312;1.43
0;720;2;2010;9.76
0;720;3;2631;17.08
0;720;4;2427;56.31
0;721;1;1212;1.48
0;721;2;1107;6.95
0;721;3;460;23.63
0;721;4;140;54.61
0;722;1;1180;0.52
0;722;2;1168;3.6
0;722;3;443;4.16
0;722;4;86;16.9
0;723;1;3908;0.12
0;723;2;2700;0.46
0;723;3;716;2.26
0;723;4;85;16.61
0;724;1;807;1.73
0;724;2;820;4.91
0;724;3;472;10.86
0;724;4;198;49.12
0;740;1;73;149.04
0;740;2;146;404.3
0;740;3;158;605.73
0;740;4;47;887.79
0;750;1;221;0.48
0;750;2;144;0.33
0;750;3;25;3.43
0;750;4;4;14.52
0;751;1;1727;0.48
0;751;2;1903;1
0;751;3;424;3.33
0;751;4;81;17.62
0;752;1;267;0.85
0;752;2;348;0.18
0;752;3;67;0.98
0;752;4;5;16.9
0;753;1;331;0.34
0;753;2;327;0.31
0;753;3;89;3.75
0;753;4;14;11.2
0;754;1;1607;0.86
0;754;2;2560;1.27
0;754;3;451;8.28
0;754;4;46;4.48
0;755;1;765;0.25
0;755;2;503;1.47
0;755;3;101;2.72
0;755;4;6;0.79
0;756;1;1562;0.59
0;756;2;964;2.01
0;756;3;165;5.25
0;756;4;27;18.19
0;757;1;1148;5.22
0;757;2;2012;1.26
0;757;3;1169;1.96
0;757;4;247;8.91
0;758;1;465;0.12
0;758;2;405;0.25
0;758;3;103;0.37
0;758;4;9;97.7
0;759;1;104;0.48
0;759;2;137;2.11
0;759;3;122;5.2
0;759;4;33;7.34
0;760;1;2912;0.06
0;760;2;878;1.55
0;760;3;205;5.06
0;760;4;41;12.08
0;770;1;513;0.03
0;770;2;299;1.27
0;770;3;85;4.79
0;770;4;5;53.76
0;771;1;365;0.19
0;771;2;605;3.74
0;771;3;132;14.8
0;771;4;5;0
0;772;1;97;0.1
0;772;2;152;0.58
0;772;3;24;1.75
0;772;4;8;23.63
0;773;1;124;0
0;773;2;237;0.32
0;773;3;54;1.48
0;773;4;7;1.36
0;774;1;71;0
0;774;2;81;0.18
0;774;3;2;0
0;774;4;1;0
0;775;1;3942;0.18
0;775;2;3767;3.2
0;775;3;1100;8.08
0;775;4;173;17.54
0;776;1;421;0.1
0;776;2;554;0.62
0;776;3;203;0.86
0;776;4;41;3.59
0;790;1;581;7.96
0;790;2;390;34.72
0;790;3;148;112.7
0;790;4;45;294.53
0;791;1;2027;420.32
0;791;2;1241;317.58
0;791;3;334;304.61
0;791;4;342;551.99
0;792;1;671;38.15
0;792;2;208;260.9
0;792;3;91;700.85
0;792;4;75;630.94
0;810;1;751;1.77
0;810;2;344;11.01
0;810;3;147;1.5
0;810;4;33;12.04
0;811;1;607;0.3
0;811;2;305;0.65
0;811;3;64;4.9
0;811;4;28;13.56
0;812;1;7050;0.06
0;812;2;3238;0.85
0;812;3;1263;6.09
0;812;4;541;23.11
0;813;1;1944;11.54
0;813;2;1840;72.02
0;813;3;877;163.1
0;813;4;287;213.47
0;814;1;120;0
0;814;2;281;0.31
0;814;3;42;13.67
0;814;4;8;4.26
0;815;1;1097;0.18
0;815;2;378;1.37
0;815;3;233;2.74
0;815;4;162;26.86
0;830;1;12;1.38
0;830;2;12;3.89
0;830;3;11;186.18
0;830;4;5;410.51
0;831;1;1;0
0;831;4;5;119.04
0;832;1;46;0.41
0;832;2;99;1.71
0;832;3;34;62.42
0;832;4;18;74.04
0;833;1;12;0
0;833;2;22;7.67
0;833;3;8;0
0;833;4;2;83.97
0;840;1;495;0
0;840;2;121;24.49
0;840;3;31;8.82
0;840;4;12;79.21
0;850;1;1820;1452.19
0;850;2;1260;2008.81
0;850;3;340;1082.96
0;850;4;190;1105.97
0;860;1;495;25.84
0;860;2;1875;10.97
0;860;3;1718;14.75
0;860;4;423;31.04
0;861;1;3036;2.55
0;861;2;3527;4.11
0;861;3;1306;12.21
0;861;4;199;18.08
0;862;1;19481;6.6
0;862;2;9005;30.56
0;862;3;2509;35.69
0;862;4;343;93.81
0;870;4;6;230.75
0;871;2;3;19.36
0;871;3;2;0
0;871;4;9;588.26
0;872;1;8;207.5
0;872;2;13;99.21
0;872;3;24;147.96
0;872;4;13;932.42
0;873;1;24;0
0;873;2;47;187.52
0;873;3;10;237.15
0;873;4;2;909.09
0;890;2;3;54.57
0;890;3;14;0
0;890;4;20;30.77
0;891;2;84;8.44
0;891;3;103;19.35
0;891;4;18;59.85
0;892;1;5;0
0;892;2;65;2.17
0;892;3;31;1
0;892;4;3;25.09
0;893;1;75;0.06
0;893;2;191;4.03
0;893;3;57;4.38
0;893;4;6;15.75
0;894;1;65;10.14
0;894;2;98;5.62
0;894;3;11;0.87
0;910;1;49;408.32
0;910;2;139;626.3
0;910;3;186;1210.91
0;910;4;235;1252.79
0;911;1;5;97.5
0;911;2;152;233.17
0;911;3;157;275.63
0;911;4;169;581.69
0;930;1;9;0
0;930;2;254;12.8
0;930;3;255;31.86
0;930;4;143;79.46
0;931;1;2;0
0;931;2;80;3.33
0;931;3;23;50.68
0;931;4;6;16.94
0;950;1;1748;604.38
0;950;2;2002;878.28
0;950;3;1960;973.23
0;950;4;1411;846.98
0;951;1;86;14.25
0;951;2;196;50.09
0;951;3;194;20.55
0;951;4;70;28.66
0;952;1;1072;35.47
0;952;2;1393;64.44
0;952;3;1007;78.94
0;952;4;347;109.55
0;955;0;105;17.74
0;956;0;789;27.66
0;956;1;5036;0.55
0;956;2;10;0
