vrai_hop;rdrg;SI;total;p5;p25;p50;p75;p95
0;001;1;16952;7876.56;7876.56;8475.78;9075.01;9075.01
0;001;2;179432;3922.76;5158.55;6987.24;8100.23;12310.94
0;001;3;375002;1027.02;4610.91;6093.13;7734.72;15075
0;001;4;1617431;4034.21;6154.84;9962.85;17732.27;38364.28
0;002;2;108667;4056.32;5461.44;6596.38;8966.01;12947.44
0;002;3;308719;4727.83;7533.19;8693.75;9923.7;27226.01
0;002;4;1088717;6846.82;8367.13;10060.7;16401.55;35431.17
0;003;1;444134;671.4;1753.76;5512.85;7487.67;10500.2
0;003;2;597967;1939.97;4940.26;6428.98;8043.74;11458.77
0;003;3;1350559;4280.82;5706.42;7676.34;9592.8;14556.87
0;003;4;2165624;3909.36;6455.07;9136.34;13548.9;23318.64
0;004;1;169999;696.23;2090.18;3985.93;6830.47;18551.71
0;004;2;729821;671.62;3473.88;5903.47;10415.98;18132.82
0;004;3;3729241;1066.64;5383.05;9596.34;15964.48;29586.09
0;004;4;26683732;3910.69;8756.71;14005.04;22583.21;43262.81
0;005;1;544467;1474.27;3827.36;6170.76;8696.36;12273.01
0;005;2;1081125;826.38;3941.06;6117.6;8732.89;14991.55
0;005;3;1045531;1398.99;4280.48;7261.59;10586.94;18551.75
0;005;4;1682139;3033.13;6101.45;10297.75;15598.3;26590.36
0;020;1;521922;777.89;1671.34;2374.33;3595.87;7245.71
0;020;2;552955;527.88;2343.93;3180.05;5021.68;11990.57
0;020;3;914146;217.67;1333.3;3748.85;7080.36;17809.82
0;020;4;1858816;430.3;2329.58;6486.3;11461.31;28920.04
0;021;1;4448115;724.8;1860.54;2954.5;4104.21;8005.8
0;021;2;5225583;829.65;2123.15;3575.42;5515.73;11804.79
0;021;3;5244525;765.49;3063.37;5183.55;9111.9;21161.01
0;021;4;5467015;685.22;3385.68;8005.8;13900.61;27163.67
0;022;1;602205;559.59;1240.36;1957.14;2905.33;5822.48
0;022;2;1201412;755.43;1743.93;2820.05;5194.84;10977.09
0;022;3;809362;645.4;2612.77;5644.78;9747.74;20474.67
0;022;4;668670;781.38;2546.86;6069.33;15256.9;28220.82
0;023;1;1273033;404.78;703.59;1158.76;2074.32;4473.19
0;023;2;1435805;550.68;1531.69;2991.22;5084.54;11692.77
0;023;3;1186669;1018.95;2068.4;4799.72;8885.47;18439.85
0;023;4;396483;665.29;4722.54;7755.08;11165.76;36912.21
0;024;1;1799884;445.76;869.21;1176.64;1608.94;3101.89
0;024;2;3935740;730.48;1117.46;1615.47;2568.57;5266.25
0;024;3;2715111;767.1;1515.27;3140.33;6085.28;15722.61
0;024;4;968585;964.2;2745.66;6692.01;13659.76;29910.26
0;025;1;2327559;207.13;385.32;484.48;694.86;1613.27
0;025;2;289702;229.2;569.12;1032.72;2015.99;4940.61
0;025;3;127313;418.8;560.5;2164.74;5148.25;9508.33
0;025;4;69729;353.44;1756.88;3744.18;5977.72;27316.9
0;026;1;965067;225.31;630.49;1011.48;1586.04;4493.76
0;026;2;1452900;520.94;1038.84;2194.29;4348.39;11709.49
0;026;3;1676022;1026.05;3221.13;5560.28;10801.5;22112.7
0;026;4;881352;1399.85;4692.13;9029.44;14684.91;33990.08
0;040;1;387852;266.53;554.14;1006.02;1786.42;5908.99
0;040;2;662204;265;767.1;1720.17;3288.31;9969.21
0;040;3;740085;373.25;1547.84;3355.86;6872.6;18007.68
0;040;4;249167;517.31;1688.48;4370.4;9561.98;18675.55
0;041;1;1105994;295.51;692.56;1265.05;2423.97;6084.51
0;041;2;3969830;415.89;1267.68;2392.57;4329.21;10067.74
0;041;3;3751068;786.32;2309.8;4032.08;7064.13;13662.91
0;041;4;1124952;909.39;2854.15;5612.76;9304.74;17874.03
0;042;1;6477719;251.86;746.92;1701.63;3370.9;8626.07
0;042;2;13621136;569.21;1616.76;2935.94;4966.25;11404.28
0;042;3;8212726;994.95;2639.32;4506.09;7283.48;14996.86
0;042;4;2084193;1120.99;3892.09;6220.37;11126.28;21105.83
0;043;1;1784490;247.2;535.64;975.31;1571.28;3622.86
0;043;2;1458591;391.98;871.99;1442.59;2654.64;8390.4
0;043;3;652717;418.69;1217.65;2789.6;5616.22;10900.87
0;043;4;241986;2313.72;3800.56;7420.21;11161.36;17540.7
0;044;1;1322680;202.21;345.81;1399.65;3027;7900.93
0;044;2;3495862;223.65;866.63;2752.23;5180.8;12511.59
0;044;3;4228030;216.32;466.63;2376.87;5170.74;14695.13
0;044;4;2252947;289.73;1789.91;5230.65;9986.14;21167.28
0;045;1;1557199;349.88;1028.05;1725.49;2879.26;6359.09
0;045;2;13272782;704.34;1694.84;2815.97;4796.58;12545.84
0;045;3;10065650;623.69;2524.32;4591.35;7797.98;17478.46
0;045;4;6474151;820.53;3431.34;6663.97;10903.62;21770.71
0;046;1;3788728;229.2;550.01;1336.04;2421.36;5657.93
0;046;2;17696030;418;1298.76;2349.29;4010.32;9719.04
0;046;3;12768084;503.72;1907.19;3653.64;6741.61;15827.42
0;046;4;6388809;693.26;2765.93;5753.61;10286;22058.44
0;047;1;3105835;255.28;704.91;1175.52;1895.1;3829.22
0;047;2;11135002;461.58;1108.08;1780.82;2789.44;5691.99
0;047;3;6066021;881.14;1731.69;2914.97;4867.94;11487.63
0;047;4;1044053;517.45;2891.03;5923.07;9767.65;20536.92
0;048;1;2211549;229.2;460.34;712.59;1428.98;3481.17
0;048;2;4922261;462.82;1049.18;1817.18;2928.91;5691.16
0;048;3;4791650;343.26;1085.94;2219;4057.57;8393.46
0;048;4;549192;1082.17;3821.65;5428.11;9091.79;22606.49
0;049;1;495558;368.47;1447.72;2096.56;2799.71;4838.39
0;049;2;1225116;292.56;831.78;2228.89;3614.3;9160.17
0;049;3;784078;232.03;1761.91;3322.22;5086.36;21281.55
0;049;4;556049;214.51;1936.97;4745.58;7422.38;14652.9
0;050;1;426151;233.15;595.24;1132.08;1943.82;3685.23
0;050;2;668492;279.98;688.57;1429.2;2731.64;8113.96
0;050;3;417933;429;1463;2770.5;5172.11;12504
0;050;4;291526;335.3;3004.86;4072.64;9530.11;14865.28
0;051;1;1152095;369.31;644.25;899.36;1309.07;2267.63
0;051;2;394915;412.11;875.46;1373.43;2049.19;3827.88
0;051;3;92044;391.98;670.95;1075.24;2597.31;5742.71
0;051;4;80132;618.66;1031.11;2704.87;7473.49;32125.93
0;052;1;578573;204.76;292.96;545.38;1166.49;3028.27
0;052;2;1382571;276.23;791.8;1745.01;2669.66;6459.11
0;052;3;1908259;254.43;1108.96;2464.07;4398.87;9955.8
0;052;4;1205186;248.54;1027.02;3089.32;7107.75;16090.03
0;053;1;6192873;204.86;332.58;561.56;1044.52;2600.31
0;053;2;7007778;238.2;612.94;1242.69;2247.33;5323.32
0;053;3;5311335;295.51;881.14;1732.03;3417.06;8222.73
0;053;4;1914768;533.32;2216.98;4313.3;7744.45;23129.28
0;054;1;2811019;205.18;324.99;560.57;1057.45;2247.9
0;054;2;1748570;235.6;535.75;1034.91;1870.78;3896.56
0;054;3;259285;323.98;698.07;1367.33;2466.66;5161.08
0;054;4;60885;801.69;1209.6;3019.5;7466.85;45368.13
0;055;1;853844;198.78;422.96;950.79;1989.9;4361.69
0;055;2;1258012;229.6;943.88;2177.25;3883.5;7693.58
0;055;3;1075536;209.59;557.52;2631.4;6064.33;14986.85
0;055;4;757113;212.47;1081.11;4730.2;8123.46;18452.3
0;056;1;968134;201.14;337.81;591.22;1144.08;2954.88
0;056;2;706592;213.79;795.29;1661.53;2907.3;6735.51
0;056;3;490506;238.1;1448.1;3187;6251.62;10539.24
0;056;4;106568;263.14;1903.96;2392.58;6068.17;14300.19
0;057;1;4714323;183.59;217.08;270.28;449.58;1041.86
0;057;2;1269936;205.58;357.11;643.99;1360.76;3733.59
0;057;3;496121;233.32;646.2;1677;3528.47;10510.62
0;057;4;132135;693.26;1423.81;3435.48;6905.75;8719.16
0;058;1;6064003;201.91;233.44;295.49;469.7;1895.1
0;058;2;9332887;205.83;280.11;704.76;2237.16;6696.08
0;058;3;7000245;230.79;736.34;2753.06;5479.77;12365.42
0;058;4;2274637;332.89;3264.66;6275.08;10730.02;23890.01
0;070;1;405637;229.43;511.96;866.31;1317.41;2740.9
0;070;2;295422;274.67;675.93;1202.57;2373.64;4841.06
0;070;3;87869;499.41;917.7;2299.31;6453.17;10076.73
0;070;4;16478;16478.33;16478.33;16478.33;16478.33;16478.33
0;071;1;3425408;234.33;559.6;806.4;1059.99;2067.18
0;071;2;2621442;341.77;753.13;1039.15;1665.24;3388.7
0;071;3;130019;229.82;626.58;1179.75;3129.82;11525.36
0;071;4;24417;265;265;7630.93;16520.84;16520.84
0;072;1;1785452;208.28;292.96;416.81;632.54;1325
0;072;2;407267;210.27;398.82;647.07;1069.12;3621.12
0;072;3;90500;353.45;946.85;2022.96;3666.93;8248.91
0;072;4;29702;3007.75;3007.75;5106.81;21586.95;21586.95
0;073;1;5428567;201.14;282.47;441.97;590.98;1025.39
0;073;2;1698501;203.42;369.6;469.7;663.44;1409.27
0;073;3;343242;207.76;403.28;691.4;1804.69;5906.19
0;073;4;108159;349.22;5244.36;6676.38;8901.83;22974.66
0;080;1;325719;449.34;791.65;1275.06;1940.61;3354
0;080;2;112374;534.56;900.75;1358.7;2258.96;4515.85
0;080;3;31733;1107.09;1340.41;2330.4;3389.22;9238.52
0;081;1;367958;236.71;506.22;872.8;1555.88;3051.32
0;081;2;500191;351.12;755.58;1276.01;2065.83;4059.24
0;081;3;169310;656.63;1302.33;2512.7;3423.41;7688.69
0;081;4;6839;692.56;692.56;1911.74;4234.73;4234.73
0;082;1;1147460;206.82;369.31;792.47;1368.06;2871.85
0;082;2;2333498;306.2;927.18;1495.53;2352.11;4757.46
0;082;3;1209517;710.14;1646.84;2568.38;4048.85;7486.04
0;082;4;138957;1724.32;2628.39;5014.89;8795.24;15955.71
0;090;1;67197;203.08;410.26;537.82;818.91;2337.85
0;090;2;840348;421.36;1902.18;4239.97;6325.01;12209.97
0;090;3;343745;688.57;3575.67;5690.38;9630.14;17710.71
0;090;4;818144;2674.52;4504.96;7306.95;13116.82;33478.86
0;091;1;438655;449.78;820.72;1265.05;1938.53;4156.87
0;091;2;365071;705;1370.45;2066.39;3437.59;6844.57
0;091;3;208123;1368.06;2318.53;3961.3;6321.72;10697.15
0;091;4;400615;2014.88;3544.08;5218.65;7498.09;15615.32
0;092;1;1836426;221.37;442.3;670.2;948.78;1710.09
0;092;2;457034;236.61;637.8;1038.84;1631.04;4111.44
0;092;3;123569;511.4;785.15;1593.43;3129.69;4865.21
0;092;4;29093;241.7;765.84;5242.08;8043.75;9557.2
0;093;1;4663116;216.47;416.16;553.45;752.82;1398.99
0;093;2;884884;251.86;514.04;775.96;1368.06;2980.82
0;093;3;144596;442.3;935.05;1646.5;3305.71;9414.71
0;093;4;81255;280.24;3190.4;5105;11925.99;36048.23
0;094;1;1474788;200.97;260.47;472.98;720.97;1852.43
0;094;2;432256;224.92;503.37;835.78;1507.52;3946.41
0;094;3;174675;513.41;826.54;1789.64;3630.41;8854.16
0;094;4;111488;767.85;2323.25;5596.24;13291.16;19445.8
0;095;1;379585;349.04;554.78;797.04;1373.03;2929.66
0;095;2;110360;322.37;621.94;830.23;1440.86;3829.54
0;095;3;7633;450.22;726.96;1577.78;1761.91;3116.54
0;095;4;1953;1952.6;1952.6;1952.6;1952.6;1952.6
0;096;1;668717;280.32;530.17;730.59;1070.91;1807.14
0;096;2;258538;412.19;738.8;991.88;1633.86;3078.46
0;096;3;25556;549.68;840.73;1123.95;5183.55;6070.76
0;096;4;13854;576.26;576.26;6927.07;13277.89;13277.89
0;097;1;5376689;201.69;255.97;435.36;586.52;1001.2
0;097;2;622179;217.08;403.42;595.64;1005.9;2004.79
0;097;3;107962;403.2;663.81;1107.94;1635.36;6780.66
0;097;4;39642;1777.26;6178.2;9218.29;9487.89;12980.28
0;098;1;9530170;216.47;410.26;569.12;819.53;1594.05
0;098;2;1865765;229.43;461.58;699.46;1222.31;3062.11
0;098;3;284923;390.48;738.62;1337.67;2649.87;6633.62
0;098;4;104122;341.12;2346.81;4252.44;7441.34;16094.15
0;110;1;788246;259.87;511.9;822.91;1383.24;3715.53
0;110;2;1743540;360.5;746.51;1210.99;2234.02;7736.6
0;110;3;1837894;517.3;1181.36;2429.7;4743.9;13474.47
0;110;4;483295;997.03;2781.56;5967.63;10389.75;18491.62
0;111;1;2329741;220.83;471.3;869.22;1413.88;3126.8
0;111;2;2554837;368.56;878.93;1468.72;2378.34;4715.68
0;111;3;747504;742.88;1325.92;2090.63;3368.72;8728.59
0;111;4;58212;895.76;2510.37;8099.31;8995.46;13070.33
0;112;1;482900;205.78;362.02;617.67;950.75;1593.7
0;112;2;304014;221.44;616.67;1034.91;1554.09;2907.79
0;112;3;210318;234.01;737.13;1221.25;2139.32;6990.83
0;112;4;83804;736.34;1547.85;1637.74;4729.28;37354.8
0;113;1;5128896;212.79;427.56;649.38;959.07;1695.46
0;113;2;4201277;249.06;552.85;858.01;1349.33;2800.8
0;113;3;1072260;383.64;783.1;1322.09;2125.19;4580.95
0;113;4;150816;407.14;1238.75;2299.1;4160.34;8254.83
0;114;1;2664712;198.51;242.53;425.58;671.4;1244.58
0;114;2;1027810;223.65;460.94;831.78;1391.28;3390.93
0;114;3;566805;295.17;876.43;1726.31;3378.39;7333.28
0;114;4;123564;923.9;1490.1;2959.14;4957.98;12611.54
0;115;1;1667471;194.5;278.93;487.26;860.58;1755.58
0;115;2;1240389;188.87;239.56;352.36;688.79;2398.29
0;115;3;401673;293.26;930.09;1515.22;3474.23;6152.33
0;115;4;145741;420.68;1287.01;4133.92;7663.18;12364.44
0;120;1;948946;699.46;2176.76;2934.49;3692.68;5435.93
0;120;2;2353555;1918.1;2739.65;3378.31;4453.98;7091.81
0;120;3;1877393;2013.86;3328.95;4679.55;6846.12;11987.34
0;120;4;1955777;2022.96;3586.88;5619.64;9975.06;25893.2
0;121;1;2116671;346.63;635.62;1306.04;2497.87;4859.43
0;121;2;4684373;473.42;1161.2;2343.3;3794.6;7386.24
0;121;3;4395230;704.57;2363.13;3944.4;6984.8;13898.3
0;121;4;3303456;1432.08;3870.22;6942.32;11821.48;22062.09
0;122;1;266621;258.6;649.98;1039.21;1949.98;4431.73
0;122;2;646659;373.25;1044.74;2360.47;4167.76;9232.81
0;122;3;723003;1143.91;2801.1;4757.83;8010.31;15361.61
0;122;4;1047272;1781.04;4692.13;8052.68;14098.09;27668.59
0;130;1;45916;698.46;873.08;1682.34;2942.2;4479.55
0;130;2;293726;698.47;1640.34;3151.99;5454.9;9768.89
0;130;3;1530700;1037.43;2577.21;4027.02;6121.08;10957.31
0;130;4;5929074;1151.12;2842.35;4996.84;8200.42;16793.45
0;131;1;154251;284.56;690.73;1448.17;3497.28;5134.37
0;131;2;471533;610.71;1057.14;1804.69;3601.3;5692.59
0;131;3;833652;490.48;1120.55;2466.66;4450.43;6661
0;131;4;477390;733.41;2629.63;3772.02;5131.25;9440.48
0;132;1;41693;575.56;1097.56;1491.43;2699.58;9211.31
0;132;2;47657;316.27;681.42;1362.82;2090.63;8407.32
0;132;3;52999;369.31;1461.18;2672.52;4933.88;14143.1
0;132;4;65353;789.42;3347.16;4108.77;6622.41;25958.38
0;133;1;1891825;255.66;964.2;1763.77;2924.9;6024.86
0;133;2;1448491;217.85;664.85;1572.04;2876.71;6513.13
0;133;3;3598827;277.39;1433.66;2557.54;4218.95;8144.74
0;133;4;1769604;230.47;1612.16;3229.05;5813.9;15974.58
0;134;1;1397203;342.34;1221.63;1847.08;2665.87;4191.24
0;134;2;5319365;803.46;1734.4;2480.99;3445.66;6042.25
0;134;3;5092833;409.86;2006.33;3157.08;4615.48;8975.52
0;134;4;2076385;253.87;2332.51;3994.76;6470.65;14063.93
0;135;1;622876;206.82;368.96;684.56;1381.46;2948.4
0;135;2;1312904;352.46;934.18;1629.75;2772.06;5958.99
0;135;3;1202958;893.45;1902.88;3171.84;5205.51;11396.17
0;135;4;361226;457.01;2608.71;4861.09;6753.29;15583.36
0;136;1;1667562;242.24;533.32;831.78;1579.87;4659.64
0;136;2;10291410;279.8;673.4;1246.99;2605.63;7091.67
0;136;3;10854710;393.85;1081.11;2363.85;4371.06;10157.04
0;136;4;2033000;258.6;1977.32;3915.48;6525.81;14936.92
0;137;1;1559125;374.36;951.51;1556.14;2738.62;6198.47
0;137;2;6160069;635.03;1696.21;2724.79;4225.59;8201.84
0;137;3;8686143;782.16;2258.94;3607.2;5661.44;11298.99
0;137;4;8078303;648.64;2825.69;4870.33;7788.38;15143.84
0;138;1;306490;484.92;836.99;1224.57;1523.73;3031.76
0;138;2;160421;434.88;970.42;1307.73;2103.52;5352.74
0;138;3;87457;776.8;1057.07;1700.8;2365.53;4044.13
0;138;4;63997;434.36;1014.48;1426.2;5782.76;11480.06
0;139;1;12058959;463.76;869.34;1231.66;1729.31;2989.2
0;139;2;22325441;629.36;1392.32;2123.16;3155.8;5992.86
0;139;3;22516504;722.7;1860.54;2916.07;4491.68;8991.8
0;139;4;10674619;398.8;1918.67;3589.31;6159.36;12520.51
0;140;1;9499923;262.97;1024.29;1682.12;2459.79;4486.83
0;140;2;23830257;501.5;1447.9;2223.24;3265.13;6416.57
0;140;3;24333236;656.63;1830.79;2813.43;4347.46;9035.25
0;140;4;11216627;846.2;2431.47;3900.25;6516.43;14166.86
0;141;1;7635730;251.86;621.12;991.2;1478.96;2542.26
0;141;2;5769385;416.36;928.51;1481.35;2215.86;3983.8
0;141;3;2939574;463.32;1091.11;1727.72;2817.36;5716.45
0;141;4;663608;533.36;1576.45;2695.17;4301.15;13230.59
0;142;1;355721;249.28;554.79;1129.48;1967.23;3640.68
0;142;2;1208009;349.88;862.72;1776.3;2965.87;5436.55
0;142;3;1127158;466.68;1396.92;2603.84;3867.29;8465.71
0;142;4;480078;683.59;2017.47;3349.74;6076.46;11230.42
0;143;1;1120346;255.28;755.58;1176.59;1670.08;3237.78
0;143;2;2553618;362.76;919.29;1572.24;2579.59;5568.19
0;143;3;2095122;648.42;1644.58;2896.49;4554.22;8782.89
0;143;4;649387;345.51;1711.3;3496.12;6212.9;12034.87
0;144;1;9104860;205.58;281.61;586.52;1098.61;2422.98
0;144;2;14349220;241.35;691.63;1386.89;2360.74;5066.73
0;144;3;11753431;353.44;1361.19;2467.03;4066.07;8685.29
0;144;4;3467789;287.78;1938.53;3611.41;6530.27;15263.17
0;160;1;19675;704.76;2145.48;3447.3;4904.82;5025.18
0;160;2;42636;1107.04;2686.77;3133.08;5406.58;6654.25
0;160;3;117442;1761.91;3985.14;4810.29;6451.19;30449.03
0;160;4;425616;2239.51;3266.1;4877.76;7965.81;17890.05
0;161;1;204240;723.96;853.67;1388.4;2266.73;3841.36
0;161;2;401654;599.72;1078.32;1556.12;3067.42;7826.19
0;161;3;667977;761.6;1738.43;3637.36;6852.27;10424.61
0;161;4;442330;492.86;3509.03;6266.11;11104.47;17628.36
0;162;1;86483;352.38;2832.9;3715.83;5126.56;6578.21
0;162;2;394341;2358.96;3258.39;4155.38;5264.07;9776.13
0;162;3;2051981;2422.41;3621.58;5223.81;8063.87;13523.66
0;162;4;3198003;2425.9;5646.36;8740.51;13840.66;25077.64
0;163;1;611046;1772.94;2399.33;2989.39;3766.59;5579.19
0;163;2;1632677;1994.25;2646.65;3358.31;4158.9;6358.04
0;163;3;4604423;2224.2;3067.29;4047.63;5331.82;8767.3
0;163;4;5369171;2364.63;4111.41;5992.12;8961.2;19138.57
0;164;2;3153;3152.91;3152.91;3152.91;3152.91;3152.91
0;164;3;5576;5576.12;5576.12;5576.12;5576.12;5576.12
0;165;1;112635;258.23;2216.28;3091.51;4588.81;5542.5
0;165;2;2791931;2133.62;3132.4;3953.66;5122.03;7682.27
0;165;3;6827034;2083.5;3078.24;4209.07;5877.25;10105.5
0;165;4;4143597;2084.54;4169.07;6003.76;8747.23;16532.87
0;166;1;931601;1744.96;2224.8;2680.97;3420.18;4172.35
0;166;2;8011016;1937.92;2399.94;2995.84;3743.01;5406.58
0;166;3;6984754;2026.68;2846.39;3532.32;4516.17;7214.3
0;166;4;3510611;1937.93;3417.96;4733.37;7347.86;14797.8
0;167;1;314899;369.31;671.7;748.1;1247.67;4839.07
0;167;2;333934;503.72;731.41;1343.39;3466.3;5179.29
0;167;3;530681;704.76;1956.23;3697.53;5164.79;8322.4
0;167;4;494916;2214.06;4032.69;6641.51;10397.27;18145.06
0;168;1;1519233;656.31;1461.18;2210.51;3117.66;4927.09
0;168;2;3528112;946.09;2074.9;2891.53;3945;7146.62
0;168;3;3161917;351.11;2420.68;3802.88;5760.25;13669.33
0;168;4;3434795;601.56;3049.87;4834.55;8222.86;19033.91
0;169;1;391263;722.71;1538.12;2340.11;3241.07;4574.79
0;169;2;1022864;1029.36;2289.72;3031.77;3948.35;6606.21
0;169;3;922090;251.86;2645.12;3630.22;5435.58;9368.23
0;169;4;1212311;574.12;2989.4;4875.81;8045.52;18115.18
0;170;1;67578;1119.9;1681.2;2429.42;4029.7;5147.45
0;170;2;404824;1067.21;2234.96;3149.13;4411.57;6964.82
0;170;3;403098;1398.99;2941.69;3722.17;5587.63;8959.71
0;170;4;293528;2384.94;4484.39;6538.62;10413.43;20012.26
0;171;1;2056482;405.6;747.84;1034.9;1579.87;3187.12
0;171;2;4375871;533.32;918.09;1448.69;2496.53;5122.08
0;171;3;3092330;757.07;1590.86;2619.85;4457.55;8504.48
0;171;4;958980;1194.65;2895.08;4791.77;8648.51;19509.66
0;172;1;628567;1531.69;2872.39;5122.4;9020.57;18247.31
0;172;2;2531696;1447.9;4013.77;7241.07;13377.87;29661.8
0;172;3;4045203;2437.79;5785.77;10133.04;17616.56;35809.52
0;172;4;2043381;1836.8;5784.82;11263.92;18436.51;32544.62
0;173;1;8565893;296.21;520.28;917.38;1866.61;3992.53
0;173;2;11519976;394.94;796.33;1772.04;3088.86;6541.79
0;173;3;9745850;592.41;1994.89;3740.34;6514.55;14325.46
0;173;4;4064369;735.04;3560.93;6104.12;10607.89;21919.02
0;174;1;1500876;259.89;649.98;1319.66;2083.5;3167.2
0;174;2;2547713;347.43;1053.35;1939.52;2717.41;4169.08
0;174;3;1112152;649.98;1684.31;2600.3;3803.92;6570.27
0;174;4;915815;285.65;1594.05;3266.54;6008.99;13670.93
0;175;1;7241310;255.28;494.4;632.54;895.98;1928.41
0;175;2;6875733;293.26;560.5;738.63;1212.2;2954.49
0;175;3;2967805;259.89;746.51;1532.28;3008.04;6721.53
0;175;4;1302979;369.31;1997.22;4036.55;7201.28;15321.57
0;176;1;793170;267.46;428.38;637.77;948.04;2161.56
0;176;2;986336;273.18;478.63;850.13;1560.82;4104.23
0;176;3;597308;460.48;1031.1;1932.78;3356.68;7329.02
0;176;4;174182;883.61;2710.32;4793.65;8173.64;24611.54
0;177;1;380456;255.28;423.75;559.94;879.77;2170.63
0;177;2;391923;330.8;504.86;832.17;1413.82;3768.74
0;177;3;380804;412.44;859.39;2357.84;3748.97;9795.39
0;177;4;70709;779.68;2628.39;5343.18;8210.58;12410.49
0;178;1;314171;414.13;869.01;1765.01;3259.51;7060.6
0;178;2;1038928;469.71;1364.83;2689.45;4907.25;10355.18
0;178;3;1191902;827.27;2944.73;5593.82;9725.2;22226.92
0;178;4;283321;2065.84;5498.28;9946.26;21776.87;26789.58
0;179;1;7824056;208.85;393.16;482.5;678.18;1053.25
0;179;2;704771;282.7;469.7;710.13;1173.03;4052.87
0;179;3;109546;368.16;995.92;2316.65;5215.51;7704.63
0;179;4;28880;442.3;2762.23;4946.1;9211.35;11518.27
0;180;1;912734;363.73;996.67;1782.21;3194.35;8493.69
0;180;2;1361671;322.7;1034.09;2411.39;4859.65;13982.61
0;180;3;1471387;266.66;2376.8;5414.07;9595.81;20596.73
0;180;4;905228;342.02;3509.38;8232.54;14508.86;31618.44
0;190;1;3502797;218.87;678.3;1339.29;2036.93;3327.35
0;190;2;10365248;238.94;976.31;1754.69;2602.58;4435.31
0;190;3;6038554;222.18;1373.39;2410.54;3757.51;7783.04
0;190;4;4274742;205.78;447.1;2077.99;4533.2;11527.01
0;191;1;2437722;251.86;449.57;588.92;803.62;2125.32
0;191;2;2889450;295.49;554.78;791.49;1709.05;4035.8
0;191;3;4805340;406.84;1010.59;2314.17;3826.19;7324.51
0;191;4;1351448;403.42;1804.04;3865.15;6741.3;13656.49
0;192;1;8385056;250.67;416.56;543.68;678.18;1606.65
0;192;2;7953146;262.74;477.88;671.7;1057.14;2831.99
0;192;3;1759728;376.87;665.78;1305.61;2651.38;5700.1
0;192;4;201332;383.94;998.68;2248.3;4121.88;8890.06
0;193;1;33172;888.85;1138.22;3686.99;5681.12;6770.91
0;193;2;462655;836;3257.77;7612.02;10818.32;15511.29
0;193;3;571705;416.31;3007.82;7058.65;10404.79;17277.21
0;193;4;534498;1293.64;4564.28;8551.35;13329.67;20021.41
0;194;1;3908986;346.28;977.69;1695.69;2606.03;5285.71
0;194;2;20714393;582.6;1434.01;2254.11;3486.82;7147.79
0;194;3;22772001;650.08;1904.81;3059.8;4820.66;9871.13
0;194;4;6436392;369.31;2195.92;3863.14;6687.37;13431.48
0;195;1;984333;405.6;1009.43;1573.03;2291.08;4090.14
0;195;2;1337937;686.34;1494.03;2336.2;3432.88;6835.42
0;195;3;1334967;829.25;1770.7;2656.08;3972.09;7126.51
0;195;4;276508;1276.01;2847.91;4327.11;6718.36;9449.28
0;196;1;111728;179.92;214.85;258.23;303.09;1375.54
0;196;2;179594;187.83;213.78;251.86;341.8;1843.74
0;196;3;473313;187.01;221.41;288.13;1008.88;4993.07
0;196;4;775248;205.13;397.37;1327.35;2907.73;8661.2
0;197;1;3530590;207.46;403.82;577.3;1248.93;3253.59
0;197;2;6984649;215.14;464.12;1002.59;2120.39;5732.07
0;197;3;4574110;238.1;634.44;1708.54;3368.63;7915.73
0;197;4;1026076;278.04;1540.17;3495.44;6256.31;13610.15
0;198;1;1949778;201.91;383.44;625.28;1236.99;2818.55
0;198;2;3620752;213.83;554.78;1122.58;1942.57;4172.57
0;198;3;1969099;391.96;1112.3;2030.44;3387.26;8071.62
0;198;4;488769;242.24;1309.25;3277.69;5325.99;13592
0;199;1;1534939;224.47;507.31;945.62;1586.22;3255.01
0;199;2;3495459;364.6;855.94;1442.91;2423.97;4860.63
0;199;3;1382301;459.2;1175.25;1966.44;3137.59;6785.19
0;199;4;167738;1265.06;2076.64;2849.71;7989.31;21841.58
0;200;1;367917;204.14;411.56;692.46;1472.69;3262.08
0;200;2;1493061;261.03;706.75;1398.99;2496.53;5560.99
0;200;3;1349848;413.58;1136.22;2263.62;3900.46;9143.95
0;200;4;402978;460.94;1396.93;3403.42;7466.56;14945.19
0;201;1;5149778;205.56;339.09;526.67;1008.14;2296.42
0;201;2;12044623;229.82;579.48;1189.52;2017.85;4181.27
0;201;3;8271455;295.02;1127.56;2089.15;3335.04;7422.55
0;201;4;2271999;251.22;1719.32;3238.68;5598.97;11739
0;202;1;2986267;193.18;363.32;628.7;1151.12;2305.63
0;202;2;4700330;213.19;607.15;1106.38;1855.51;3526.04
0;202;3;2147254;362.66;1029.13;1849.08;2939.4;6024.55
0;202;4;385006;255.28;1351.53;3129.36;5451.56;10946.51
0;203;1;1975459;201.64;271.74;472.99;879.77;2019.49
0;203;2;2182398;220.95;466.19;870.7;1580.08;3144.53
0;203;3;560049;332.89;937.34;1732.28;2823.96;6154.56
0;203;4;68504;257.34;935.92;3120.33;5580.97;9795.16
0;204;1;2798152;199.11;267.87;504.06;988.51;2238.38
0;204;2;5337263;224.62;616.44;1183.56;2035.11;4657.09
0;204;3;2651003;403.42;1201.54;2046.17;3631.12;8988.2
0;204;4;398440;590.68;1573.83;3373.99;6870.73;13087.33
0;205;1;258865;216.46;431.28;1051.25;1878.54;5038.58
0;205;2;869672;234.68;812.69;1561.82;2520.59;5423.01
0;205;3;964132;463.32;1302.32;2243.53;3874.56;8124.87
0;205;4;297097;287.65;1694.84;2923.56;5196.67;16077.98
0;206;1;217574;216.88;415.89;742.5;1504.09;3632.56
0;206;2;637893;244.47;583.26;1059.99;2096.21;5067.64
0;206;3;694596;268.56;791.76;1799.65;3364.16;7403.98
0;206;4;630430;498.12;2228.47;4010.41;7302.69;18383.74
0;207;1;3153188;209;455.66;895.49;1606.67;3466.29
0;207;2;3637077;266.53;854.2;1567.36;2581.34;5719.52
0;207;3;2272325;234.68;1159.95;2368.92;3888.61;8250.55
0;207;4;1066231;233.02;1084.14;2906.9;5501.74;12342.12
0;220;1;3556769;480.62;747.18;1055.66;1480.3;3091.53
0;220;2;3185174;563.22;1693.95;2747.93;4216.68;7755.54
0;220;3;6043417;1471.14;2961.26;4421.38;6669;13481.28
0;220;4;4979188;1024.3;3599.11;6373.69;10541.94;21379.41
0;221;1;7243288;1183.94;2066.92;2712.74;3558.06;5715.64
0;221;2;18627625;1636.91;2552;3464.81;4843.64;8791.59
0;221;3;20176739;1980.23;3078.25;4298.96;6478.5;12719.66
0;221;4;12621922;1169.93;3932.81;6334.15;10208.05;19860.28
0;222;1;570757;446.8;829.25;1267.46;1811.08;3133.05
0;222;2;438933;497.48;1254.91;1731.54;3018;6155.22
0;222;3;244457;689.06;1948.6;3521.81;5485.43;10589.92
0;222;4;305397;833.12;3668.51;5880.75;10545.38;27667.68
0;223;1;1327630;529.13;1205.25;1870.24;2601.4;4383.65
0;223;2;1421913;752.24;1716.02;2491.7;3883.1;7486.04
0;223;3;987860;788.23;2211.21;3530.2;5296.6;9574.83
0;223;4;501495;2011.09;2905.19;5517.73;10688.48;18278.51
0;224;1;1529145;399.9;663.44;1106.84;1992.47;4152.61
0;224;2;1083850;544.15;1160.26;2113.68;3410.5;6178.66
0;224;3;983054;1074.24;2215.86;3383.76;5347.87;10301.78
0;224;4;540874;1124.45;2954.65;5280.95;8637.1;16606.07
0;225;1;7900674;405.6;596.47;757.07;1018.85;1683.69
0;225;2;5040486;472.24;780.47;1131.94;1741.4;3188.12
0;225;3;901714;615.24;1023.86;1577.35;2494.91;5112.8
0;225;4;239984;1199.7;2515.7;4597.25;6197.52;9500.5
0;226;1;7054270;212.04;420.68;614.57;899.14;1815.9
0;226;2;1841852;251.81;598.71;1057.14;2052.81;4837.8
0;226;3;799983;535.74;1096.39;2485.78;5468.73;11391.8
0;226;4;336716;1594.07;3729.36;5722.16;9792.46;18981.52
0;227;1;6764100;262.96;520.94;822.31;1309.32;2485.25
0;227;2;3401329;432.94;901.24;1397.41;2153.94;4295.91
0;227;3;938124;708.88;1454.32;2325.24;3695.98;7646.23
0;227;4;331643;969.98;1943.96;4193.98;6823.37;17263.28
0;228;1;12378131;258.23;477.94;665.22;899.6;1515.8
0;228;2;3734835;418.2;664.25;959.84;1410.61;2906.89
0;228;3;974424;553;965;1625.19;2816.16;7223.47
0;228;4;292631;374.02;1841.98;3441.97;7017.18;13623.63
0;229;1;1589096;246.33;540.73;1107.93;2022.07;4371.8
0;229;2;2000498;449.78;1257.4;2243.53;3503.72;7259.14
0;229;3;1979971;388.84;2171.24;3531.97;5854.54;12676.11
0;229;4;1976935;258.23;1762.97;5084.98;9317.63;20953.28
0;240;1;1791917;219.61;470.2;803.62;1406.05;3342.45
0;240;2;6601570;270.28;704.91;1302.19;2466.66;6604.5
0;240;3;7097823;446.8;1107.94;2353.88;4545.45;10774.55
0;240;4;1969276;446.8;2023.11;4346.06;8211.56;16570.28
0;241;1;3344165;213.79;449.58;802.92;1329.7;2666.98
0;241;2;7513962;351.11;788.89;1377.16;2200.75;4454.77
0;241;3;5270863;645.44;1428.61;2255.62;3550.82;7798.03
0;241;4;2096841;500.57;1841.94;3246.31;6207.6;11395.54
0;242;1;154994;203.17;351.12;561.54;988.05;1694.84
0;242;2;495533;229.53;609;1172.04;2125.28;3992.97
0;242;3;546324;369.31;1127.66;1976.1;3113.59;5824.44
0;242;4;310358;374.08;1881.38;3214.4;7499.97;13779.5
0;243;1;3758084;204.85;323.97;533.32;975.12;2219.14
0;243;2;5896311;244.47;591.02;1090.87;1922.67;4113.67
0;243;3;2812337;469.7;1122.14;2009.67;3417.71;6931.1
0;243;4;1330068;601.64;1810.27;3513.94;6486.97;12213.92
0;244;1;3838504;219.78;565.4;1112.15;1774.89;3071.85
0;244;2;4471169;267.46;878.13;1527.55;2364.26;4270.51
0;244;3;2137275;634.39;1455.7;2227.15;3271.6;6688.18
0;244;4;1010615;1137.08;1952.61;2978.24;5349.14;10648.67
0;245;1;1858375;214.85;519.78;1116.15;2004.79;4111.44
0;245;2;2146770;337.16;959.85;1697.08;2653.95;5587.78
0;245;3;1170420;503.02;1483.12;2674.52;4502.51;9487.89
0;245;4;1050783;1278.24;2339.35;3438.12;5434.33;10933.1
0;246;1;379590;209.59;580.14;1207.24;2025.56;3745.63
0;246;2;901740;279.5;1072.51;1880.02;2997.65;5871.87
0;246;3;736793;211.87;1060.39;2485.38;4425.28;9665.97
0;246;4;510423;237.56;709.83;2946.53;4916.63;10792.69
0;247;1;2617116;209.1;436.44;765.84;1386.96;2816.16
0;247;2;5066490;361.97;861.28;1470.1;2486.05;5252.18
0;247;3;3507014;470;1503.25;2584.36;4158.91;9254.63
0;247;4;2129468;487.16;1880.99;3267.21;5813.79;14118.21
0;248;1;284875;323.34;1037.31;1632.13;2428.37;3766.6
0;248;2;361610;352.45;1008.8;1744.97;2954.49;7193.73
0;248;3;327265;225.31;1377.14;2690.54;4275.72;7574.31
0;248;4;356002;544;1955.48;3533.77;5272.22;13567.3
0;249;1;13374626;207.86;411.64;644.54;968.96;1756.08
0;249;2;9206347;251.73;598.22;939.15;1518.18;3341.32
0;249;3;3723415;369.61;784.83;1259.3;2236.5;5540.91
0;249;4;1374276;383.94;755.1;1166.47;2580.39;6968.94
0;250;1;12989821;205.08;362.67;624.69;1066.64;2400.62
0;250;2;13447460;235.97;602.39;1080.12;1983.14;4431.74
0;250;3;7061154;374.02;1066.73;2005.92;3458.12;7953.67
0;250;4;4076310;359.4;1068.92;2431.47;4623.61;11537.36
0;260;1;769798;471.3;1489.89;2738.72;3917.97;6521.43
0;260;2;1910777;797.02;2079.45;3345.45;4847.95;8406.98
0;260;3;2327930;1349.12;3313.98;4964.82;7437.48;16617.55
0;260;4;3219843;2381.06;4428.17;6962.16;11644.63;24273.75
0;261;1;480729;416.31;1053.25;2096.24;3492.32;7258.47
0;261;2;1093360;508.86;1451.95;2719.38;4146.96;8086.2
0;261;3;947954;1037.43;2490.59;3772.09;6056.03;10972.37
0;261;4;985489;1940.1;3775.82;5851.03;8601.14;18398.45
0;262;1;933700;597.32;1004.56;1477.57;2281.82;3745.54
0;262;2;1399382;942.37;1609.12;2346.07;3387.91;5839
0;262;3;823962;1347.1;2097.68;3076.9;5057.07;10487.86
0;262;4;1037139;1860.2;3048.92;4881.51;8368.79;16301.48
0;263;1;9504636;443.12;653.4;846.21;1118.25;2034.56
0;263;2;6443728;540.88;819.04;1126.47;1794.06;3764.53
0;263;3;2287030;731.63;1348.64;2256.45;3574.42;7760.69
0;263;4;1019039;1300.15;2670.58;4495.94;8798.08;18458
0;264;1;625339;258.23;606.2;1210.26;2425.19;5073.54
0;264;2;920407;251.47;831.78;1817.19;3371.6;6756.84
0;264;3;981873;705.49;1862.06;3242.11;5149.54;9874.89
0;264;4;1280329;765.5;2677.19;5207.05;8958.51;17023.82
0;280;1;786802;229.82;516.81;1138.22;2060.99;4723.04
0;280;2;3914563;347.43;977.89;1949.18;3214.39;7527.54
0;280;3;5858291;545.92;1571.97;2838.7;4628.96;9807.18
0;280;4;2915890;418.2;2142.91;3906.55;6935.96;15532.39
0;281;1;1013422;237.56;510.56;946.46;1924.03;5103.84
0;281;2;4895626;328.32;783.58;1494.35;3020.7;7132.07
0;281;3;4559886;459.04;1261.71;2490.59;4505.95;9735.22
0;281;4;1408262;665.83;2625.88;4252;7449.29;13992.48
0;282;1;2570648;322.16;759.06;1302.31;2045.07;4064.64
0;282;2;4318673;439.47;1066.13;1762.27;2756.97;5154.05
0;282;3;2310200;530.17;1710.56;2690.43;4117.3;7505.92
0;282;4;2573457;611.31;2223.15;3824.47;6447.95;13600.59
0;283;1;1540347;216.43;362.4;540.6;1154.59;3225.59
0;283;2;3339571;272.79;684.58;1473.29;2611.31;6109.53
0;283;3;2773660;398.52;1187.69;2428.67;4431.43;9192.42
0;283;4;1535558;373.25;1838.83;3993.14;6523.57;13550.91
0;284;1;2730990;219.53;469.56;852.75;1575.27;2925.49
0;284;2;6016165;366.98;899.16;1620.18;2568.87;4945.78
0;284;3;3817623;576.26;1607.49;2585.18;3997.51;7885
0;284;4;1948252;832.62;2440.9;3762.27;6317.32;12508.87
0;300;1;256070;1572.66;4091.67;6961.02;8950.91;24218.43
0;300;2;540258;2241.53;3593.86;6286.8;10660.32;28257.42
0;300;3;1025525;2504.7;4688.31;7696.45;13964.46;28103.68
0;300;4;100114;8479.37;8564.83;18158.9;20277.4;26474.75
0;301;1;4217433;1634.51;2811.11;3787.41;4956.01;8416.96
0;301;2;10113146;1847.8;3051.32;4086.08;5762.98;11368.62
0;301;3;14148366;1961.3;3473.29;5282.39;8545.79;17025.94
0;301;4;3228998;694.97;3920.12;7507.25;12079.49;24927.68
0;302;1;46851768;1478.96;2298.41;3013.54;3968.8;6152.32
0;302;2;33469030;1825.66;2694.8;3554.82;4773.1;8841.47
0;302;3;11949403;2185.83;3416.45;4650.08;7297.81;15173.86
0;302;4;2258370;2432.51;5105.62;8229.35;13765.01;27009.68
0;303;1;369811;1410.01;2585.18;3152.24;4061.22;6654.25
0;303;2;228512;1846.56;2830.74;3941.64;5272.49;8733.7
0;303;3;154269;1742.39;3171.42;4383.64;7643.72;10671.6
0;303;4;53084;3347.16;4218.25;6376.25;9718.06;15722.61
0;304;1;7728533;967.97;1566.19;1970.69;2662.54;4778
0;304;2;2705997;1302.32;1836.79;2470.24;3830.27;7655.6
0;304;3;1548301;1676.75;2932.58;3955.19;6352.92;16109.16
0;304;4;502614;1230.79;4601.3;7589.31;18543.18;57184.87
0;305;1;190956;541;1948.14;3250.38;10832.28;27951.9
0;305;2;491311;1183.07;2977.69;5285.71;11282.25;28872.1
0;305;3;642629;3017.47;6142.28;11684.68;19284.14;36784.23
0;305;4;405995;3863.68;9688.03;15291.07;24651.54;33156.46
0;306;1;1798150;443.52;1170.71;2035.3;3227.08;6753.56
0;306;2;1013776;999.75;1990.84;2904.22;4743.09;10624.17
0;306;3;325605;1244.48;3256.04;5213.47;10476.44;14643.56
0;306;4;137590;3513.74;6844.63;9605.72;14728.57;39463.77
0;307;1;212973;277.22;618.5;886.02;1603.37;2991.73
0;307;2;134930;210.27;1257.4;2300.79;3740.47;6692.46
0;307;3;98905;1992.56;3284.12;9165.82;12957.28;21619.5
0;307;4;45557;410.26;3385.36;3741.37;7901.92;30117.61
0;308;1;13060298;1092.91;2409.69;3533.29;4989.2;10068.2
0;308;2;18891052;1389.94;2933.67;4346.43;6880.96;14592.6
0;308;3;16043771;1681.32;3661.86;6293.81;10692.65;19936.45
0;308;4;4588427;1241.36;4210.69;7736.62;12734.59;22672.29
0;309;1;1860164;373.25;748.1;1410.47;2520.33;5619.84
0;309;2;2803863;809.54;2020.04;3662.5;6372.93;16752.5
0;309;3;2485377;2093.65;4181.84;6961.2;12876.78;25326.56
0;309;4;384013;2955.14;5711.9;10278.48;13148.41;25245.64
0;310;1;20410386;520.94;1021.12;1442.35;2081.06;3710.07
0;310;2;10218037;580.22;1221.99;1881.88;2952.11;6295.11
0;310;3;3172770;1135.97;2275.27;3766.66;6598.36;16378.42
0;310;4;888053;1488.68;5636.51;8455.4;14607.87;25604.69
0;311;1;65052;181.71;235;487.26;953.4;2852.16
0;311;2;24221;196.73;620.38;1638.86;2466.67;5972.04
0;311;3;20713;3321.13;3321.13;10356.48;17391.84;17391.84
0;312;1;920637;217.8;484.48;1142.59;2954.49;8650.9
0;312;2;1542778;418.8;1576.31;3823.12;8124.85;16478.32
0;312;3;1552598;1119.98;5463.28;8605.93;13468.65;27054.39
0;312;4;571082;4458.93;8904.82;12433.14;23683.41;46400.92
0;313;1;21937313;221.37;427.58;611.3;1034.06;2537.73
0;313;2;9733548;354.44;646.66;1462.82;3041.55;8779.45
0;313;3;3596866;516.69;1969.71;4067.11;7789.8;18332.14
0;313;4;631195;1664.35;4109.12;8896.16;14993.38;32007.18
0;314;1;8252992;320.98;525.48;803.61;1137.59;2079.46
0;314;2;2360252;388.7;695.63;1031.11;1791.65;5161.89
0;314;3;1067201;530.78;1457.21;3171.43;6919.5;15176.49
0;314;4;247650;205.13;3988.51;6332.59;25354.33;43276.79
0;315;1;12955759;206.22;402.28;559.94;877.15;1917.36
0;315;2;9730568;215.32;521.02;1057.76;2052.1;6313.78
0;315;3;2420975;561.54;1768.96;3622.18;7266.18;16214.34
0;315;4;675869;1015.47;3780.42;7273.03;12085.12;21089.11
0;316;1;3569092;195.53;267.87;442.24;673.85;1367.08
0;316;2;847501;216.88;423.1;670.95;1353.2;5480.98
0;316;3;270133;255.95;1124.15;2580.57;6378.17;19109.72
0;316;4;44685;368.18;1236.99;5645.65;12123.94;15058.81
0;317;1;5602372;212.6;412.02;549.34;867.52;2037.69
0;317;2;1568217;332.14;649.3;1160.43;2600.31;7803.78
0;317;3;545829;464.64;1307.86;2933.25;6338.49;14914.44
0;317;4;310945;1829.9;3622.86;7344.34;14858.35;40743.26
0;318;1;3766834;217.25;404.32;514.68;814.41;1778.81
0;318;2;1457128;248.54;522.26;971.37;2074.12;8329.42
0;318;3;382102;476.93;1230.79;2879.53;6834.12;13303.86
0;318;4;135950;165.74;2874.57;5318.58;10633.44;23840.4
0;319;1;2904181;210.26;404.76;514.02;806.4;1955.73
0;319;2;1091420;251.22;509.95;983.14;2362.01;7451.08
0;319;3;406651;459.2;1704.32;4482.91;6996.42;16016.55
0;319;4;137262;1565.55;9244.47;11908.55;17078.73;24252.8
0;320;1;5070857;207.98;402.28;559.94;1039.89;3426.13
0;320;2;2774558;409.7;1017.87;2164.74;3891.59;9423.5
0;320;3;1167123;806.74;2741.52;5138.21;9333.06;17996.47
0;320;4;529418;2964.69;6313.92;9551.99;16767.92;28006.87
0;340;1;1405706;217.8;730.06;1659.2;3641.72;9275.73
0;340;2;1934862;263.36;1298.76;3234.51;6419.03;12413.8
0;340;3;916951;295.91;1498.86;3733.48;7706.59;15184.55
0;340;4;337075;258.23;1202.29;3185.22;8325.95;14882.81
0;341;1;2866202;252.36;832.18;1716.02;3539.55;7577.79
0;341;2;4788403;473.42;1628.81;3267.36;5945.38;10939.39
0;341;3;4005417;1170.06;3076.16;5436.56;8734.58;16952.31
0;341;4;693198;903.12;4326.09;8298.06;11399.38;18547.47
0;342;1;5954316;187.36;222.51;303.1;653.03;2637.39
0;342;2;5616803;217.67;651.92;1711.31;3865.01;10200.77
0;342;3;3101114;447.8;2126.93;4450.43;8217.3;15172.12
0;342;4;570007;1211.91;3735.02;6547.21;10211.4;22138.62
0;343;1;3310004;375.66;834.23;1716.41;3002.38;6738.48
0;343;2;9126560;470;1419.39;2720.09;4523.28;9789.81
0;343;3;9134779;748.09;2337.29;4181.07;6978.54;13698.99
0;343;4;1816189;1572.37;3583.04;6053.12;9879.89;20196.3
0;344;1;345360;266.66;870.7;1507.55;3262.08;8919.19
0;344;2;806891;592.42;1721.17;2815.45;4712.25;10142.12
0;344;3;476794;1010.59;3082.24;4881.36;8652.03;15907.33
0;344;4;180512;4018.56;6376.63;7471.92;15514.41;24151.5
0;345;1;287564;465.04;1008.92;1631.67;2771.25;7965.11
0;345;2;483701;427.56;1107.04;2079.55;3825.39;9232.79
0;345;3;329574;1067.3;2496.29;3853.6;7745.02;12115.06
0;345;4;121820;2097.55;3672.39;7105.52;12850.87;20273.32
0;346;1;3298802;352.38;780.47;1403.65;2515.12;5549.05
0;346;2;2849708;360.05;810.84;1698.26;3310.86;7595.66
0;346;3;1598761;640.83;1550.02;2950.79;5189.15;11391.22
0;346;4;542347;665.79;1729.11;4897.11;9083.54;20128.57
0;347;1;18990540;223.87;438.12;753.12;1511.16;3609.38
0;347;2;12033846;351.12;810.84;1694.99;3116.73;7273.2
0;347;3;4682963;767.04;2233.07;3814.96;6410.6;13701.49
0;347;4;909098;1312.56;3547.1;5352.5;9170.49;18146.84
0;348;1;3523835;233.01;533.32;889.77;1839.37;4022.1
0;348;2;6418355;404.31;997.91;2005.21;3541.45;7987.08
0;348;3;3107634;618.5;2016;3582.16;6126.09;12085.31
0;348;4;599733;1683.09;4493.54;6590.36;10028.13;20140.05
0;349;1;1250849;208.35;429.5;755.32;1558.96;4035.81
0;349;2;1737684;241.35;672.4;1493.68;3504.4;8299.91
0;349;3;851615;472.53;1964.31;4728.6;8403.93;14035.98
0;349;4;136094;1440.16;3268.96;7044.89;8020.65;11560.67
0;350;1;2265479;207.07;410.26;803.87;1512.97;3550.93
0;350;2;2484653;273.18;980.69;1755.27;3214.47;7532.36
0;350;3;1077399;674.66;1608.23;3136.3;5674.28;13535.41
0;350;4;90488;267.28;3226.49;4263.9;6053.36;15756.96
0;351;1;2856130;217.25;418.14;708.39;1348.64;3593.16
0;351;2;2442214;274.1;764.69;1464.9;2812.46;7129.52
0;351;3;1311273;438.12;1620.73;3394.91;5664.74;13670.83
0;351;4;361220;864.86;2766.49;5220.86;10224.97;21686.85
0;360;1;724583;229.82;673.7;1439.29;3062.11;7271.93
0;360;2;3124526;441.1;2111.03;4420.65;8581.99;17361.68
0;360;3;2826004;1729.19;5526.71;9476.35;14480.79;27178.29
0;360;4;1189924;1784.16;6352.94;11440.48;19380.94;34783.39
0;361;1;3397016;205.13;413.58;672.58;1386.52;3497.28
0;361;2;1846500;384.8;786.78;1764.3;3498.64;9126.07
0;361;3;903240;420.48;2077.1;4738.86;9384.26;18880.84
0;361;4;548433;2492.36;6357.58;10278.4;18572.93;29642.98
0;362;1;6799203;624.84;1255.21;1767.23;2346.07;3599.7
0;362;2;5171806;1060.34;1679.53;2194.9;2986.32;4935.08
0;362;3;655090;1151.21;2343.17;3653.7;5489.65;13033.56
0;362;4;126968;2536.7;3711.18;8284.73;11800.6;16108.53
0;363;1;7054564;231.66;439.46;641.79;971.92;2014.19
0;363;2;5789956;402.08;841.35;1385.63;2015.08;3115.77
0;363;3;331318;646.66;1272.28;2128.83;3683.07;9550.25
0;363;4;65320;1555.98;4772.91;5685.59;7153.41;19846.36
0;364;1;5524284;209.4;407.54;614.57;1053.25;2200.85
0;364;2;2639034;282.7;645.42;1190.78;2374.79;7220.4
0;364;3;1834340;694.85;2162.15;4927.38;8438.18;17869.48
0;364;4;946003;1821.42;4598.87;8301.99;12330.96;36605.12
0;380;1;930167;445.02;1488.16;2766.1;4506.89;10088.77
0;380;2;3500873;720.93;2121.96;3788.91;6121.82;13852.29
0;380;3;3943950;1209.6;2959.76;5080.06;8754.24;17092.76
0;380;4;1597902;1299.95;4241.73;7382.69;11217.72;21293.08
0;381;1;1410697;322.7;909.15;1331.57;2079.46;6360.32
0;381;2;1691771;485.22;1177.83;1916.51;3273.39;7626.76
0;381;3;781847;566.93;1594.33;2780.5;4597.87;9399.57
0;381;4;149131;672.58;2961.26;4783.58;6760.34;9804.15
0;382;1;299391;224.62;465.05;712.4;1148;3410.99
0;382;2;1643694;343.26;696.38;1312.72;2483.96;7577.47
0;382;3;2077643;413.64;1164.11;2157.25;4203.66;11195.14
0;382;4;437863;401.04;1959.46;4035.61;6446.03;15093.28
0;383;1;6245159;272.21;686.05;1104.11;1759.55;3417.71
0;383;2;5677618;600.89;1347.96;2093.63;3313.54;6582.87
0;383;3;3241138;1051.07;2067.38;3212.7;5220.64;11265.07
0;383;4;818253;1310.29;3050.23;5364.81;8922.06;15823.26
0;384;1;3069752;194.5;238.9;396.1;778.93;2536.77
0;384;2;3491851;218.12;526.28;1294.82;2779.38;7026.78
0;384;3;2301172;411.66;1703.52;3260.25;5709.9;10982.99
0;384;4;502374;464.12;2859.17;5378.66;8720.59;17159.1
0;385;1;2349541;204.54;379.48;691.4;1292.41;3026.63
0;385;2;1943473;247.2;721.18;1412.37;2396.38;5681.07
0;385;3;1035608;469.7;1416.86;2464.85;4521.25;12287.01
0;385;4;117900;1342.79;3108.19;4075.86;6971.3;13088.63
0;400;1;396870;686.52;1834.95;3681.77;7167.89;17625.48
0;400;2;157834;1805.71;3199.9;8358.97;16707.03;34026.8
0;400;3;1054146;1547.84;5256.34;10458.3;16128.85;29760.95
0;400;4;235833;4137.74;8388.08;16339.87;27317.56;39225.58
0;401;1;527738;1183.94;1749.39;2426.48;3362.94;5971.5
0;401;2;388118;1409.43;2406.26;3181.8;3743.02;5731.72
0;401;3;218669;1897.59;2519.74;3492.32;5435.94;13876.82
0;401;4;135708;2789.59;5060.21;8155.2;12797.16;16249.71
0;402;1;76358;395.78;710.13;1188.7;1763.02;2949.07
0;402;2;274309;449.78;1434.01;3763.76;7208.42;14772.48
0;402;3;525018;2772.07;4723.96;10150.01;13143.37;35888.53
0;402;4;205049;5694.73;7045.85;12677.58;17340.67;60135.92
0;403;1;5770082;393.86;671.7;983.14;1457.01;2487.37
0;403;2;1234295;528.76;802.44;1396.32;1829.66;3478.89
0;403;3;252641;839.06;1277.04;1982.69;2874.77;5204.57
0;403;4;193822;1619.89;2971.11;4936.54;7618.49;15039.01
0;404;1;4567605;445.76;724.94;969.87;1247.67;1958.41
0;404;2;2063512;586.52;935.92;1236.99;1811.09;3120.37
0;404;3;419664;974.97;1594.07;2423.97;5232.64;13638.08
0;404;4;153745;1873.58;5628.27;8425.6;13283.02;41984.35
0;405;1;844225;418.8;716.69;988.76;1421.32;2717.95
0;405;2;675762;663.36;1150.63;1769.19;3661.59;9160.16
0;405;3;857106;1108.28;1904.18;3293.39;6276.35;14541.54
0;405;4;536209;1413.79;3466.3;6594.91;10262.81;24190.36
0;420;1;9473373;348.12;879.77;1393.87;2303.2;4391.48
0;420;2;6489066;368.98;1049.03;1872.52;3011.15;6174.75
0;420;3;4225860;403.2;1290.84;2406.25;4081.26;8929.92
0;420;4;1606540;501.28;2101.64;4139.63;7536.46;14314.17
0;421;1;1166267;215.32;442.24;726.83;1287.02;3199.9
0;421;2;4667564;232.13;602.91;1048.34;2012.1;4904.82
0;421;3;2890217;535.1;1322.33;2612.41;4778.87;11239.42
0;421;4;861575;580.47;2836.18;4754.71;8399.28;18150.74
0;422;1;2107538;369.56;597.34;815.17;1129.89;2024
0;422;2;5588566;316.27;737.23;1364.12;2362.51;5576.12
0;422;3;5675520;547.99;1666.71;2754.3;4344.95;9127.57
0;422;4;2962429;416.02;1195.61;2843.49;5612.93;11600.26
0;423;1;241306;231.66;396.44;702.22;1398.99;3696.08
0;423;2;251126;190.68;519.79;976.6;1716.28;4702.32
0;423;3;133368;373.25;1000.04;1716.3;3637.18;8997.79
0;423;4;33084;746.51;903.75;3961.15;4474.78;13658.29
0;424;1;1410491;262.94;463.81;807.95;1488.93;3997.73
0;424;2;3027350;398.52;831.78;1463.68;2787.56;5822.7
0;424;3;2126560;645.41;1293.01;2627.88;4523.51;9293.32
0;424;4;437509;671.4;2424.4;4406.16;7845.53;12280.33
0;440;1;155735;2822.39;4105.79;5035.46;5908.99;7002.01
0;440;2;986880;3474.24;4407.7;5477.84;6782.24;9794.69
0;440;3;926171;3847.01;5064.02;6371.59;9312.03;18010.47
0;440;4;301566;1373.03;5617.86;8258.53;12700.13;29483.31
0;441;1;279422;463.96;999.75;1636.77;2481.81;4765.3
0;441;2;1282981;1024.29;2720.62;4184.95;5922.52;8797.75
0;441;3;2833879;2416.23;3990.89;5452.65;7465.06;12431.68
0;441;4;906948;2263.45;4643.76;7086.56;11158;18145.31
0;442;1;1311921;1022.69;1922.47;2406.06;3169.4;5427.03
0;442;2;1761826;1591.08;2185.51;2986.02;3809.89;7407.95
0;442;3;1200833;1663.02;2556.48;3771.43;5989.88;12185.07
0;442;4;1107473;1619.06;2943.75;4619.18;9347.98;20583.8
0;443;1;3089106;401.6;899.6;1607.2;2472.69;3743.02
0;443;2;2657888;560.48;1472.71;2410.87;3590.41;6987.92
0;443;3;1525126;700.56;2236.55;3922.77;5972.05;13063.85
0;443;4;836052;1382.8;3230.79;5432.97;8733.71;16701.18
0;444;1;35440;214.18;311.55;427.57;612.59;1027.84
0;444;2;44877;184.93;369.03;511.78;756.69;1230.99
0;444;3;16081;255.73;437.87;685.6;1084.09;1662.21
0;445;1;1349635;342.29;550.25;862.57;1463.68;2872.54
0;445;2;1047067;369.31;807.63;1727.72;2832.65;6699.97
0;445;3;645771;575.9;1969.11;3511.37;6642.86;13854.37
0;445;4;275282;1726.38;3071.28;4260.79;10116.74;18689.63
0;446;1;7306765;248.19;463.32;694.97;1037.43;1895.57
0;446;2;5643901;349.04;615.69;1007.49;1624.2;3582.24
0;446;3;2115835;502.1;1066.73;1984.63;4031.99;10145.81
0;446;4;682059;566.61;2769.52;4978.02;8706.44;20138.77
0;447;1;536971;255.28;445.76;589.68;943.88;2612.77
0;447;2;1118440;316.27;520.87;832.68;1729.3;5406.58
0;447;3;1103268;416.7;1344.2;3241.47;5821.8;12633.6
0;447;4;546198;980.96;3260.6;6497.49;12496.03;22794.74
0;460;1;403312;234.01;435.64;894.19;1645.9;3693.12
0;460;2;3149070;295.02;899.16;1823.23;3119.24;6153.5
0;460;3;4482211;369.96;1377.6;2819.04;4966.3;10666.85
0;460;4;2124293;412.44;1971.24;4059.76;7027.76;15379.69
0;461;1;261350;212.47;442.74;689.46;1173.03;3718.4
0;461;2;1678688;267.06;704.56;1359.03;2726.82;7614.62
0;461;3;1543643;419.19;1152.81;2360.25;4800.68;11073.33
0;461;4;314889;543.68;1901.96;3266.76;5849.79;10751.85
0;462;1;313582;241.05;472.99;782.23;1398.91;3418.49
0;462;2;580588;316.27;695.63;1218.21;2420.53;5570.96
0;462;3;497750;398.51;1279.25;2539.36;4515.66;9779.2
0;462;4;163674;1931.83;4212.62;5850.7;7466.55;18710.71
0;463;1;6776404;272.79;672.58;1059.37;1546.24;2611.21
0;463;2;9473674;428.36;1027.02;1646.76;2512.15;5108.97
0;463;3;6633390;734.36;1678.78;2641.35;4159.89;9355.19
0;463;4;1774149;511.96;2364.68;4064.63;7208.42;15314.48
0;464;1;1317834;209.67;403.82;585.92;1008.88;1912.23
0;464;2;785950;244.07;543.68;840.74;1412.37;2457.44
0;464;3;108118;328.3;915.13;1905.49;2953.9;4797.79
0;464;4;22431;492.45;1922.49;4998.77;6997.58;8019.38
0;465;1;4615333;206.79;365.24;520.94;796.18;1399.86
0;465;2;2564013;215.14;425.34;675.62;1067.3;2200.25
0;465;3;648272;337.81;710.13;1329.13;2267.93;5908.99
0;465;4;134326;605.21;1562.57;3633.97;6699.86;11108.48
0;466;1;137928;203.42;368.57;661.07;987.08;2615.94
0;466;2;780217;224;460.48;966.16;1774.43;4059.16
0;466;3;769710;288.65;836.95;2082.82;2687.96;5916.17
0;466;4;124664;543.49;1959.6;3661.86;6420.88;13947.98
0;467;1;1151552;204.04;348.12;594.35;985.37;2211.21
0;467;2;1506914;266.53;616.44;1082.17;1944.23;4837.19
0;467;3;749197;374.32;1194.72;2253.1;4176.14;9497.92
0;467;4;210418;704.76;2044.23;3025.74;5559.52;11707.76
0;468;1;1645552;210.36;401.6;646.7;1049.19;2793.04
0;468;2;3409356;295.49;620.3;1107.94;2014.04;4546.47
0;468;3;1602185;392.6;1119.9;2391.09;4106.12;9122.87
0;468;4;336188;234.78;1737.13;4307.77;6836.04;28223.49
0;480;1;7922714;1276;1880.83;2457.41;3129.27;4873.11
0;480;2;3722203;1566.09;2102.91;2749.24;3560.15;5920.81
0;480;3;712623;1641.56;2277.9;3159.73;4518.06;8681.37
0;480;4;511016;1493.01;3834.41;6910.88;13153.13;29397.12
0;481;1;1596905;254.44;535.74;967.28;1524.63;3696.98
0;481;2;266089;360.04;807.63;1445.26;2348.27;5387.27
0;481;3;152055;398.52;1358.56;2666.84;4601.3;13322.59
0;481;4;16337;1408.08;1620.99;3915.47;6547.63;7098.23
0;482;1;7728556;620.37;921.87;1191.08;1612.37;2679.88
0;482;2;5784761;776.8;1085.9;1523.73;2326.43;4802.06
0;482;3;2466047;935.05;1759.55;2990.58;5151.36;10671.74
0;482;4;610727;1300.15;2984.84;5662.08;9632.79;17235.2
0;483;1;2646615;207.04;364.6;485.22;720.93;1369.36
0;483;2;741127;248.74;468.66;732.22;1289.09;3563.7
0;483;3;180227;373.25;840.95;1569.7;3379.35;9168.98
0;483;4;42862;1413.78;2610.31;4128.21;11487.87;12443.73
0;484;1;1548986;206.79;258.73;466.68;980.96;2442.77
0;484;2;1202442;389;844.11;1850.94;2490.59;4436.88
0;484;3;876666;424.94;1122.07;2368.52;3985.53;11417.6
0;484;4;101684;796.32;2017.9;4355.19;6542.61;19030.08
0;500;1;471257;212.12;409.7;525.53;1171.84;2666.58
0;500;2;1880022;248.91;695.78;1401.74;2520.28;6888.51
0;500;3;1580154;414.14;1431.76;2739.5;5716.72;13097.64
0;500;4;287287;255.95;1238.26;3556.17;5182.35;23898.59
0;501;1;1478842;216.46;425.38;753.13;1169.05;2098.37
0;501;2;1392249;329.54;708.43;1181.96;1949.93;4057.94
0;501;3;556669;349.88;1025.65;1940.63;3263.06;7041.32
0;501;4;130440;545.64;1519.91;4264.71;9011.5;13196.61
0;510;1;2598113;892.37;1499.07;1985.93;2648.19;4736.12
0;510;2;2008134;1313.25;1904.81;2597.83;3685.07;6812.79
0;510;3;494704;1590.51;2448.71;3556.35;5510.35;10923.79
0;510;4;690872;1969.27;3422.62;5558.7;8861.91;17581.39
0;511;1;500817;654.36;1471.14;2144.29;3142.55;5139.2
0;511;2;675153;704.91;2072.19;2798.07;4149.73;7571.75
0;511;3;462332;1648.79;3588.11;4638.71;6669.52;15900.04
0;511;4;235342;2347.1;4904.81;5909.28;9161.9;20651.12
0;512;1;1098973;691.63;1443.24;1838.57;2295.26;3330.5
0;512;2;710685;908.28;1704.32;2221.65;2970.3;5595.58
0;512;3;264134;1472.37;2364.11;3321.13;5471.77;17236.66
0;512;4;112401;229.53;4199.56;9177.46;13185.18;22385.85
0;513;1;25840498;328.3;672.58;1194.5;1694.99;2499.13
0;513;2;6733006;459.42;1063.32;1574.22;2086.92;3525.03
0;513;3;888248;790.59;1668.23;2328.22;3482.95;7641.12
0;513;4;195226;1590.43;2564.5;4062.43;6161.15;8648.52
0;514;1;5474493;377.14;590.68;1098.91;1708.98;2818.25
0;514;2;1483335;438.12;806.95;1509.23;2202.68;4087.24
0;514;3;312078;670.2;1452.07;2367.13;3708.76;8216.19
0;514;4;88579;860.19;3121.1;4793.03;6883.39;44455.26
0;515;1;1504503;201.91;350.62;502.08;795.29;2173.04
0;515;2;507643;248.74;586.52;901.23;1846.56;5404.87
0;515;3;154647;492.72;1720.18;3359.28;6133.28;16891.69
0;515;4;81434;2793.04;5212.74;7598.94;15755.01;21507.88
0;516;1;1639109;202.21;356.04;450.42;591.22;1089.37
0;516;2;423705;221.69;437.54;694.35;1391.38;3130.13
0;516;3;153905;434.5;831.1;1666.9;4161.19;11221.55
0;516;4;30437;4125.67;4125.67;10376.71;15934.7;15934.7
0;517;1;1677699;198.76;288.65;432.08;561.24;1011.48
0;517;2;494460;215.39;414.97;588.88;1023.8;3199.9
0;517;3;166235;241.05;893.6;2047.31;3925.64;11240.1
0;517;4;102725;3235.31;4933.33;8543.48;11001.98;31851.31
0;518;1;737225;274.84;465.83;693.89;1448.06;2969.79
0;518;2;700286;464.26;1183.57;2215.88;3500.84;7101.4
0;518;3;381000;1244.77;2441.91;4125.46;7265.63;12970.83
0;518;4;227836;1419.61;4590.99;6859.37;11960.96;15913.2
0;530;1;354915;234.01;461.58;702.73;1407.19;3829.32
0;530;2;1419047;292.96;690.31;1147.63;2366.02;7623.65
0;530;3;1844371;414.13;1042.27;1959.82;3899.11;10808.4
0;530;4;516516;562.59;2803.18;5319.04;8450.99;19258.68
0;531;1;620890;230.24;609.52;923.16;1377.59;2382.01
0;531;2;361578;347.43;958.6;1369.24;2016.34;3802.88
0;531;3;117189;605.21;1279.75;2436.82;3333.42;6634.2
0;531;4;25153;1312.72;1358.7;3434.47;6692.75;8920.35
0;532;1;1037822;195.53;263.61;457.96;703.59;1755.59
0;532;2;540469;216.47;414.62;717.2;1325.68;4026.06
0;532;3;181580;369.31;724.79;1569.66;3011.76;7616.67
0;532;4;45249;1176.5;2330.62;7618.21;9334.65;13096.71
0;540;1;17402725;1149.08;1487.29;1739.77;2052.81;2744.69
0;540;2;14025795;1177.99;1538.25;1827.92;2285.36;3941.31
0;540;3;5889271;1252.36;1704.32;2183.84;3052.46;7113.92
0;540;4;489979;1374.15;2074.06;2958.43;5278.05;12771.82
0;541;1;426163;533.32;1082.3;1288.84;1568.64;2074.86
0;541;2;304445;289.52;1033.28;1321.3;1684.11;2364.64
0;541;3;122726;754.29;1194.06;1530.94;2084.55;5856.73
0;541;4;12321;1683.64;2036.54;3179.86;4123.79;4277.3
0;542;1;183527;725.09;1118.88;1253.22;1503.87;2005.17
0;542;2;212470;522.06;1117.01;1297.29;1641.15;2392.58
0;542;3;168192;892.84;1309.56;1741.95;2652.93;8757.49
0;542;4;35282;1081.46;1725.5;2105.07;4739.33;9204.52
0;543;1;136146;188.98;232.92;352.41;674.01;1403.51
0;543;2;82188;200.52;280.25;566.94;1048.49;2221.65
0;543;3;20406;174.52;358.94;803.62;2208.74;3417.06
0;543;4;5100;1367.18;1367.18;2549.85;3732.52;3732.52
0;544;1;1182416;184.08;224.79;292.96;484.48;779.67
0;544;2;232587;181.66;233.34;441.64;751.32;1476.7
0;544;3;39661;255.48;412.14;670.2;1153.42;3118.18
0;544;4;6323;507.74;507.74;2030.94;3783.84;3783.84
0;560;1;73704095;720.08;1051.93;1238.83;1448.1;1855.49
0;560;2;32872618;736.35;1084.28;1298.76;1583.6;2276.46
0;560;3;6848552;808.38;1170.26;1443.24;1891.92;3732.52
0;560;4;80850;412.94;913.11;1739.92;2249.1;6566.97
0;561;1;467314;221.15;604.43;1053.25;1494.22;2479.72
0;561;2;327905;248.74;597.32;1011.48;1348.64;2807.29
0;561;3;99572;251.22;819.44;1495.32;2442.84;5406.58
0;561;4;13845;5983.55;5983.55;6922.43;7861.31;7861.31
0;562;1;791849;217.87;410.16;591.22;820.8;1483.79
0;562;2;201992;257.34;488.67;796.33;1224.76;1825.84
0;562;3;53564;221.15;825.88;1231.65;1708.98;4148.75
0;562;4;6396;322.7;671.66;1466.08;2526.56;3141.59
0;563;1;7445316;204.86;390.24;786.52;1506.26;4480.95
0;563;2;2158263;236.64;594.35;1162.98;2256.7;6364.26
0;563;3;675909;309.3;787.04;1372.93;3030.98;9525.35
0;563;4;12434;1160.27;1243.31;1754.52;3759.7;4516.51
0;564;1;376928;197.07;258.23;411.26;594.35;1109.57
0;564;2;129365;210.88;319;543.58;831.78;1485.35
0;564;3;47410;754.54;1122.14;1450.17;2766.49;3954.1
0;564;4;21107;2084.54;2635.45;4950.18;7918.28;9122.58
0;565;1;470837;186.83;218.35;264;376.46;1293.46
0;565;2;79942;196.3;228.42;446.75;1407.72;2930.37
0;565;3;9421;176.72;218.22;275.33;634.76;3977.2
0;566;1;3720407;205.13;358.68;640.45;1089.08;2420.68
0;566;2;4014392;207.48;424.34;726.35;1282.66;3136.47
0;566;3;1199474;213.49;597.32;1108.83;2185.38;7020.46
0;566;4;56418;1233.59;1770.16;2433.97;3417.07;20889.49
0;580;1;60245;207.54;292.05;694.06;1047.81;1488.66
0;580;2;62043;217.18;505.01;831.78;1029.77;1679.09
0;580;3;21223;279.97;510.56;802.36;1447.9;2000.1
0;580;4;7607;272.29;369.01;1157.96;1501.78;1953.1
0;581;1;7220;361.98;702.24;746.5;832.18;1363.12
0;581;2;5250;236.61;345.81;694.86;1185.33;1678.49
0;581;3;2086;442.3;442.3;536.2;1107.94;1107.94
0;582;4;37502;37501.8;37501.8;37501.8;37501.8;37501.8
0;583;2;48548;48548.41;48548.41;48548.41;48548.41;48548.41
0;583;4;23926;23925.51;23925.51;23925.51;23925.51;23925.51
0;590;3;36808;36808.11;36808.11;36808.11;36808.11;36808.11
0;590;4;361013;831.78;17090.19;31699.27;44216.39;55438.6
0;591;1;25337;25337.2;25337.2;25337.2;25337.2;25337.2
0;591;2;52119;295.91;354.74;13059.26;25704.95;25704.95
0;591;3;112103;279.6;374.05;2346.07;34624.48;42042.08
0;591;4;615504;347.43;1902.88;16096.57;31748.47;47548.81
0;592;1;28629;28628.56;28628.56;28628.56;28628.56;28628.56
0;592;2;63020;12063.53;12063.53;20673.58;30282.94;30282.94
0;592;4;410224;3803.92;12232.8;25632.44;32615.95;46017.28
0;593;1;129095;2738.33;10755.93;10959.13;19347;30012.05
0;593;2;314774;345.81;7267.3;12489.04;20799.5;24304.69
0;593;3;424397;343.26;10422.68;15326.75;22030.74;30282.94
0;593;4;1086069;702.24;7992.83;20939.79;28354.17;35339.35
0;600;3;105163;16594.07;20964.01;25593.71;31617.52;37381.57
0;600;4;447012;7094.11;15427.03;22239.32;26587.23;48507.34
0;601;1;41775;341.8;1249.52;3513.62;5211.35;18170.47
0;601;2;51170;4428.17;4831.17;5687.32;10014.39;14860.97
0;601;3;328345;340.71;6296.47;9485.56;18889.08;27784.8
0;601;4;784371;702.24;10633.52;18361.36;24048.53;31712.17
0;602;1;249524;3699.22;5135.99;7240.28;20331.78;25880.92
0;602;2;230725;4743.94;7062.14;9426.99;12476.73;16309.99
0;602;3;822409;1941.75;6082.33;12692.19;16229.66;27569.5
0;602;4;569876;373.25;3596.36;9224.12;18256.56;30647.35
0;603;1;343207;2690.34;4321.3;6153.85;8702.88;18074.41
0;603;2;760553;2944.89;5371.03;8766.13;13942.22;17715.81
0;603;3;504916;3328.71;5598.8;10570.4;15779.1;21992.59
0;603;4;256630;2360.12;7523.72;8991.1;17357.65;26836.29
0;610;2;100161;10342.89;12405.37;23687.49;37674.91;42442.69
0;610;3;44488;4453.98;4453.98;7434.05;32599.65;32599.65
0;610;4;211222;9980.66;15907.32;19099.16;36672.88;37853.27
0;611;1;91254;349.73;2088.48;5425.49;7398.49;16859.22
0;611;2;79096;345.91;4585.68;5971.99;9031.68;14860.97
0;611;3;218423;1737.12;3266.54;6306.17;11757.59;18553.05
0;611;4;164774;694.86;8210.83;11950.72;15508.43;25086.01
0;612;1;351125;3473.91;4217.45;6168.93;9278.5;18074.41
0;612;2;294753;1590.58;3414.95;4807.06;6359.58;15143.52
0;612;3;468607;2325.55;3841.5;6093.53;11961.35;17841.13
0;612;4;238007;1713.07;4651.35;10752.94;13817.54;17726.96
0;613;1;75444;1771.08;4828.6;6377.58;8810.73;8901.04
0;613;2;192405;1676.23;5374;7624;10801.81;13967.78
0;613;3;173206;1992.47;5614.75;8407.74;11107.68;15536.8
0;613;4;65643;3417.93;9293.33;10703.49;18000.94;24227.33
0;614;1;869098;347.43;2430.87;4124.18;6100.97;9565.48
0;614;2;710626;353.2;2945.52;6068.88;8858.28;17169.65
0;614;3;311904;909.3;3751.39;5950.22;9274.62;17616.45
0;614;4;77645;1265.06;5169.76;8924.72;9205.73;19258.65
0;620;1;4157;4156.88;4156.88;4156.88;4156.88;4156.88
0;620;2;37810;4985.39;4985.39;12331.64;20492.96;20492.96
0;620;3;99854;1037.73;3087.3;6865.25;29243.78;47138.75
0;620;4;126858;6910.28;10425.93;18022.8;21579.82;51896.2
0;621;1;56053;351.11;1565.55;2886.17;5910.9;10244.65
0;621;2;120961;607.14;1613.61;3516.58;5645.57;12502.18
0;621;3;206138;738.02;2430.31;4847.9;7834.21;13664.54
0;621;4;198412;746.51;1194.5;4887.53;11980.94;26656.01
0;622;1;164944;846.21;1866.53;3576.22;4823.09;7527.64
0;622;2;176647;1153.49;2988.53;4165.52;5617.76;9028.53
0;622;3;192669;1902.88;2967.32;4543.73;7107.1;11962.85
0;622;4;174015;1941.75;3246.93;4394.47;8958.07;19527.17
0;623;1;95648;1567.43;2236.13;3838.72;4619.41;8392.34
0;623;2;93278;751.53;1658.06;5087.49;6312.31;9591.29
0;623;3;53247;488.27;3350.23;4000.2;4907;10124.09
0;623;4;38519;1025.4;3573.93;7990.73;8000.41;17928.95
0;624;1;197310;184.23;325.98;862.82;2526.23;5014.09
0;624;2;186558;267.77;595.53;1634.51;3336.21;6994.93
0;624;3;53909;200.89;877.15;2516.62;3504.18;8224.25
0;624;4;30253;3133.06;3633.5;5486.05;6020.68;6494.12
0;625;1;227589;1007.76;2432.61;3727.02;5453.33;8176.09
0;625;2;117908;815.52;1375.53;2350.23;6038.53;9981.38
0;625;3;164054;893.6;2561.02;6278.3;7744.44;12137.76
0;625;4;28601;2158.51;2741.15;4256.92;11559.5;17928.95
0;626;1;234167;275.46;675.62;1909.47;4622.9;6743.2
0;626;2;285949;662.47;2044.3;3008.44;4552.17;7635.67
0;626;3;214546;693.98;2050.72;3097.78;4579.87;6835.92
0;630;2;18848;4158.92;4286.62;4638.47;5137.33;5412.05
0;630;3;151199;1661;4132.76;6386.9;7829.19;26453.47
0;630;4;738737;4033.54;6509.66;10133.24;15803.87;37524.28
0;631;1;16445;886.03;1154.4;3885.17;7067.97;7788.38
0;631;2;191382;1021.12;2748.49;5039.45;9052.43;18296.19
0;631;3;178245;2114.29;3358.47;6614.28;13202.07;24341.77
0;631;4;513922;1370.45;5599.42;10538.29;19608.29;39491.82
0;632;1;265436;295.49;868.49;1148;1552.35;4000.18
0;632;2;87513;434.36;877.23;1864.37;4243.41;7970.28
0;632;3;66482;738.62;1550.74;2303.55;3417.94;19482.34
0;632;4;144942;1377.6;3667.33;11692.77;17467.42;20363.7
0;633;1;185235;236.71;508.82;1209.6;2275.16;6050.58
0;633;2;324549;218.9;731.41;1768.2;3062.25;9498.42
0;633;3;369299;738.62;1737.11;3407.05;5617.85;9559.13
0;633;4;324548;262.77;1399.85;4338.71;9603.11;14231.83
0;634;1;149065;279.6;796.71;1880.27;3026.63;4742.99
0;634;2;159427;339.09;1080.63;1959.8;2911.23;5879.39
0;634;3;184342;688.62;1585.25;2871.4;3929.98;10278.4
0;634;4;224890;277.39;2990.24;4948.78;7624.71;14918.36
0;635;1;17500;279.6;429;691.62;1194.5;4035.5
0;635;2;38271;275.46;640.25;1194.17;2217.47;3821.67
0;635;3;51340;221.27;1991.9;2106.7;2808.09;16319.85
0;635;4;38221;1302.32;2608.89;3476.23;6590.87;11566.27
0;636;1;154771;260.03;592.42;1022.15;1796.21;2986.3
0;636;2;158180;275.34;1071.09;1720.37;2735.03;4443.35
0;636;3;125824;738.62;1447.9;2159.85;3163.65;6252.32
0;636;4;107664;1731.41;3319.05;4513.6;6428.83;10479.15
0;637;1;761459;229.6;471.28;777.36;1345.17;2612.11
0;637;2;645519;279.97;811.36;1412.53;2094.5;4534.95
0;637;3;325730;450.62;1278.24;2087.87;3458.12;6496.24
0;637;4;36396;398.51;1902.88;3546.14;4101.55;10144.8
0;638;1;938334;191;296.33;527.93;900.25;2343.94
0;638;2;409957;227.51;520.28;914.73;1766.49;3611.42
0;638;3;81237;414.28;723.95;2174.38;3809.11;5822.18
0;638;4;59572;2341.26;3440.64;5077.13;9096.5;22002.58
0;639;1;158897;257.71;670.2;1071.11;2050.78;8280.93
0;639;2;156661;272.58;577.07;1096.54;2129.88;7184.6
0;639;3;94057;277.39;670.2;1496.19;2423.97;4160.89
0;639;4;21372;216.46;492.99;2920.46;3706.08;6916.23
0;640;1;171844;268.1;342.34;683.79;1057.14;5031.1
0;640;2;193980;270.28;373.25;692.56;1185.33;2818.25
0;640;3;144180;277.39;675.62;1089.25;1681.47;4796.59
0;650;1;214228;829.25;1374.31;1713.06;2055.68;3040.25
0;650;2;214474;1214.19;2054.04;3076.16;5242.21;8886.24
0;650;3;206193;1001.85;2141.71;3143.94;4909.5;13411.69
0;650;4;135145;2183.44;3579.82;3994.45;9420.21;13648.72
0;651;1;701729;224.62;449.14;704.76;1205.98;3061.98
0;651;2;297675;590.34;1122.14;1945.93;3533.15;7738.83
0;651;3;197594;442.54;2359.53;3850.94;5977;10996.63
0;651;4;186360;1462.72;4446.4;7591.12;13437.19;77843.86
0;660;1;203925;255.95;816.64;1254.43;1740.58;3081.07
0;660;2;1307265;405.6;1123.04;1714.35;2641.44;4708.2
0;660;3;1382276;773.13;1415.45;2156.08;3354.45;6491
0;660;4;485717;351.12;2084.66;3721.45;6854.43;15992.35
0;661;1;891158;204.85;425.2;764;1263.84;3199.91
0;661;2;586883;255.28;714.53;1212.4;2258.95;4629.41
0;661;3;684244;250.74;714.52;1726.83;3285.3;8009.98
0;661;4;270915;230.47;1664.48;3369.75;6162.14;17082.42
0;662;1;106217;336.29;750.89;1293.63;1728.4;3227.15
0;662;2;109961;492.66;1010.02;1603.61;2525.05;3417.93
0;662;3;93067;726.95;1284.38;1694.99;3327.14;5060.21
0;662;4;14807;726.95;2379.09;4035.66;5024.54;6009
0;663;1;1554275;214.85;410.64;710.13;1342.34;2979.83
0;663;2;4685329;251.22;575.76;1079.53;1991.9;4488.94
0;663;3;6160180;279.8;727.02;1507.64;2846.24;6696.16
0;663;4;1525096;401.04;1571.97;3099.84;6535.71;13141.17
0;664;1;1085835;217.31;477.79;891.31;1457.96;3018.15
0;664;2;712987;216.46;439.52;980.96;2017.75;4392.17
0;664;3;577911;220.63;574.12;1495.05;2967.58;6346.12
0;664;4;167438;236.79;1381.46;2600.3;4553.84;16116.76
0;680;1;333887;373.66;753.13;1390.01;2382.55;5170.06
0;680;2;450732;1041.77;2174.37;3630.79;5442.01;11143.8
0;680;3;423539;1624.94;3371.6;4431.74;6829.47;19277.87
0;680;4;949088;2259.78;4452.24;8130.04;14616.03;32102.75
0;681;1;605143;343.86;624.84;1041.4;1935.95;5091.24
0;681;2;899897;415.52;1004.18;2215.87;4114.51;10107.53
0;681;3;1307299;738.62;2585.03;4522.15;7727.72;15220.62
0;681;4;1129264;2068.18;4948.78;9380.43;15403.2;22479.78
0;682;1;905381;459.2;831.78;1503.87;2522.2;4430.54
0;682;2;1004944;632.52;1440.78;2533.82;4108.09;8590.57
0;682;3;599859;749.43;2783.21;5285.71;8235.42;15387.97
0;682;4;856876;1742.4;3223.91;6769.32;11214.25;24325.92
0;683;1;950123;251.86;503.08;753.13;1347.7;3160.27
0;683;2;841191;354.44;748.04;1384.74;2895.8;9143.05
0;683;3;666380;674.67;1672.59;3526.01;7275.73;13949.27
0;683;4;562787;1436.77;3727.33;5997.15;11439.82;22233.25
0;690;1;663248;243.88;582.74;1108.92;2877.96;9752.48
0;690;2;921987;250.64;793.85;2046.61;4854.3;10180.24
0;690;3;1806718;429.7;1635.36;4533.35;8920.57;13295.23
0;690;4;3512703;847.42;4935.05;8547.36;11701.36;19636.69
0;691;1;1849943;279.98;586.52;1024.91;1576.89;3888.46
0;691;2;3597087;360.05;803.62;1476.06;2797.98;7374.93
0;691;3;3858140;472.99;1456.39;2728.12;4982.16;11570.84
0;691;4;3236833;541.01;2015.07;4046.22;8234.48;17932.22
0;692;1;833702;352.38;738.62;1198.01;2266.74;6782.56
0;692;2;979933;373.25;1333.3;2785.59;5380.68;12842.02
0;692;3;415740;738.63;1434.01;4945.38;10995.52;16613.7
0;692;4;360901;988.06;4065.65;8562.6;16120.66;21786.12
0;693;1;13072517;260.44;483.99;692.56;1038.85;1866.26
0;693;2;6845872;329.35;520.94;767.85;1173.4;2353.46
0;693;3;2896121;360.48;630.04;968.12;1646.76;6646.5
0;693;4;2488332;442.29;1034.09;3113.2;7620.94;14220.88
0;694;1;792945;235;472.58;942.98;1868.65;5324.65
0;694;2;1734702;277.39;665.79;1240.75;2653.75;6496.67
0;694;3;1911548;408.63;1082.3;2239.52;4329.81;11253.34
0;694;4;1016381;639.11;2014.45;3840.33;6930.42;15496.86
0;710;1;290754;243.63;606.47;1209.6;2224.16;7038.18
0;710;2;681429;374.05;1238.82;2788.54;4546.49;9863.08
0;710;3;1542070;551.29;2738.26;4731.73;8220.79;15918.44
0;710;4;2150573;694.85;3837.35;7429.37;14004.88;25669.18
0;711;1;774506;264;838.8;1626.37;2954.89;7755.53
0;711;2;1325607;656.63;1581.31;2920.92;4975.29;9278.04
0;711;3;964776;1262.15;2653.76;4479.93;8967.25;15518.68
0;711;4;897433;2203.08;7608.76;10090.4;16218.55;39945.95
0;720;1;808841;267.92;777.69;1214.22;1811.09;3248.74
0;720;2;4202090;398.52;1293.38;2086.33;3296;6725.85
0;720;3;5215271;238.2;1500.25;2704.78;4515.84;10501.9
0;720;4;4038601;233.32;885.55;3078.12;6177.26;14053.68
0;721;1;1573783;332.89;772.01;1302.31;2148.49;4576.56
0;721;2;1323296;465.05;1098.91;1943.84;3092.97;8014.15
0;721;3;720924;724.04;1519.47;2885.87;5032.77;9163.09
0;721;4;259710;529.99;2894.56;4079.06;7844.33;14020.36
0;722;1;766516;207.13;429.5;684.68;1107.09;2174.72
0;722;2;1087193;340.71;683.37;1202.16;2042.25;4166.99
0;722;3;748463;416.31;1041.96;1793.25;3100.03;7299.05
0;722;4;253619;497.47;1793.35;3256.01;6139.82;11081.04
0;723;1;2610605;212.52;414.88;631.16;928.61;1695.46
0;723;2;1984668;243.53;534.12;855.13;1339.37;2495.35
0;723;3;974813;369.01;832.17;1391.28;2224.8;5822.47
0;723;4;151227;520.13;1729.06;3101.88;4782.16;15240.25
0;724;1;942376;267.87;589.64;940.01;1466.29;2988.45
0;724;2;1330047;341.8;840.96;1413.46;2312.31;5571.91
0;724;3;1293267;423.75;1465.77;2726.83;4782.16;9365.72
0;724;4;853609;844.08;2585.18;5479.29;8991.97;18046.32
0;740;1;1132787;463.74;1164.1;2459.61;4830.91;10171.74
0;740;2;2734028;938.41;2768.37;4841.98;8336.58;18452
0;740;3;2256370;2088.27;4955.85;7832.96;13223.03;24058.16
0;740;4;710268;3409.31;5993.16;10414.5;14605.27;29885.07
0;750;1;967590;218.22;403.2;1396.19;3598.3;9589.88
0;750;2;595526;329.35;1296.26;2603.28;4785.34;10873.6
0;750;3;152657;1588.1;2887.11;3980.51;7069.7;10118.95
0;750;4;12455;1742.61;1770.43;2912.19;4456.94;4887.75
0;751;1;8559832;231.66;864.53;1992.47;3799.07;9377.44
0;751;2;9191436;443.52;1562.24;2818.59;4817.39;11096.12
0;751;3;2613111;1306.06;2651.57;4351.15;7270.5;17692.68
0;751;4;625790;1052.56;3585.01;6833.33;11697.68;30711.63
0;752;1;898783;204.85;442.54;1197.77;2600.65;6653.88
0;752;2;666130;234.78;665.26;1549.38;2902.02;7212.21
0;752;3;164623;424.1;1769.16;2729.61;4893.13;8686.41
0;752;4;48838;2729.56;2733.47;10977.1;12875.11;19522.75
0;753;1;2068026;230.79;751.51;2410.12;4757.01;10115.19
0;753;2;1265064;808.38;1800.2;2995.74;5563.2;11920.15
0;753;3;346085;1147.63;2986.02;4526.69;7883.36;14498.56
0;753;4;135604;1726.22;7067.25;13452.88;20999.44;34631.93
0;754;1;4754940;208.41;436.57;1213.01;2337.08;5326.84
0;754;2;12344658;240.31;1002.61;1953.44;3104.73;6612.05
0;754;3;2072932;803.62;2012.61;3306.35;5603.28;11255.28
0;754;4;308102;1477.99;4005.83;7419.28;12927.7;20865.49
0;755;1;2136375;222.36;457.44;1067.71;2128.79;5288.55
0;755;2;1294947;368.57;995.05;1724.32;3051.32;7740.11
0;755;3;232389;663.44;1551.24;2941.1;4331.46;8228.58
0;755;4;9325;3846.7;3846.7;4662.54;5478.38;5478.38
0;756;1;2889276;205.23;352.38;771.35;1681.3;4533.21
0;756;2;3282941;244.07;683.37;1639.87;3082.7;7498.84
0;756;3;1747283;915.13;2067.93;3410.99;5242.92;13592.24
0;756;4;435405;1137.08;3450.27;6101.85;9413.06;14839.43
0;757;1;10370574;377.74;1404.47;2827.57;4959.85;11284.17
0;757;2;16926481;708.88;2215.86;3867.84;6533.08;14110.14
0;757;3;10789380;1229.6;3099.31;5175.35;8276.17;16792.51
0;757;4;3321916;1992.57;4042.35;6796;10260.56;22877.4
0;758;1;667869;216.46;303.15;609;1368.07;4904.82
0;758;2;564850;284.56;685.22;1342.27;2266.36;4774.07
0;758;3;171150;251.47;1123.95;2233.72;4234.01;7583.31
0;758;4;3060;3060.24;3060.24;3060.24;3060.24;3060.24
0;759;1;911411;251.73;1080.12;2114.6;4195.19;16348.37
0;759;2;784045;488.27;1296.24;2499.18;4528.17;14289.32
0;759;3;440687;554.34;2083.71;3764.12;6964.63;22780.73
0;759;4;122986;1001.67;2618.66;5005.34;8593.07;15102.82
0;760;1;1576889;194.5;242.24;316.27;472.24;1447.73
0;760;2;1201846;202.16;248.74;527.88;1447.45;6852.27
0;760;3;600863;238.1;1340.41;3607.7;6657.43;12311.09
0;760;4;53348;269.95;2653.75;4587.27;6611.82;16346.02
0;770;1;443141;184.78;218.35;272.78;623.28;2405.29
0;770;2;250430;196.73;255.16;553.3;1165.2;3827.47
0;770;3;127678;205.48;616.44;1292.03;3402.95;7318.44
0;770;4;8790;8790.31;8790.31;8790.31;8790.31;8790.31
0;771;1;235140;228.76;883.37;1818.3;3131.1;6233.64
0;771;2;534961;900.1;1663.46;2577.89;3969.82;9162.5
0;771;3;201257;753.65;2603.84;3151.58;5990.05;17523.16
0;771;4;15758;1091.27;1091.27;7879.06;14666.86;14666.86
0;772;1;67948;828.16;1386.85;1927.39;2689.53;6285.1
0;772;2;52644;969.76;1671.99;2057.87;3072.89;5170.88
0;772;3;1611;1610.81;1610.81;1610.81;1610.81;1610.81
0;772;4;7100;7099.69;7099.69;7099.69;7099.69;7099.69
0;773;1;226954;205.13;287.78;563.49;1759.55;4352.51
0;773;2;323265;225.72;496.39;1462.84;2816.33;6118.85
0;773;3;93613;221.62;820.53;1721.7;3076.17;6162.68
0;773;4;48304;610.27;1615.53;1828.96;2284.58;3014.48
0;774;1;52628;200.42;301.67;548.82;1534.9;4543.74
0;774;2;60684;204.85;263.94;670.69;1394.65;9189.09
0;774;3;12974;200.52;203.99;997.03;6283.06;10779.51
0;775;1;5411303;191.72;235.97;398.52;1350.37;4401.59
0;775;2;7661753;212.04;630.38;1637.99;2896.19;6638.09
0;775;3;2698937;369.01;1603.37;2873.12;4835.21;10662.45
0;775;4;575358;620.45;2162.71;4277.81;8324.1;16306.16
0;776;1;987081;200.97;284.56;753.96;1859.19;4789.93
0;776;2;1197700;225.04;901.21;2100.97;4091.73;8352.32
0;776;3;654820;827.17;2090.64;3284.39;5537.22;12655.77
0;776;4;72493;898.27;2574.03;3788.98;8556.32;13571.79
0;790;1;1210388;201.88;322.7;718.69;1957.2;6235.31
0;790;2;915375;550.66;1371.89;3160.2;6443.25;11398.56
0;790;3;629463;1349.86;3944.9;6775.15;10498.12;18954.74
0;790;4;442697;3566.09;7382.21;13104.89;26410.26;39420.17
0;791;1;1695106;214.19;458.86;775.95;1447.99;3738.88
0;791;2;1409935;362.66;806.62;1494.2;2698.86;6289.22
0;791;3;1043358;692.12;1738.43;3239.74;5912.12;14238.64
0;791;4;1104925;1523.71;3330.19;5421.05;8661.21;17443.85
0;792;1;885077;194.5;293.26;559.96;1106.35;2990.25
0;792;2;590881;238.1;672.58;1553.59;2983.43;9558.77
0;792;3;520106;369.6;2442.77;4796.58;7358.32;16858
0;792;4;504636;628.78;3026.41;7588.91;12663.22;20835.15
0;810;1;836381;200.52;229.2;429.7;969.99;2437.3
0;810;2;882711;211.48;618.66;1509.07;2897.46;7682.72
0;810;3;585706;232.99;1242.4;2892.62;6319.25;14140.3
0;810;4;92155;221.15;996.23;2796.91;6902.01;22748.11
0;811;1;291498;191.17;229.53;368.93;624.03;1313.7
0;811;2;216374;200.89;344.62;556.3;1160.35;3171.43
0;811;3;58657;199.95;256.02;1078.71;1672.49;3208.34
0;811;4;72110;180.02;1206.7;2844.63;9713.39;24456.26
0;812;1;4735614;188.57;223.65;295.34;544.97;2102.39
0;812;2;4297191;202.21;275.84;684.94;1647.7;4865.46
0;812;3;2736282;235.1;727.32;1751.37;3427.77;8214.95
0;812;4;1637688;394.14;1548.02;2981.26;5622.23;13074.96
0;813;1;1524469;213.79;403.2;679.57;1180.67;2738.85
0;813;2;1267813;234.01;559.45;995.59;1708.2;4102.93
0;813;3;1174464;293.26;952.28;1797.82;3320.74;7791.11
0;813;4;417719;369.16;1051.99;3467.11;6740.55;16290.62
0;814;1;111782;199.4;369.01;797.02;1645.15;5203.97
0;814;2;767654;221.56;621.2;1731.69;4101.26;13349.21
0;814;3;151313;688.29;2120.49;3559.91;7522.34;29247.81
0;814;4;11873;1122.2;1122.2;4062.43;6688.66;6688.66
0;815;1;619715;180.25;220.38;296.33;546.46;2020.65
0;815;2;505028;211.35;407.91;1064.02;2268.89;6038.04
0;815;3;349980;210.38;522.06;1545.78;5161.51;10088.77
0;815;4;469290;216.92;983.48;2767.73;6240.71;18845.65
0;830;1;16959;182.62;241.69;473.77;1123.32;4865.13
0;830;2;119410;181.38;263.94;481.2;21558.93;47540.22
0;830;3;13890;281.54;762.56;1321.06;2505.58;4430.12
0;830;4;287671;1745.76;15624.81;42896.11;76936.19;82732.71
0;831;4;177438;52302.42;52302.42;88718.78;125135.15;125135.15
0;832;1;498188;209.4;820.53;1889.03;4453.98;13994.99
0;832;2;777063;205.34;749.44;4579.2;16947.64;47973.96
0;832;3;220801;696.16;6333.92;7968.76;25704.12;49843.6
0;832;4;500010;2392.86;14228.73;27728.86;46099.49;80807.7
0;833;1;80442;203.79;508.88;872.59;2471.33;4563.07
0;833;2;147034;209.4;730.37;2014.08;4388.83;25813.02
0;833;3;15754;719.65;719.65;6277.42;8756.71;8756.71
0;833;4;20514;20513.92;20513.92;20513.92;20513.92;20513.92
0;840;1;825218;204.85;336.29;726.6;1507.29;7185.59
0;840;2;237847;349.73;1064.94;2002.39;4158.83;11774.48
0;840;3;70343;369.31;2454.44;4061.84;6498.8;12193.86
0;840;4;63896;206.82;3682.29;10014.05;28265.82;43661.3
0;850;1;2263263;196.51;338.87;674.32;1025.38;3188.03
0;850;2;2890424;375.7;797.04;2208.73;5642.45;19025.9
0;850;3;3485902;843.65;3958.02;8956.44;14583.99;31666.77
0;850;4;1641297;1002.57;5620.14;11539.57;16928.42;36054.41
0;860;1;4627972;597.67;1904.18;3524.35;5268.14;11124.55
0;860;2;13769175;1064.2;2789.87;4919.73;7903.35;17976.09
0;860;3;16520281;1663.76;4218.01;7011.57;11168.7;23175.42
0;860;4;5007320;1031.11;5141.81;8875.73;14153.15;29217.21
0;861;1;1379922;204.85;277.39;504.46;1072.45;3101.94
0;861;2;3102455;258.6;696.16;1420.28;2600.31;5761.93
0;861;3;2230402;416.31;1590.09;2720.35;4385.54;10199.11
0;861;4;863604;502.92;2089.05;5635.08;9574.63;21293.26
0;862;1;10694043;194.27;222.51;267.77;348.12;1518.17
0;862;2;8613708;198.51;279.5;500.02;1022.62;4345.54
0;862;3;4179857;271.47;696.23;1368.04;3076.16;9596.76
0;862;4;1141469;361.38;1438.88;3831.13;7895.28;19487.83
0;871;2;4399;4398.87;4398.87;4398.87;4398.87;4398.87
0;871;3;24497;3034.44;3034.44;8855.37;12607.4;12607.4
0;871;4;117205;8886.22;15065.41;21656.61;43537;65005.39
0;872;1;4488;948.79;948.79;2243.77;3538.75;3538.75
0;872;2;111731;1119.75;5233.82;7622.68;17240.55;40184.49
0;872;3;55661;2267.82;3968.99;5472.32;8427.37;17655.73
0;872;4;95835;7318.27;8752.05;14767.89;19299.67;30929.07
0;873;1;33395;340.71;675.62;1027.02;2239.52;3162.63
0;873;2;92277;250.64;1370.48;2702.44;6151.88;14376.53
0;873;3;25144;3478.89;3478.89;6524.82;15139.91;15139.91
0;873;4;2261;2260.94;2260.94;2260.94;2260.94;2260.94
0;890;2;50944;618.6;3091.77;5932.31;10090.39;12095.96
0;890;3;161621;337.16;5012.9;7259.98;14231.82;18008.11
0;890;4;228926;7407.83;9746.24;10995.46;22723.2;36171.65
0;891;1;8257;948.79;948.79;2026.82;5281.32;5281.32
0;891;2;266444;398.17;1011.48;2397.6;4392.88;13150.95
0;891;3;411437;501.29;1992.57;4981.17;10075.26;22416.08
0;891;4;129563;254.44;1464.46;6103.68;13174.37;32167.23
0;892;1;27300;696.16;1088.84;1846.55;2712.74;11264.88
0;892;2;143661;316.27;1032.37;2241.91;3598.08;24666.89
0;892;3;168557;1034.91;2588.4;3519.11;6691.63;12185.03
0;892;4;17258;469.71;1816.17;4005.29;6812.93;8777.91
0;893;1;145117;343.25;865.25;1480.04;2444.88;4462.51
0;893;2;353203;322.16;1041.6;1706.18;2734.17;6376.23
0;893;3;143666;683.54;1581.31;2840.22;6136.5;15268.91
0;893;4;64020;1953.06;5373.48;5558.76;16731.89;20168.17
0;894;1;131934;337.81;734.38;1340.72;2059.54;3586.27
0;894;2;120072;303.1;772.61;1648.72;2757.1;8191.4
0;894;3;16761;316.26;1897.58;2855.99;4391.48;4443.36
0;910;1;234573;1599.6;3124.2;4466.25;7110.78;23611.33
0;910;2;840703;1630.44;2824.3;5011.13;7469.45;17541.98
0;910;3;1579759;470;3751.97;6141.89;10228.28;22936.83
0;910;4;2102920;592.94;4231.83;8233.78;14552.13;28830.19
0;911;1;42791;351.66;3619.75;4690.87;13486.65;15951.35
0;911;2;833378;747.15;2054.04;3345.38;6037.7;13380.3
0;911;3;1310146;349.72;2158.94;4787.18;9446.82;21725.93
0;911;4;1348819;257.01;2417.6;5792.38;10824.12;25527.89
0;930;1;26983;175.14;294.2;686.93;3629.38;17587.32
0;930;2;748630;213.71;1081.11;2272.91;3992.28;7818.85
0;930;3;699281;207.04;374.05;2414.29;5117.34;11644.94
0;930;4;747125;205.56;429.5;4512.12;8890.77;20193.25
0;931;2;183797;368.46;1339.06;2158.12;2902.39;5213.55
0;931;3;66195;232.52;1276.4;4372.05;5961.42;14410.15
0;931;4;38725;219.78;1426.54;10177.14;12087.95;14813.83
0;950;1;3653684;238.34;606.88;1051.9;2049.68;5718.37
0;950;2;7954976;463.32;1415.67;2950.82;5057.4;11755.77
0;950;3;13453069;1225.97;3458.12;5925.09;9952.03;21837.84
0;950;4;11672741;1542.7;4889.63;8240;13998.95;29427.71
0;951;1;347069;455.02;882.2;1254.43;2266.74;5990.64
0;951;2;1171111;746.5;1592.61;3264.81;5674.59;11514.02
0;951;3;1941493;2233;4827.96;6996.97;10224.72;17074.62
0;951;4;872656;4045.92;6676.61;10057.63;15876.07;29843.45
0;952;1;3495115;221.79;517.3;918.4;1732.03;4942.65
0;952;2;7405299;482.7;1375.5;2552.81;4440.22;10287.18
0;952;3;7578144;1175.02;2837.89;4788.7;8639.25;17514.09
0;952;4;3017536;1612.8;4718.03;7559.41;14228;24555.82
0;955;0;756436;196.73;378.84;823.85;1868.89;7096.5
0;956;0;1659072;221.15;836.74;1677.44;3258.66;10169.1
