vrai_hop;rdrg;SI;N;total;p5;p25;p50;p75;p95
0;001;2;40;25947;0;0;243.5;1148.65;2825.9
0;001;3;94;107051;0;121.75;617.48;1769.88;4175.52
0;001;4;99;484945;0;1016.49;2599.28;6022.02;20442.62
0;002;1;2;4179;127.54;127.54;2089.43;4051.32;4051.32
0;002;2;5;1107;0;133.18;243.5;365.25;365.25
0;002;3;70;70956;0;133.18;377.54;1074.2;4703.58
0;002;4;118;523971;0;365.25;2040.98;5285.79;15922.96
0;003;1;244;718893;0;892.58;1788.15;3751.04;9657.48
0;003;2;441;1678019;417.48;1322.02;2400.48;4557.46;11728.94
0;003;3;146;770702;556.64;1791.67;3362.64;6492.68;18188.33
0;003;4;125;1827620;753.42;4597.67;10023.32;16797.28;46620.32
0;004;1;9;1934;0;0;0;487;960.08
0;004;2;42;36660;0;0;0;360.03;5914.54
0;004;3;228;258639;0;0;282.94;1224.1;6427
0;004;4;1119;2782623;0;240.02;852.31;2614.58;10088.8
0;005;2;7;122;0;0;0;0;121.75
0;005;3;73;21200;0;0;0;243.5;1478.47
0;005;4;244;203924;0;0;243.5;739.23;2557.05
0;006;2;3;40890;243.5;243.5;365.25;40280.82;40280.82
0;006;3;4;400;0;0;66.59;199.77;266.36
0;006;4;4;8406;835.52;877.61;1936.5;3325.16;3697.02
0;020;1;180;5127;0;0;0;0;231.06
0;020;2;114;6726;0;0;0;0;377.63
0;020;3;211;36083;0;0;0;121.75;1043.64
0;020;4;218;79038;0;0;121.75;391.2;1774.2
0;021;1;1078;14095;0;0;0;0;0
0;021;2;1638;39549;0;0;0;0;121.75
0;021;3;1249;80879;0;0;0;0;377.63
0;021;4;748;187734;0;0;0;218.63;1287.14
0;022;1;222;0;0;0;0;0;0
0;022;2;191;2493;0;0;0;0;0
0;022;3;77;3880;0;0;0;0;399.54
0;022;4;27;5549;0;0;0;0;785.18
0;023;1;714;8672;0;0;0;0;0
0;023;2;413;16131;0;0;0;0;159
0;023;3;180;18415;0;0;0;0;635.87
0;023;4;53;28181;0;0;0;243.5;3899.71
0;024;1;1874;3692;0;0;0;0;0
0;024;2;1724;11370;0;0;0;0;0
0;024;3;1506;33377;0;0;0;0;121.75
0;024;4;305;23440;0;0;0;0;473.56
0;026;1;1782;3904;0;0;0;0;0
0;026;2;751;7091;0;0;0;0;0
0;026;3;304;15508;0;0;0;0;243.5
0;026;4;79;20512;0;0;0;243.5;1026.57
0;040;1;115;865;0;0;0;0;36.44
0;040;2;168;1951;0;0;0;0;36.44
0;040;3;88;1182;0;0;0;0;36.44
0;040;4;18;55;0;0;0;0;36.44
0;041;1;265;13589;0;0;0;0;218.63
0;041;2;987;24937;0;0;0;0;218.63
0;041;3;1244;40629;0;0;0;0;218.63
0;041;4;264;22271;0;0;0;0;402.5
0;042;1;1911;60526;0;0;0;0;218.63
0;042;2;5567;143329;0;0;0;0;189.2
0;042;3;3115;93015;0;0;0;0;218.63
0;042;4;363;15131;0;0;0;0;279.94
0;043;1;1989;2147;0;0;0;0;0
0;043;2;1028;4704;0;0;0;0;0
0;043;3;153;1946;0;0;0;0;36.44
0;043;4;21;18010;0;0;0;36.44;608.75
0;044;1;441;17531;0;0;0;0;0
0;044;2;756;5185;0;0;0;0;0
0;044;3;1389;24309;0;0;0;0;36.44
0;044;4;461;29234;0;0;0;0;340.38
0;045;1;1654;2963;0;0;0;0;0
0;045;2;7857;40047;0;0;0;0;0
0;045;3;4201;103933;0;0;0;0;121.75
0;045;4;911;57111;0;0;0;0;365.25
0;046;1;125;668;0;0;0;0;36.44
0;046;2;309;2600;0;0;0;0;72.88
0;046;3;126;2529;0;0;0;0;218.63
0;046;4;9;73;0;0;0;0;36.44
0;047;1;2682;3503;0;0;0;0;0
0;047;2;3749;12727;0;0;0;0;0
0;047;3;923;15204;0;0;0;0;72.88
0;047;4;90;12887;0;0;0;0;865.4
0;048;1;1476;45842;0;0;0;0;0
0;048;2;1449;48331;0;0;0;0;36.44
0;048;3;1031;43161;0;0;0;0;218.63
0;048;4;75;11595;0;0;0;36.44;852.25
0;049;1;101;809;0;0;0;0;0
0;049;2;334;4744;0;0;0;0;36.44
0;049;3;159;5693;0;0;0;0;218.63
0;049;4;66;9919;0;0;0;194.63;608.75
0;050;1;233;402;0;0;0;0;0
0;050;2;464;11735;0;0;0;0;218.63
0;050;3;243;15841;0;0;0;0;365.25
0;050;4;61;12746;0;0;0;121.75;1353.83
0;051;1;690;281;0;0;0;0;0
0;051;2;340;2950;0;0;0;0;0
0;051;3;46;595;0;0;0;0;121.75
0;051;4;8;1853;0;0;109.31;260.71;1113.28
0;052;1;1051;2006;0;0;0;0;0
0;052;2;602;2955;0;0;0;0;0
0;052;3;747;18355;0;0;0;0;121.75
0;052;4;135;65654;0;0;0;0;378.4
0;053;1;7165;6162;0;0;0;0;0
0;053;2;5555;14519;0;0;0;0;0
0;053;3;3017;40226;0;0;0;0;59.63
0;053;4;530;27860;0;0;0;0;243.5
0;054;1;4464;3093;0;0;0;0;0
0;054;2;1869;5045;0;0;0;0;0
0;054;3;191;4079;0;0;0;0;121.75
0;054;4;12;924;0;0;0;170.19;243.5
0;055;1;1036;4526;0;0;0;0;0
0;055;2;1504;31808;0;0;0;0;36.44
0;055;3;805;58747;0;0;0;0;243.5
0;055;4;195;31805;0;0;0;36.44;1014.3
0;056;1;118;36;0;0;0;0;0
0;056;2;118;630;0;0;0;0;36.44
0;056;3;50;2412;0;0;0;0;243.5
0;056;4;9;902;0;0;0;0;658.34
0;057;1;5973;1186;0;0;0;0;0
0;057;2;1528;4462;0;0;0;0;0
0;057;3;262;6482;0;0;0;0;218.63
0;057;4;34;11847;0;0;0;218.63;2296.14
0;058;1;11108;33443;0;0;0;0;0
0;058;2;5288;37882;0;0;0;0;0
0;058;3;1881;52664;0;0;0;0;218.63
0;058;4;289;22226;0;0;0;36.44;365.25
0;070;1;307;123064;0;0;0;0;2260.17
0;070;2;184;29764;0;0;0;0;2260.17
0;070;3;28;2988;0;0;0;0;266.36
0;070;4;5;920;0;0;0;121.75;797.95
0;073;1;7796;970824;0;0;0;0;1422.42
0;073;2;2405;146071;0;0;0;0;61.81
0;073;3;177;12685;0;0;0;0;243.5
0;073;4;8;535;0;0;18.22;127.46;243.5
0;080;1;196;487;0;0;0;0;0
0;080;2;340;1915;0;0;0;0;0
0;080;3;90;11573;0;0;0;0;158.19
0;080;4;7;0;0;0;0;0;0
0;082;1;1179;2081;0;0;0;0;0
0;082;2;1201;10201;0;0;0;0;0
0;082;3;328;10450;0;0;0;0;218.63
0;082;4;35;3103;0;0;0;0;243.5
0;089;1;1098;63613;0;0;0;0;324.92
0;089;2;465;38884;0;0;0;0;360.96
0;089;3;232;39012;0;0;0;152.94;869.72
0;089;4;42;23234;0;120.01;279.94;827.38;1947.15
0;090;1;45;0;0;0;0;0;0
0;090;2;133;6440;0;0;0;0;360.03
0;090;3;84;7038;0;0;0;54.66;462.13
0;090;4;35;11059;0;0;121.75;462.13;982.62
0;091;1;7;0;0;0;0;0;0
0;091;2;581;3234;0;0;0;0;0
0;091;3;86;8243;0;0;0;0;676.2
0;091;4;28;8056;0;0;121.75;243.5;1095.75
0;092;1;3697;48143;0;0;0;0;0
0;092;2;1767;31513;0;0;0;0;0
0;092;3;319;8182;0;0;0;0;243.5
0;092;4;9;2695;0;0;0;0;2573.43
0;093;1;4033;48034;0;0;0;0;0
0;093;2;543;9684;0;0;0;0;0
0;093;3;58;6457;0;0;0;0;1083.57
0;093;4;8;1732;0;0;0;127.53;1476.88
0;095;1;113;827;0;0;0;0;0
0;095;2;31;0;0;0;0;0;0
0;095;3;3;0;0;0;0;0;0
0;097;1;5784;4374;0;0;0;0;0
0;097;2;1127;8274;0;0;0;0;0
0;097;3;73;4783;0;0;0;0;279.94
0;097;4;16;3237;0;0;0;218.63;1669.8
0;098;1;10527;248032;0;0;0;0;0
0;098;2;2045;41188;0;0;0;0;0
0;098;3;263;30941;0;0;0;0;365.25
0;098;4;101;31870;0;0;218.63;365.25;1190.35
0;110;1;299;6071;0;0;0;0;218.63
0;110;2;532;18401;0;0;0;0;218.63
0;110;3;450;27273;0;0;0;0;243.5
0;110;4;130;20007;0;0;0;243.5;487
0;111;1;3161;2687;0;0;0;0;0
0;111;2;2338;8730;0;0;0;0;0
0;111;3;409;4587;0;0;0;0;54.66
0;111;4;17;1479;0;0;0;0;748.74
0;113;1;11289;2066;0;0;0;0;0
0;113;2;9395;31400;0;0;0;0;0
0;113;3;2103;65061;0;0;0;0;121.75
0;113;4;282;32976;0;0;0;18.22;487
0;114;1;2146;5806;0;0;0;0;0
0;114;2;1504;15122;0;0;0;0;0
0;114;3;449;69515;0;0;0;0;765.38
0;114;4;81;93014;0;0;121.75;487;3722.44
0;115;1;48786;20322;0;0;0;0;0
0;115;2;16883;19608;0;0;0;0;0
0;115;3;758;24986;0;0;0;0;243.5
0;115;4;106;9891;0;0;0;0;567.6
0;120;1;738;4253;0;0;0;0;0
0;120;2;1471;27059;0;0;0;0;121.75
0;120;3;975;115323;0;0;0;36.44;487
0;120;4;585;183151;0;0;0;273.29;1339.25
0;121;1;933;3848;0;0;0;0;0
0;121;2;1434;36803;0;0;0;0;218.63
0;121;3;997;94327;0;0;0;36.44;365.25
0;121;4;599;208869;0;0;36.44;365.25;1582.75
0;130;1;7;0;0;0;0;0;0
0;130;2;86;4943;0;0;0;0;243.5
0;130;3;321;40495;0;0;0;0;487
0;130;4;443;143965;0;0;0;243.5;1542.22
0;131;1;53;128;0;0;0;0;0
0;131;2;224;55;0;0;0;0;0
0;131;3;451;2212;0;0;0;0;0
0;131;4;93;888;0;0;0;0;94.6
0;132;1;6;0;0;0;0;0;0
0;132;2;48;124;0;0;0;0;0
0;132;3;53;0;0;0;0;0;0
0;132;4;11;0;0;0;0;0;0
0;133;1;12;0;0;0;0;0;0
0;133;2;430;4542;0;0;0;0;54.66
0;133;3;560;19724;0;0;0;0;130.36
0;133;4;188;21759;0;0;0;0;665.9
0;134;1;1024;9187;0;0;0;0;72.88
0;134;2;2238;38924;0;0;0;0;72.88
0;134;3;1825;69418;0;0;0;36.44;218.63
0;134;4;380;33917;0;0;0;72.88;487
0;135;1;1531;6019;0;0;0;0;36.44
0;135;2;911;6036;0;0;0;0;0
0;135;3;1016;33345;0;0;0;0;240.02
0;135;4;181;15493;0;0;0;121.75;365.25
0;136;1;449;8343;0;0;0;0;218.63
0;136;2;2630;104902;0;0;0;0;218.63
0;136;3;3594;284008;0;0;0;36.44;291.51
0;136;4;708;154166;0;0;0;218.63;800.23
0;137;1;661;1770;0;0;0;0;0
0;137;2;2226;31131;0;0;0;0;120.01
0;137;3;4098;185128;0;0;0;0;243.5
0;137;4;1506;305581;0;0;0;36.44;618.17
0;138;1;5347;247;0;0;0;0;0
0;138;2;4107;1605;0;0;0;0;0
0;138;3;2215;9664;0;0;0;0;0
0;138;4;100;17363;0;0;0;0;796.88
0;139;1;6003;9452;0;0;0;0;0
0;139;2;11349;130172;0;0;0;0;36.44
0;139;3;12335;521055;0;0;0;0;243.5
0;139;4;2860;342085;0;0;0;36.44;487
0;140;1;2614;8503;0;0;0;0;0
0;140;2;8459;69250;0;0;0;0;36.44
0;140;3;15587;223059;0;0;0;0;72.88
0;140;4;4849;240995;0;0;0;0;243.5
0;141;1;2032;1191;0;0;0;0;0
0;141;2;1517;4661;0;0;0;0;0
0;141;3;1084;3900;0;0;0;0;0
0;141;4;113;2488;0;0;0;0;121.75
0;142;1;327;2168;0;0;0;0;0
0;142;2;733;11918;0;0;0;0;159
0;142;3;739;24438;0;0;0;0;218.63
0;142;4;172;26003;0;0;0;57.14;395.04
0;143;1;1624;1544;0;0;0;0;0
0;143;2;1936;13106;0;0;0;0;36.44
0;143;3;1413;40203;0;0;0;0;218.63
0;143;4;500;28336;0;0;0;0;348.35
0;144;1;9135;11431;0;0;0;0;0
0;144;2;7374;77731;0;0;0;0;36.44
0;144;3;4128;124089;0;0;0;0;218.63
0;144;4;468;46813;0;0;0;54.66;401.69
0;160;1;11;0;0;0;0;0;0
0;160;2;17;11426;0;0;0;608.81;4051.32
0;160;3;25;27414;0;121.75;730.56;1173.78;4317.68
0;160;4;24;35305;121.75;229.92;1021.89;2131.38;4889.78
0;161;1;1328;4769;0;0;0;0;0
0;161;2;230;4323;0;0;0;0;121.75
0;161;3;132;37059;0;0;0;121.75;1015.22
0;161;4;49;103896;0;159;974;2403.77;8165.71
0;162;1;18;9927;0;0;94.6;626.22;4538.38
0;162;2;119;96839;0;0;243.5;865.46;4051.32
0;162;3;215;248130;0;94.6;631.61;1586.78;4222.54
0;162;4;184;435957;0;755.56;1640.59;3074.46;5927.88
0;163;1;288;68672;0;0;0;161.19;1113.22
0;163;2;1383;573457;0;0;0;365.25;2231.01
0;163;3;1299;790971;0;0;189.2;800.14;2604.78
0;163;4;363;555521;0;243.5;852.25;1899.36;5117.85
0;165;1;6;1600;0;0;0;626.22;974.12
0;165;2;446;120829;0;0;0;365.25;1315.57
0;165;3;416;172472;0;0;121.75;608.75;1620.48
0;165;4;155;156349;0;243.5;608.75;1408.89;3634.42
0;166;1;438;27765;0;0;0;0;417.48
0;166;2;1789;259304;0;0;0;121.75;861.61
0;166;3;1577;383758;0;0;0;243.5;1182.86
0;166;4;333;225913;0;0;365.25;852.25;2746.25
0;167;1;979;9928;0;0;0;0;0
0;167;2;1041;89458;0;0;0;0;527.3
0;167;3;880;289429;0;0;0;243.5;1720.99
0;167;4;314;391764;0;189.2;480.28;1665.54;4879.06
0;169;1;402;9267;0;0;0;0;243.5
0;169;2;953;122599;0;0;0;0;532.72
0;169;3;538;207207;0;0;0;365.25;1791.55
0;169;4;281;429025;0;243.5;730.5;1774.14;5984.76
0;170;1;38;128;0;0;0;0;54.66
0;170;2;219;1691;0;0;0;0;36.44
0;170;3;127;4613;0;0;0;0;243.5
0;170;4;30;3098;0;0;0;72.88;487
0;171;1;2971;1477;0;0;0;0;0
0;171;2;2701;13352;0;0;0;0;0
0;171;3;932;23432;0;0;0;0;121.75
0;171;4;144;14176;0;0;0;121.75;487
0;174;1;3281;2877;0;0;0;0;0
0;174;2;3649;21257;0;0;0;0;0
0;174;3;1487;42598;0;0;0;0;121.75
0;174;4;621;93690;0;0;0;72.88;730.5
0;175;1;16810;3361;0;0;0;0;0
0;175;2;9873;25829;0;0;0;0;0
0;175;3;2749;49752;0;0;0;0;72.88
0;175;4;1262;137198;0;0;0;72.88;487.06
0;176;1;755;773;0;0;0;0;0
0;176;2;904;1277;0;0;0;0;0
0;176;3;533;2420;0;0;0;0;0
0;176;4;17;2441;0;0;0;243.5;1192.63
0;177;1;462;122;0;0;0;0;0
0;177;2;183;1057;0;0;0;0;0
0;177;3;112;4486;0;0;0;0;218.63
0;177;4;31;11011;0;0;0;608.75;1731.98
0;180;1;1722;2186;0;0;0;0;0
0;180;2;329;10290;0;0;0;0;243.5
0;180;3;410;58608;0;0;0;36.44;487
0;180;4;163;86316;0;0;91.1;462.13;2398.17
0;181;1;9051;63517;0;0;0;0;0
0;181;2;7010;222589;0;0;0;0;243.5
0;181;3;1901;315117;0;0;0;243.5;730.5
0;181;4;443;360840;0;36.44;365.25;852.25;2643.86
0;182;1;1600;14549;0;0;0;0;0
0;182;2;1976;49487;0;0;0;0;121.75
0;182;3;741;69309;0;0;0;0;556.64
0;182;4;246;170035;0;0;122.68;730.5;3085.39
0;190;1;1645;2663;0;0;0;0;0
0;190;2;3186;40069;0;0;0;0;72.88
0;190;3;1575;63796;0;0;0;0;243.5
0;190;4;447;63569;0;0;0;72.88;608.75
0;191;1;6316;4316;0;0;0;0;0
0;191;2;5132;12524;0;0;0;0;0
0;191;3;576;7240;0;0;0;0;72.88
0;191;4;41;2776;0;0;0;0;243.5
0;192;1;5349;5679;0;0;0;0;0
0;192;2;5667;40632;0;0;0;0;36.44
0;192;3;2157;50952;0;0;0;0;121.75
0;192;4;474;38003;0;0;0;36.44;365.25
0;193;1;9;219;0;0;0;0;218.63
0;193;2;61;5301;0;0;0;218.63;340.38
0;193;3;102;10243;0;0;0;218.63;316.38
0;193;4;48;10499;0;0;0;243.5;984.01
0;194;1;1589;12908;0;0;0;0;54.66
0;194;2;10451;205023;0;0;0;0;121.75
0;194;3;10935;419731;0;0;0;0;243.5
0;194;4;2172;192743;0;0;0;72.88;462.13
0;196;1;216;1254;0;0;0;0;0
0;196;2;213;6380;0;0;0;0;243.5
0;196;3;331;23907;0;0;0;0;365.25
0;196;4;172;20512;0;0;0;0;790.4
0;197;1;1092;9863;0;0;0;0;72.88
0;197;2;1945;38721;0;0;0;0;121.75
0;197;3;1716;73691;0;0;0;0;243.5
0;197;4;242;40812;0;0;0;72.88;1070.88
0;198;1;1699;9539;0;0;0;0;36.44
0;198;2;1746;27776;0;0;0;0;72.88
0;198;3;455;13099;0;0;0;0;218.63
0;198;4;73;5260;0;0;0;0;316.38
0;199;1;998;2193;0;0;0;0;0
0;199;2;1151;6680;0;0;0;0;36.44
0;199;3;428;13512;0;0;0;0;121.75
0;199;4;54;2180;0;0;0;0;266.36
0;200;1;228;1327;0;0;0;0;36.44
0;200;2;571;8677;0;0;0;0;72.88
0;200;3;353;12345;0;0;0;0;243.5
0;200;4;68;4973;0;0;0;121.75;365.25
0;201;1;6654;8957;0;0;0;0;0
0;201;2;8263;56466;0;0;0;0;18.22
0;201;3;2876;55170;0;0;0;0;121.75
0;201;4;461;39084;0;0;0;18.22;487
0;203;1;2612;8036;0;0;0;0;0
0;203;2;1385;13622;0;0;0;0;72.88
0;203;3;221;4568;0;0;0;0;72.88
0;203;4;4;268;0;0;36.44;133.75;194.63
0;204;1;4043;7929;0;0;0;0;0
0;204;2;4871;43759;0;0;0;0;36.44
0;204;3;1450;42812;0;0;0;0;218.63
0;204;4;123;27657;0;0;0;243.5;1346.06
0;205;1;64;875;0;0;0;0;36.44
0;205;2;180;2376;0;0;0;0;72.88
0;205;3;140;3753;0;0;0;0;121.75
0;205;4;43;2687;0;0;0;109.32;316.38
0;206;1;182;182;0;0;0;0;0
0;206;2;551;13200;0;0;0;0;218.63
0;206;3;401;33787;0;0;0;0;365.25
0;206;4;121;30247;0;0;0;243.5;1097.44
0;207;1;2142;6956;0;0;0;0;0
0;207;2;1742;24245;0;0;0;0;72.88
0;207;3;1101;64675;0;0;0;0;279.94
0;207;4;261;71608;0;0;0;121.75;778.37
0;220;1;1229;4983;0;0;0;0;0
0;220;2;752;34352;0;0;0;0;243.5
0;220;3;1039;170033;0;0;0;121.75;800.14
0;220;4;430;258143;0;0;243.5;649.05;2272.22
0;221;1;5655;43271;0;0;0;0;0
0;221;2;5460;164174;0;0;0;0;243.5
0;221;3;3380;455457;0;0;0;121.75;608.75
0;221;4;1355;751455;0;0;243.5;608.75;2166.63
0;222;1;2217;5220;0;0;0;0;0
0;222;2;1581;16966;0;0;0;0;0
0;222;3;571;48480;0;0;0;0;487
0;222;4;272;110875;0;0;121.75;487;2051.89
0;223;1;1809;5828;0;0;0;0;0
0;223;2;1521;31350;0;0;0;0;133.18
0;223;3;722;62892;0;0;0;0;487
0;223;4;227;89316;0;0;121.75;487;1660.12
0;224;1;891;2589;0;0;0;0;0
0;224;2;514;3684;0;0;0;0;0
0;224;3;217;10029;0;0;0;0;243.5
0;224;4;73;10960;0;0;0;243.5;617.31
0;225;1;7546;620;0;0;0;0;0
0;225;2;4530;12116;0;0;0;0;0
0;225;3;209;4476;0;0;0;0;243.5
0;225;4;32;7089;0;0;0;243.5;1611.82
0;226;1;5400;19519;0;0;0;0;0
0;226;2;745;25873;0;0;0;0;243.5
0;226;3;117;16645;0;0;0;0;962.19
0;226;4;15;9562;0;36.44;243.5;1284.95;1461
0;227;1;5145;5877;0;0;0;0;0
0;227;2;2268;15300;0;0;0;0;0
0;227;3;281;12694;0;0;0;0;243.5
0;227;4;58;22092;0;0;0;459.85;1916.15
0;228;1;10513;6756;0;0;0;0;0
0;228;2;3021;11241;0;0;0;0;0
0;228;3;260;9316;0;0;0;0;243.5
0;228;4;47;12059;0;0;0;243.5;1582.75
0;229;1;1126;10142;0;0;0;0;0
0;229;2;1082;55258;0;0;0;0;243.5
0;229;3;782;139694;0;0;0;218.63;852.25
0;229;4;327;238310;0;0;243.5;852.25;3150.65
0;240;1;970;23007;0;0;0;0;218.63
0;240;2;2462;133377;0;0;0;0;303.13
0;240;3;2359;225753;0;0;0;121.75;487
0;240;4;511;96957;0;0;0;243.5;730.5
0;241;1;3024;44204;0;0;0;0;72.88
0;241;2;2878;246915;0;0;0;0;487
0;241;3;1521;364004;0;0;36.44;365.25;865.4
0;241;4;191;111225;0;0;365.25;730.5;1875.84
0;242;1;188;456;0;0;0;0;0
0;242;2;211;12702;0;0;0;0;365.25
0;242;3;205;31311;0;0;0;243.5;703.35
0;242;4;49;31086;0;0;121.75;730.5;3155.03
0;243;1;2927;9475;0;0;0;0;0
0;243;2;2356;54608;0;0;0;0;218.63
0;243;3;921;63000;0;0;0;0;487
0;243;4;156;37664;0;0;0;364.38;1108.9
0;244;1;5003;27551;0;0;0;0;0
0;244;2;3640;169627;0;0;0;0;365.25
0;244;3;1074;183773;0;0;0;243.5;730.5
0;244;4;100;36971;0;0;97.31;487;1686.41
0;245;1;1508;3346;0;0;0;0;0
0;245;2;1361;23950;0;0;0;0;121.75
0;245;3;477;16787;0;0;0;0;243.5
0;245;4;109;22808;0;0;0;243.5;676.2
0;246;1;326;889;0;0;0;0;0
0;246;2;559;7107;0;0;0;0;121.75
0;246;3;348;18880;0;0;0;0;243.5
0;246;4;86;14900;0;0;0;121.75;852.25
0;247;1;2933;821;0;0;0;0;0
0;247;2;3306;20455;0;0;0;0;0
0;247;3;1800;37893;0;0;0;0;121.75
0;247;4;298;24713;0;0;0;36.44;376.68
0;248;1;1843;1430;0;0;0;0;0
0;248;2;2023;13066;0;0;0;0;0
0;248;3;946;64395;0;0;0;0;243.5
0;248;4;194;95020;0;0;0;339.57;2202.64
0;249;1;13820;4055;0;0;0;0;0
0;249;2;13024;55175;0;0;0;0;0
0;249;3;3332;126291;0;0;0;0;243.5
0;249;4;335;89925;0;0;0;121.75;1426.36
0;251;1;3398;2314;0;0;0;0;0
0;251;2;1781;4950;0;0;0;0;0
0;251;3;386;9920;0;0;0;0;189.2
0;251;4;28;9607;0;0;0;18.22;803.38
0;252;1;740;1132;0;0;0;0;0
0;252;2;1237;10052;0;0;0;0;0
0;252;3;617;26548;0;0;0;0;218.63
0;252;4;132;11882;0;0;0;60.88;554.45
0;253;1;598;35007;0;0;0;0;365.25
0;253;2;1345;215187;0;0;0;243.5;608.75
0;253;3;861;304124;0;0;243.5;487;1026.51
0;253;4;166;126664;0;0;382.39;730.5;2800.61
0;254;1;11889;46628;0;0;0;0;0
0;254;2;6198;188642;0;0;0;0;243.5
0;254;3;2264;189399;0;0;0;0;487
0;254;4;294;94365;0;0;0;243.5;1118.19
0;260;1;504;6251;0;0;0;0;0
0;260;2;1082;44649;0;0;0;0;255.07
0;260;3;726;129930;0;0;0;121.75;974
0;260;4;286;337504;0;0;243.5;1093.74;4990.11
0;261;1;289;505;0;0;0;0;0
0;261;2;653;8278;0;0;0;0;0
0;261;3;500;52690;0;0;0;0;365.25
0;261;4;223;82469;0;0;0;462.13;1530.64
0;262;1;164;244;0;0;0;0;0
0;262;2;153;5285;0;0;0;0;243.5
0;262;3;115;12442;0;0;0;0;608.75
0;262;4;41;26437;0;0;243.5;626.22;2217.8
0;263;1;12500;3078;0;0;0;0;0
0;263;2;6208;20391;0;0;0;0;0
0;263;3;777;36890;0;0;0;0;243.5
0;263;4;125;49414;0;0;0;365.25;2000.41
0;264;1;589;19697;0;0;0;0;0
0;264;2;917;26433;0;0;0;0;218.63
0;264;3;914;104723;0;0;0;0;556.64
0;264;4;392;237240;0;0;243.5;628.91;2496.3
0;279;1;179;280;0;0;0;0;0
0;279;2;460;11936;0;0;0;0;121.75
0;279;3;674;53294;0;0;0;0;365.25
0;279;4;140;63760;0;0;0;459.85;1928.22
0;280;1;282;2488;0;0;0;0;0
0;280;2;1201;46957;0;0;0;0;243.5
0;280;3;1676;192533;0;0;0;18.22;608.75
0;280;4;471;190401;0;0;120.01;459.85;1936.16
0;281;1;378;161618;0;0;0;0;218.63
0;281;2;1698;580023;0;0;0;0;243.5
0;281;3;1939;521843;0;0;0;0;279.94
0;281;4;485;82888;0;0;0;121.75;852.25
0;282;1;2404;4638;0;0;0;0;0
0;282;2;3006;14799;0;0;0;0;0
0;282;3;1154;25434;0;0;0;0;189.2
0;282;4;247;40879;0;0;0;121.75;730.5
0;283;1;698;1144;0;0;0;0;0
0;283;2;1002;20783;0;0;0;0;72.88
0;283;3;779;49985;0;0;0;0;365.25
0;283;4;130;49955;0;0;0;255.07;1849.37
0;284;1;3628;3566;0;0;0;0;0
0;284;2;4629;31873;0;0;0;0;0
0;284;3;2212;115839;0;0;0;0;243.5
0;284;4;442;82249;0;0;0;109.32;852.25
0;301;1;14896;479635;0;0;0;0;243.5
0;301;2;13918;736298;0;0;0;0;302.8
0;301;3;1735;325281;0;0;0;243.5;848.77
0;301;4;473;204168;0;0;240.02;487;1725.28
0;302;1;18706;100684;0;0;0;0;0
0;302;2;7525;206381;0;0;0;0;243.5
0;302;3;567;84650;0;0;0;243.5;487
0;302;4;78;33473;0;0;243.5;608.75;1426.37
0;303;1;188;102710;0;0;354.47;886.14;1595.08
0;303;2;165;107145;0;0;295.39;945.26;2481.36
0;303;3;59;50830;0;121.75;600.35;1425.06;2752.83
0;303;4;12;6130;0;243.5;302.23;676.2;1627.8
0;304;1;5094;434211;0;0;0;0;502.15
0;304;2;2040;226416;0;0;0;0;597.97
0;304;3;602;107114;0;0;0;243.5;873.51
0;304;4;70;51019;0;36.44;392.84;952.42;2568.49
0;305;1;56;1694;0;0;0;0;243.5
0;305;2;340;24140;0;0;0;0;444.34
0;305;3;455;69027;0;0;0;243.5;730.5
0;305;4;280;155859;0;121.75;365.25;730.5;1896.76
0;308;1;3229;216855;0;0;0;36.44;365.25
0;308;2;4574;587913;0;0;0;243.5;487
0;308;3;2264;447934;0;0;121.75;243.5;608.75
0;308;4;517;190701;0;0;243.5;487;1217.5
0;309;1;2155;146258;0;0;0;0;384
0;309;2;989;147918;0;0;0;121.75;676.26
0;309;3;408;128404;0;0;243.5;365.25;1087.35
0;309;4;89;62690;0;176.41;365.25;960.08;2283.58
0;310;1;11701;24115;0;0;0;0;0
0;310;2;4269;39468;0;0;0;0;0
0;310;3;613;88418;0;0;0;0;852.25
0;310;4;60;26282;0;0;36.44;431.91;2358.05
0;312;1;273;2708;0;0;0;0;0
0;312;2;208;9358;0;0;0;0;360.03
0;312;3;113;13855;0;0;0;121.75;532.72
0;312;4;34;46489;0;0;382.39;974;4582.36
0;313;1;12225;426130;0;0;0;0;324.94
0;313;2;4375;294383;0;0;0;0;354.48
0;313;3;480;60619;0;0;0;45.43;734.47
0;313;4;130;45174;0;0;121.75;523.44;1476.93
0;314;1;6884;120674;0;0;0;0;0
0;314;2;7426;95424;0;0;0;0;0
0;314;3;1068;24571;0;0;0;0;243.5
0;314;4;201;37280;0;0;0;243.5;730.5
0;315;1;22864;115389;0;0;0;0;0
0;315;2;10269;257995;0;0;0;0;243.5
0;315;3;906;91168;0;0;0;121.75;487
0;315;4;122;39623;0;0;121.75;365.25;1217.5
0;316;1;4038;39560;0;0;0;0;0
0;316;2;732;8215;0;0;0;0;0
0;316;3;75;5092;0;0;0;0;502.15
0;316;4;12;3039;0;0;36.44;206.63;1943.92
0;317;1;8449;180368;0;0;0;0;0
0;317;2;914;37315;0;0;0;0;243.5
0;317;3;195;35954;0;0;0;218.63;730.5
0;317;4;65;29816;0;0;243.5;487;2069.75
0;320;1;7817;210498;0;0;0;0;0
0;320;2;2736;70203;0;0;0;0;133.18
0;320;3;404;68534;0;0;0;195.03;618.17
0;320;4;72;27816;0;0;121.75;347.42;2150.41
0;321;1;5031;158377;0;0;0;0;324.92
0;321;2;1586;95795;0;0;0;0;354.48
0;321;3;222;21231;0;0;0;36.44;597.96
0;321;4;62;24070;0;0;121.75;523.44;1774.26
0;322;1;799;7796;0;0;0;0;0
0;322;2;474;24035;0;0;0;0;243.5
0;322;3;73;11281;0;0;0;243.5;676.2
0;322;4;9;4050;0;243.5;487;541.66;840.07
0;340;1;290;2013;0;0;0;0;36.44
0;340;2;832;11545;0;0;0;0;36.44
0;340;3;447;21455;0;0;0;36.44;243.5
0;340;4;72;10308;0;0;0;121.75;974
0;341;1;547;1994;0;0;0;0;36.44
0;341;2;1363;16517;0;0;0;0;36.44
0;341;3;1511;50556;0;0;0;36.44;243.5
0;341;4;132;13065;0;0;0;121.75;389.26
0;342;1;4301;7094;0;0;0;0;0
0;342;2;2708;28057;0;0;0;0;36.44
0;342;3;1247;53297;0;0;0;0;243.5
0;342;4;155;32183;0;0;0;243.5;888.69
0;343;1;230;5662;0;0;0;0;218.63
0;343;2;774;56743;0;0;0;36.44;351.81
0;343;3;1149;121292;0;0;0;121.75;438.94
0;343;4;162;55604;0;0;121.75;365.25;1374.19
0;344;1;482;5741;0;0;0;0;36.44
0;344;2;750;17421;0;0;0;36.44;133.18
0;344;3;472;41227;0;0;0;72.88;365.25
0;344;4;130;42673;0;0;84.47;340.38;1408.95
0;346;1;1294;23933;0;0;0;0;218.63
0;346;2;1168;47490;0;0;0;0;218.63
0;346;3;752;73940;0;0;0;72.88;291.51
0;346;4;118;73212;0;0;45.55;279.94;2507.67
0;347;1;9247;41336;0;0;0;0;36.44
0;347;2;5517;85908;0;0;0;0;36.44
0;347;3;2995;108436;0;0;0;36.44;243.5
0;347;4;326;58852;0;0;36.44;121.75;601.79
0;349;1;880;3923;0;0;0;0;0
0;349;2;1077;18961;0;0;0;0;121.75
0;349;3;369;31462;0;0;0;36.44;405.55
0;349;4;65;13123;0;0;72.88;266.36;788.74
0;351;1;4247;20727;0;0;0;0;36.44
0;351;2;5308;74988;0;0;0;0;54.66
0;351;3;2702;107329;0;0;0;0;243.5
0;351;4;370;64527;0;0;0;121.75;645.19
0;361;1;3161;26938;0;0;0;0;36.44
0;361;2;1180;23011;0;0;0;0;36.44
0;361;3;390;49215;0;0;0;121.75;608.75
0;361;4;74;33242;0;0;200.41;556.4;1681.61
0;362;1;3469;54412;0;0;0;36.44;36.44
0;362;2;1307;49364;0;0;0;36.44;243.5
0;362;3;66;6548;0;0;36.44;36.44;487
0;362;4;6;1593;0;0;36.44;590.89;928.99
0;363;1;12181;155466;0;0;0;36.44;36.44
0;363;2;2323;38108;0;0;0;36.44;36.44
0;363;3;383;17433;0;0;0;36.44;243.5
0;363;4;5;1389;0;0;36.44;243.5;1108.9
0;364;1;4916;30226;0;0;0;0;36.44
0;364;2;1625;47189;0;0;0;0;243.5
0;364;3;517;58313;0;0;0;121.75;487
0;364;4;117;57976;0;0;121.75;462.13;1926.74
0;380;1;138;724;0;0;0;0;0
0;380;2;820;11297;0;0;0;0;72.88
0;380;3;783;26312;0;0;0;0;243.5
0;380;4;129;28838;0;0;36.44;243.5;863.68
0;381;1;219;1312;0;0;0;0;36.44
0;381;2;333;5817;0;0;0;0;218.63
0;381;3;167;10536;0;0;0;0;340.38
0;381;4;22;13679;0;0;0;218.63;921.89
0;382;1;60;905;0;0;0;0;39.35
0;382;2;318;15131;0;0;0;0;243.5
0;382;3;443;40694;0;0;0;36.44;462.13
0;382;4;83;40780;0;0;36.44;365.25;3200.56
0;383;1;5704;4785;0;0;0;0;0
0;383;2;4672;43210;0;0;0;0;36.44
0;383;3;2375;107543;0;0;0;0;243.5
0;383;4;353;91801;0;0;0;133.18;852.25
0;384;1;2735;3713;0;0;0;0;0
0;384;2;2650;59679;0;0;0;0;121.75
0;384;3;1447;114446;0;0;0;36.44;365.25
0;384;4;151;24527;0;0;0;243.5;730.5
0;385;1;3405;15381;0;0;0;0;0
0;385;2;1240;13434;0;0;0;0;36.44
0;385;3;408;15095;0;0;0;0;243.5
0;385;4;50;4964;0;0;0;159;399.54
0;401;1;320;2986;0;0;0;0;0
0;401;2;209;3067;0;0;0;0;0
0;401;3;75;3483;0;0;0;0;383.99
0;401;4;19;13059;0;0;29.38;355.81;4991.75
0;403;1;10074;8287;0;0;0;0;0
0;403;2;2708;14922;0;0;0;0;0
0;403;3;174;10991;0;0;0;0;365.25
0;403;4;51;24083;0;0;0;419.67;4192.57
0;404;1;4503;773;0;0;0;0;0
0;404;2;1787;4457;0;0;0;0;0
0;404;3;154;6118;0;0;0;0;218.63
0;404;4;10;2077;0;0;0;365.25;1312.1
0;405;1;93;0;0;0;0;0;0
0;405;2;86;2082;0;0;0;0;231.07
0;405;3;106;19614;0;0;0;121.75;487
0;405;4;59;22621;0;0;121.75;365.25;1787.29
0;420;1;6119;65346;0;0;0;0;0
0;420;2;2501;14971;0;0;0;0;0
0;420;3;1453;70556;0;0;0;0;121.75
0;420;4;258;43793;0;0;0;121.75;676.2
0;421;1;2314;3066;0;0;0;0;0
0;421;2;2100;25034;0;0;0;0;36.44
0;421;3;1531;53547;0;0;0;0;243.5
0;421;4;158;29340;0;0;0;133.18;730.5
0;422;1;721;340;0;0;0;0;0
0;422;2;2261;17447;0;0;0;0;0
0;422;3;1681;49807;0;0;0;0;243.5
0;422;4;239;33923;0;0;0;121.75;748.74
0;423;1;129;219;0;0;0;0;0
0;423;2;194;2393;0;0;0;0;36.44
0;423;3;121;1256;0;0;0;0;72.88
0;423;4;28;1967;0;0;0;61.81;367.12
0;424;1;1380;143674;0;0;0;186.56;592.93
0;424;2;1048;20931;0;0;0;0;166.42
0;424;3;703;34692;0;0;0;18.22;243.5
0;424;4;91;8824;0;0;0;121.75;603.53
0;425;1;573;1592;0;0;0;0;0
0;425;2;1965;19825;0;0;0;0;36.44
0;425;3;1422;63143;0;0;0;0;243.5
0;425;4;214;31121;0;0;0;36.44;828.98
0;440;1;34;3128;0;0;36.44;36.44;472.42
0;440;2;144;21111;0;0;0;36.44;365.25
0;440;3;158;36805;0;0;0;266.36;888.69
0;440;4;24;55420;0;0;145.68;930.96;4152.39
0;441;1;436;3689;0;0;0;0;0
0;441;2;433;23699;0;0;0;0;365.25
0;441;3;738;136346;0;0;0;243.5;730.5
0;441;4;108;63521;0;121.75;365.25;838.67;1939.43
0;442;1;958;11336;0;0;0;0;0
0;442;2;886;40338;0;0;0;0;243.5
0;442;3;316;48391;0;0;0;243.5;766.94
0;442;4;78;50139;0;121.75;243.5;875.25;2701.36
0;443;1;5667;6691;0;0;0;0;0
0;443;2;2849;33113;0;0;0;0;0
0;443;3;1061;86930;0;0;0;0;487
0;443;4;233;111470;0;0;243.5;487;2243.91
0;444;1;280;1131;0;0;0;0;0
0;444;2;468;3689;0;0;0;0;0
0;444;3;75;3735;0;0;0;0;365.25
0;444;4;4;1426;0;0;60.88;712.91;1304.08
0;445;1;607;2203;0;0;0;0;0
0;445;2;616;17488;0;0;0;0;121.75
0;445;3;134;18580;0;0;0;121.75;608.75
0;445;4;16;5174;0;0;121.75;693.19;1108.9
0;446;1;9122;15807;0;0;0;0;0
0;446;2;4124;76429;0;0;0;0;0
0;446;3;488;51249;0;0;0;0;595.31
0;446;4;59;29117;0;0;72.88;365.25;1530.64
0;447;1;94;730;0;0;0;0;36.44
0;447;2;207;5729;0;0;0;0;243.5
0;447;3;182;18441;0;0;0;121.75;608.75
0;447;4;82;68595;0;158.19;391.5;1065.44;2401.35
0;461;1;445;2633;0;0;0;0;0
0;461;2;704;40202;0;0;0;0;243.5
0;461;3;571;58618;0;0;0;121.75;487
0;461;4;101;15820;0;0;36.44;243.5;498.57
0;462;1;295;523;0;0;0;0;0
0;462;2;338;4747;0;0;0;0;36.44
0;462;3;236;12258;0;0;0;0;273.29
0;462;4;30;18915;0;0;170.19;419.91;1923.13
0;463;1;7713;14318;0;0;0;0;0
0;463;2;9705;102982;0;0;0;0;36.44
0;463;3;6431;289282;0;0;0;0;243.5
0;463;4;1064;128765;0;0;0;121.75;523.44
0;465;1;4305;504;0;0;0;0;0
0;465;2;6143;7921;0;0;0;0;0
0;465;3;272;10475;0;0;0;0;243.5
0;465;4;42;5756;0;0;0;36.44;730.5
0;466;1;448;1322;0;0;0;0;0
0;466;2;1097;11236;0;0;0;0;0
0;466;3;996;43863;0;0;0;0;243.5
0;466;4;180;52506;0;0;0;243.5;732.8
0;468;1;4897;22786;0;0;0;0;0
0;468;2;3532;82328;0;0;0;0;218.63
0;468;3;1657;116881;0;0;0;0;365.25
0;468;4;212;47917;0;0;0;224.85;1107.18
0;469;1;112;3854;0;0;0;0;243.5
0;469;2;898;46387;0;0;0;0;243.5
0;469;3;1365;170585;0;0;0;121.75;487
0;469;4;334;156158;0;0;57.14;365.25;1679.63
0;470;1;140;1010;0;0;0;0;0
0;470;2;1213;27755;0;0;0;0;218.63
0;470;3;1111;61593;0;0;0;0;352.82
0;470;4;139;23869;0;0;0;243.5;608.75
0;480;1;2732;12103;0;0;0;0;0
0;480;2;1132;9971;0;0;0;0;0
0;480;3;84;10372;0;0;0;243.5;487
0;480;4;15;7686;0;0;243.5;730.5;2410.13
0;481;1;711;2460;0;0;0;0;0
0;481;2;437;620;0;0;0;0;0
0;481;3;18;575;0;0;0;0;243.5
0;481;4;6;16074;0;0;94.6;1426.3;14458.66
0;482;1;3651;9510;0;0;0;0;0
0;482;2;4315;23028;0;0;0;0;0
0;482;3;338;25970;0;0;0;0;487
0;482;4;51;10039;0;0;0;365.25;852.25
0;483;1;1818;12081;0;0;0;0;0
0;483;2;191;4588;0;0;0;0;36.44
0;483;3;37;2102;0;0;0;0;523.44
0;483;4;8;895;0;0;0;170.19;554.45
0;484;1;609;6922;0;0;0;0;0
0;484;2;1082;791472;0;0;0;0;4293
0;484;3;315;205090;0;0;0;243.5;4293
0;484;4;16;13307;0;36.44;322.59;987.45;5277.13
0;500;1;183;193722;0;0;0;2718.9;4579.2
0;500;2;440;63316;0;0;0;36.44;444.34
0;500;3;415;71144;0;0;36.44;158.19;645.19
0;500;4;64;18008;0;0;121.75;365.25;766.94
0;501;1;2364;1701;0;0;0;0;0
0;501;2;2179;12756;0;0;0;0;0
0;501;3;727;22381;0;0;0;0;243.5
0;501;4;95;15300;0;0;0;72.88;600.05
0;510;1;292;3465;0;0;0;0;36.44
0;510;2;324;15613;0;0;0;0;302.8
0;510;3;102;19122;0;0;36.44;243.5;608.75
0;510;4;8;3121;0;60.88;241.76;487;1541.6
0;511;1;197;2924;0;0;0;0;0
0;511;2;288;14780;0;0;0;0;243.5
0;511;3;159;36241;0;0;121.75;243.5;765.38
0;511;4;17;7858;0;0;365.25;608.75;1528.45
0;512;1;577;2700;0;0;0;0;36.44
0;512;2;421;6364;0;0;0;0;121.75
0;512;3;82;13074;0;0;0;243.5;676.2
0;512;4;9;8002;0;0;608.75;1095.75;4026.88
0;513;1;10465;17566;0;0;0;0;0
0;513;2;2624;24325;0;0;0;0;0
0;513;3;150;14911;0;0;0;0;487
0;513;4;15;4124;0;0;243.5;462.13;852.25
0;514;1;3284;2379;0;0;0;0;0
0;514;2;1182;1218;0;0;0;0;0
0;514;3;39;870;0;0;0;0;121.75
0;514;4;4;3064;0;182.63;602.66;1349.53;1859
0;517;1;394;5272;0;0;0;0;0
0;517;2;181;6747;0;0;0;0;243.5
0;517;3;28;2690;0;0;0;121.75;487
0;517;4;5;1617;0;0;243.5;399.54;974
0;518;1;1245;14814;0;0;0;0;36.44
0;518;2;473;8523;0;0;0;0;121.75
0;518;3;124;18597;0;0;0;121.75;608.75
0;518;4;27;17042;0;0;218.63;487;4905.3
0;519;1;3678;19023;0;0;0;0;0
0;519;2;604;21850;0;0;0;0;243.5
0;519;3;34;3916;0;0;0;0;865.4
0;519;4;6;1336;0;0;120.01;243.5;852.25
0;530;1;95;2504;0;0;0;0;218.63
0;530;2;480;45223;0;0;0;121.75;446.56
0;530;3;501;80730;0;0;0;243.5;554.45
0;530;4;94;27216;0;0;121.75;365.25;1392.7
0;531;1;582;36;0;0;0;0;0
0;531;2;208;1697;0;0;0;0;0
0;531;3;56;1899;0;0;0;0;243.5
0;531;4;14;523;0;0;0;0;243.5
0;532;1;1157;9555;0;0;0;0;0
0;532;2;462;15523;0;0;0;0;243.5
0;532;3;81;9305;0;0;0;120.01;626.22
0;532;4;9;353;0;0;0;0;297.92
0;540;1;13117;64926;0;0;0;0;0
0;540;2;8549;149485;0;0;0;0;121.75
0;540;3;1754;130717;0;0;0;0;487
0;540;4;56;36381;0;0;243.5;492.74;3052.76
0;541;1;817;12441;0;0;0;0;243.5
0;541;2;1571;83921;0;0;0;0;365.25
0;541;3;340;45971;0;0;0;121.75;608.75
0;541;4;5;6148;0;0;0;865.4;5282.55
0;542;1;387;4590;0;0;0;0;0
0;542;2;1282;57419;0;0;0;0;243.5
0;542;3;176;25890;0;0;0;121.75;865.4
0;542;4;5;6798;0;0;121.75;121.75;6554.39
0;544;1;952;15235;0;0;0;0;121.75
0;544;2;487;29285;0;0;0;0;365.25
0;544;3;65;21826;0;0;121.75;365.25;1650.2
0;544;4;2;1080;0;0;540.04;1080.08;1080.08
0;545;1;854;4596;0;0;0;0;0
0;545;2;317;13658;0;0;0;0;243.5
0;545;3;30;7818;0;0;243.5;487;797.95
0;545;4;2;1258;527.3;527.3;628.9;730.5;730.5
0;546;1;290;1155;0;0;0;0;0
0;546;2;175;2841;0;0;0;0;121.75
0;546;3;59;4399;0;0;0;0;554.45
0;546;4;5;9463;0;0;1302.78;2465.62;5694.61
0;560;1;51653;77168;0;0;0;0;0
0;560;2;28032;233142;0;0;0;0;0
0;560;3;3529;73874;0;0;0;0;0
0;560;4;38;18269;0;0;0;365.25;3613.36
0;561;1;900;3183;0;0;0;0;0
0;561;2;791;4704;0;0;0;0;0
0;561;3;102;4662;0;0;0;0;243.5
0;561;4;9;0;0;0;0;0;0
0;563;1;1673;730;0;0;0;0;0
0;563;2;1152;484;0;0;0;0;0
0;563;3;190;487;0;0;0;0;0
0;564;1;515;3896;0;0;0;0;0
0;564;2;218;4663;0;0;0;0;243.5
0;564;3;14;0;0;0;0;0;0
0;564;4;3;122;0;0;0;121.75;121.75
0;565;1;786;487;0;0;0;0;0
0;565;2;273;0;0;0;0;0;0
0;565;3;28;0;0;0;0;0;0
0;566;1;6373;3353;0;0;0;0;0
0;566;2;5017;12715;0;0;0;0;0
0;566;3;1281;13681;0;0;0;0;0
0;566;4;15;10579;0;0;0;36.44;10311.4
0;580;1;82;768;0;0;0;0;9.82
0;580;2;38;113;0;0;0;0;17.88
0;580;3;13;329;0;0;0;0;312.82
0;580;4;8;582;0;0;0;0;581.66
0;581;1;9;0;0;0;0;0;0
0;581;2;5;0;0;0;0;0;0
0;581;3;3;186;0;0;0;186.42;186.42
0;581;4;4;3;0;0;0;1.45;2.9
0;583;2;1;738;738.17;738.17;738.17;738.17;738.17
0;583;3;5;17418;245.37;1372;2187.42;5886.02;7727.13
0;583;4;12;47546;1170.4;2386.96;3265.32;5527.52;9833.49
0;588;1;1;0;0;0;0;0;0
0;588;2;2;0;0;0;0;0;0
0;588;3;16;4895;0;0;123.62;168.3;3117.27
0;588;4;59;88196;123.62;309.05;621.87;1520;5164.08
0;589;2;6;4767;494.48;513.6;666.43;1038.85;1386.9
0;589;3;5;6590;216.35;828.9;1307.43;1379.64;2857.33
0;589;4;4;122;0;0;0;60.88;121.75
0;591;1;2;395;0;0;197.33;394.67;394.67
0;591;2;6;2148;0;123.62;298.86;550.26;876.38
0;591;3;15;4454;50.39;101.9;185.43;473.53;868.06
0;591;4;72;49465;0.02;258.39;573.34;839.16;1849.26
0;593;1;1;400;399.54;399.54;399.54;399.54;399.54
0;593;2;19;1973;0;0;50.39;123.62;734.3
0;593;3;52;9167;0;0;123.62;254.9;566.48
0;593;4;100;56529;0;161.65;392.03;619.28;1341.08
0;602;1;6;45;0;0;0;0;44.78
0;602;2;42;1738;0;0;0;61.81;166.68
0;602;3;86;15361;0;0;97.69;218.22;800.14
0;602;4;46;16212;0;61.81;218.22;317.86;883.02
0;603;1;6;0;0;0;0;0;0
0;603;2;9;137;0;0;0;0;136.92
0;603;3;9;1270;0;0;131.28;218.22;364.98
0;603;4;12;2193;0;30.9;91.83;297.56;796.11
0;607;1;20;184;0;0;0;0;91.78
0;607;2;88;4575;0;0;0;3.08;328.4
0;607;3;113;12383;0;0;43.92;144.26;469.85
0;607;4;52;10310;0;61.81;123.62;263.52;505.27
0;608;1;38;809;0;0;0;0;278.44
0;608;2;41;914;0;0;0;1.94;120.18
0;608;3;29;1862;0;0;0;66.86;312.82
0;608;4;6;861;0;61.81;113.89;266.36;304.64
0;609;1;2;0;0;0;0;0;0
0;609;2;7;195;0;0;0;61.81;133.18
0;609;3;21;1537;0;0;0;106.44;328.17
0;609;4;36;24311;0;106.63;245.37;654.81;3620.05
0;611;1;14;321;0;0;0;18.22;151.18
0;611;2;38;1292;0;0;0;9.82;240.34
0;611;3;70;5604;0;0;19.17;105.92;328.4
0;611;4;36;9515;0;46.53;118.49;173.39;1733.52
0;612;1;45;2965;0;0;0;0;309.62
0;612;2;133;5907;0;0;0;16.38;256.58
0;612;3;94;5215;0;0;0;50.39;268.26
0;612;4;24;3310;0;0;61.81;211.52;607.63
0;613;1;8;48;0;0;0;4.99;38.34
0;613;2;15;1391;0;0;0;123.62;490.22
0;613;3;8;159;0;0;0;31.96;94.6
0;613;4;2;715;218.22;218.22;357.57;496.92;496.92
0;614;1;165;2556;0;0;0;0;102.2
0;614;2;141;3142;0;0;0;0;133.82
0;614;3;32;883;0;0;0;0;133.18
0;614;4;4;250;0;0;30.46;125.06;189.2
0;621;1;26;524;0;0;0;0;143.74
0;621;2;29;1236;0;0;0;0;94.6
0;621;3;49;3396;0;0;0;61.81;189.2
0;621;4;28;8226;0;0;32.35;249.65;799.2
0;622;1;62;877;0;0;0;0;134.44
0;622;2;108;2160;0;0;0;0;138.78
0;622;3;65;2246;0;0;0;23.78;133.18
0;622;4;19;6092;0;0;61.81;308.56;3060.94
0;623;1;25;311;0;0;0;0;38.34
0;623;2;16;212;0;0;0;0;211.84
0;623;3;9;189;0;0;0;0;94.6
0;623;4;2;1138;94.6;94.6;569.15;1043.7;1043.7
0;625;1;90;981;0;0;0;0;61.81
0;625;2;51;2214;0;0;0;0;94.6
0;625;3;19;1020;0;0;0;94.6;303.34
0;625;4;3;4543;0;0;156.41;4386.89;4386.89
0;626;1;82;45;0;0;0;0;0
0;626;2;107;1170;0;0;0;0;17.26
0;626;3;123;1669;0;0;0;0;92.9
0;630;1;3;0;0;0;0;0;0
0;630;2;19;6978;0;0;0;133.18;4611.46
0;630;3;26;6314;0;0;127.46;289.59;979.41
0;630;4;69;53147;0;156.41;459.85;1041.51;2897.22
0;631;1;7;0;0;0;0;0;0
0;631;2;31;470;0;0;0;0;94.6
0;631;3;31;1917;0;0;0;94.6;322.38
0;631;4;35;19442;0;0;133.18;341.84;1325.31
0;633;1;79;931;0;0;0;0;61.81
0;633;2;120;832;0;0;0;0;27.8
0;633;3;110;9553;0;0;0;42.68;556.64
0;633;4;94;23790;0;0;41.73;278.32;1120.39
0;634;1;94;390;0;0;0;0;38.34
0;634;2;162;860;0;0;0;0;29.04
0;634;3;154;2657;0;0;0;0;94.6
0;634;4;89;18593;0;0;0;121.75;1466.66
0;636;1;99;27;0;0;0;0;0
0;636;2;67;1877;0;0;0;0;94.6
0;636;3;24;892;0;0;0;0;94.6
0;636;4;8;3618;0;30.9;114.55;286.69;2754.17
0;639;1;281;464;0;0;0;0;0
0;639;2;136;7169;0;0;0;0;82.98
0;639;3;42;843;0;0;0;0;94.6
0;639;4;15;2099;0;0;0;213.26;1244.67
0;640;1;780;41;0;0;0;0;0
0;640;2;541;2502;0;0;0;0;0
0;640;3;252;1217;0;0;0;0;0
0;650;1;74;10015;0;0;0;0;974
0;650;2;45;10006;0;0;0;243.5;695.8
0;650;3;30;12286;0;0;182.63;626.22;1806.83
0;650;4;15;66201;0;516.48;1041.45;1543.79;50326.6
0;651;1;637;4913;0;0;0;0;0
0;651;2;155;23980;0;0;0;0;487
0;651;3;90;37223;0;0;79.09;365.25;1401.49
0;651;4;26;63154;0;243.5;649.05;1909.04;13567.74
0;660;1;297;69961;0;0;0;121.75;991.47
0;660;2;1573;669689;0;0;0;487;1809.02
0;660;3;1531;1104826;0;0;243.5;753.42;2713.62
0;660;4;399;1002444;0;133.18;608.75;2260.26;11578.09
0;661;1;603;75091;0;0;0;0;765.38
0;661;2;333;139425;0;0;0;626.22;1741.44
0;661;3;195;164687;0;0;121.75;721.92;3817.37
0;661;4;49;81294;0;121.75;539.23;1685.29;6737.05
0;662;1;483;24754;0;0;0;0;266.36
0;662;2;272;20843;0;0;0;121.75;399.54
0;662;3;125;22192;0;0;121.75;243.5;608.75
0;662;4;19;7409;0;254.93;298.16;608.75;1302.2
0;663;1;3209;466960;0;0;0;243.5;487
0;663;2;4384;960823;0;0;243.5;365.25;608.75
0;663;3;2475;795628;0;121.75;243.5;480.04;748.72
0;663;4;359;217398;0;240.02;365.25;608.75;1876.64
0;680;1;169;3568;0;0;0;0;218.63
0;680;2;366;49076;0;0;0;0;583.88
0;680;3;247;85034;0;0;0;243.5;2063.95
0;680;4;141;344277;0;0;487;1530.64;10280.31
0;681;1;1416;135987;0;0;0;0;218.63
0;681;2;1287;220933;0;0;0;0;255.07
0;681;3;623;406591;0;0;0;243.5;4284.06
0;681;4;303;1216996;0;121.75;695.8;5536.94;16025.14
0;690;1;148;92787;0;0;121.75;610.58;2840.82
0;690;2;312;315251;0;0;365.25;1504.64;3814.94
0;690;3;437;1159349;0;243.5;1246.46;4075.32;9635.74
0;690;4;279;1932398;0;1613.4;5252.79;9717.33;21180.98
0;691;1;577;45038;0;0;0;0;399.54
0;691;2;1086;195149;0;0;0;218.63;852.25
0;691;3;1065;521840;0;0;121.75;340.38;2021.73
0;691;4;334;630716;0;54.66;487;1907.38;9459.96
0;692;1;108;51729;0;0;0;155.38;3434.4
0;692;2;228;8485;0;0;0;0;218.63
0;692;3;79;6518;0;0;0;0;487
0;692;4;13;1777;0;0;0;72.88;974
0;694;1;343;83838;0;0;0;121.75;765.38
0;694;2;970;245209;0;0;0;243.5;1043.7
0;694;3;1067;290498;0;0;0;243.5;1101.88
0;694;4;211;238741;0;0;169.62;753.36;4916.26
0;695;2;637;161117;0;0;0;0;1449.22
0;695;3;394;662109;0;0;266.36;2471.62;7037.36
0;695;4;234;1314420;121.75;2290.76;4337.71;7524.42;14866.03
0;696;1;2152;10966;0;0;0;0;0
0;696;2;13812;319154;0;0;0;0;121.75
0;696;3;4357;458679;0;0;0;0;266.36
0;696;4;264;311371;0;0;121.75;501.89;5957.83
0;710;1;210;3508;0;0;0;0;36.44
0;710;2;445;26848;0;0;0;0;243.5
0;710;3;927;182742;0;0;0;218.63;865.4
0;710;4;1270;850937;0;0;121.75;676.2;2678.74
0;711;1;539;7336;0;0;0;0;0
0;711;2;959;19073;0;0;0;0;121.75
0;711;3;648;66217;0;0;0;0;462.13
0;711;4;333;226497;0;0;218.63;554.45;3181.84
0;720;1;543;2504;0;0;0;0;0
0;720;2;3381;82325;0;0;0;0;218.63
0;720;3;6086;613504;0;0;0;0;487
0;720;4;3126;1169847;0;0;0;243.5;1714.57
0;721;1;1201;3898;0;0;0;0;0
0;721;2;1736;18488;0;0;0;0;0
0;721;3;927;66211;0;0;0;0;316.38
0;721;4;299;103079;0;0;0;243.5;1843.04
0;722;1;1589;4983;0;0;0;0;0
0;722;2;1337;29032;0;0;0;0;218.63
0;722;3;511;50688;0;0;0;0;365.25
0;722;4;44;44003;0;0;82.01;729.03;8101.6
0;723;1;4686;2008;0;0;0;0;0
0;723;2;4120;30255;0;0;0;0;0
0;723;3;880;42040;0;0;0;0;218.63
0;723;4;97;77737;0;0;0;266.36;5037.48
0;724;1;1202;11715;0;0;0;0;0
0;724;2;1202;24291;0;0;0;0;218.63
0;724;3;672;51521;0;0;0;0;302.8
0;724;4;139;112852;0;0;0;365.25;3844.25
0;740;1;150;468;0;0;0;0;0
0;740;2;158;1399;0;0;0;0;36.44
0;740;3;159;12680;0;0;0;36.44;487
0;740;4;46;12985;0;0;0;365.25;1095.75
0;750;1;235;0;0;0;0;0;0
0;750;2;190;109;0;0;0;0;0
0;750;3;32;109;0;0;0;0;36.44
0;750;4;3;73;0;0;0;72.88;72.88
0;751;1;778;1181;0;0;0;0;0
0;751;2;1098;9542;0;0;0;0;36.44
0;751;3;233;4119;0;0;0;0;72.88
0;751;4;33;858;0;0;0;0;72.88
0;752;1;93;0;0;0;0;0;0
0;752;2;213;182;0;0;0;0;0
0;752;3;28;328;0;0;0;0;36.44
0;752;4;3;0;0;0;0;0;0
0;753;1;464;255;0;0;0;0;0
0;753;2;523;6594;0;0;0;0;36.44
0;753;3;124;626;0;0;0;0;36.44
0;753;4;16;1279;0;0;0;72.88;437.26
0;754;1;1034;1653;0;0;0;0;0
0;754;2;832;8923;0;0;0;0;36.44
0;754;3;230;8237;0;0;0;0;243.5
0;754;4;20;2534;0;0;60.88;207.03;547.88
0;755;1;1369;4437;0;0;0;0;0
0;755;2;773;3508;0;0;0;0;36.44
0;755;3;156;1682;0;0;0;0;54.66
0;755;4;9;55;0;0;0;0;54.66
0;756;1;1738;3327;0;0;0;0;0
0;756;2;1693;6299;0;0;0;0;0
0;756;3;527;7101;0;0;0;0;72.88
0;756;4;25;2416;0;0;0;121.75;365.25
0;757;1;1350;12199;0;0;0;0;36.44
0;757;2;1836;21993;0;0;0;0;36.44
0;757;3;1169;23985;0;0;0;0;121.75
0;757;4;118;7439;0;0;0;36.44;365.25
0;758;1;251;0;0;0;0;0;0
0;758;2;249;1842;0;0;0;0;36.44
0;758;3;40;91;0;0;0;0;18.22
0;758;4;5;0;0;0;0;0;0
0;759;1;88;0;0;0;0;0;0
0;759;2;102;546;0;0;0;0;0
0;759;3;85;1617;0;0;0;0;121.75
0;759;4;6;0;0;0;0;0;0
0;760;1;3549;638;0;0;0;0;0
0;760;2;997;1158;0;0;0;0;0
0;760;3;143;1399;0;0;0;0;36.44
0;760;4;21;666;0;0;0;0;106.07
0;770;1;274;36;0;0;0;0;0
0;770;2;205;1271;0;0;0;0;0
0;770;3;45;499;0;0;0;0;36.44
0;770;4;10;0;0;0;0;0;0
0;772;1;760;681;0;0;0;0;0
0;772;2;784;1991;0;0;0;0;0
0;772;3;131;3175;0;0;0;0;121.75
0;772;4;7;742;0;0;0;243.5;279.94
0;773;1;109;109;0;0;0;0;0
0;773;2;346;979;0;0;0;0;0
0;773;3;88;706;0;0;0;0;36.44
0;773;4;28;1122;0;0;0;0;365.25
0;774;1;97;0;0;0;0;0;0
0;774;2;375;0;0;0;0;0;0
0;774;3;33;1542;0;0;0;0;0
0;774;4;8;0;0;0;0;0;0
0;775;1;4073;1715;0;0;0;0;0
0;775;2;2966;12131;0;0;0;0;0
0;775;3;733;15783;0;0;0;0;121.75
0;775;4;117;9573;0;0;0;0;487
0;776;1;483;475;0;0;0;0;0
0;776;2;331;1143;0;0;0;0;36.44
0;776;3;118;663;0;0;0;0;36.44
0;776;4;18;2525;0;0;0;0;1275.21
0;791;1;1996;124196;0;0;0;0;295.39
0;791;2;1538;105493;0;0;0;0;413.52
0;791;3;578;84811;0;0;0;121.75;797.95
0;791;4;244;223041;0;0;243.5;669.98;3096.22
0;811;1;933;73;0;0;0;0;0
0;811;2;397;1665;0;0;0;0;0
0;811;3;93;2205;0;0;0;0;189.2
0;811;4;22;7442;0;0;0;243.5;1548.05
0;812;1;5437;735;0;0;0;0;0
0;812;2;3248;10025;0;0;0;0;0
0;812;3;1221;24600;0;0;0;0;133.18
0;812;4;578;25496;0;0;0;0;243.5
0;813;1;2263;28246;0;0;0;0;0
0;813;2;2094;76614;0;0;0;0;243.5
0;813;3;770;73645;0;0;0;0;559.88
0;813;4;112;37069;0;0;0;303.37;1461.06
0;815;1;1341;754;0;0;0;0;0
0;815;2;486;4367;0;0;0;0;36.44
0;815;3;248;8375;0;0;0;0;243.5
0;815;4;117;15397;0;0;0;0;892.55
0;816;1;949;0;0;0;0;0;0
0;816;2;487;0;0;0;0;0;0
0;816;3;187;1757;0;0;0;0;36.44
0;816;4;68;3335;0;0;0;0;240.02
0;841;3;4;19690;0;121.75;301.75;9723.46;19086.92
0;841;4;13;146246;3017.57;5272.96;8522.58;18973.23;22210
0;842;1;76;6167;0;0;0;0;535.68
0;842;2;76;40548;0;0;0;640.8;3052.8
0;842;3;60;55565;0;0;79.09;1000.15;4572.51
0;842;4;22;73575;365.25;654.47;1401.97;4350.52;10125.25
0;843;3;12;0;0;0;0;0;0
0;843;4;8;2746;0;0;0;669.6;1406.7
0;844;1;363;2670;0;0;0;0;0
0;844;2;163;3253;0;0;0;0;0
0;844;3;76;14640;0;0;0;0;858.24
0;844;4;20;7154;0;0;0;408.26;2113.71
0;850;1;6216;167509;0;0;0;0;36.44
0;850;2;2102;92106;0;0;0;0;279.94
0;850;3;615;92817;0;0;0;120.01;720.06
0;850;4;239;105506;0;0;120.01;396.47;2106.45
0;860;1;286;1481;0;0;0;0;36.44
0;860;2;1141;14740;0;0;0;0;36.44
0;860;3;1223;21403;0;0;0;0;121.75
0;860;4;195;15501;0;0;0;0;495.61
0;861;1;18587;24562;0;0;0;0;0
0;861;2;10644;120463;0;0;0;0;36.44
0;861;3;2923;96289;0;0;0;0;236.85
0;861;4;300;43443;0;0;0;97.31;607.01
0;862;1;7001;11974;0;0;0;0;0
0;862;2;5424;57378;0;0;0;0;36.44
0;862;3;1777;78932;0;0;0;0;243.5
0;862;4;274;49338;0;0;0;121.75;608.75
0;863;1;488;245;0;0;0;0;0
0;863;2;297;2382;0;0;0;0;50.39
0;863;3;97;2088;0;0;0;0;123.62
0;863;4;8;638;0;0;25.19;61.81;463.75
0;890;2;18;1479;0;0;0;0;748.74
0;890;3;48;3586;0;0;0;18.22;484.99
0;890;4;65;46554;0;0;121.75;608.75;4110.08
0;892;1;12;402;0;0;0;0;243.5
0;892;2;72;3251;0;0;0;0;243.5
0;892;3;148;12780;0;0;0;0;462.13
0;892;4;33;10035;0;0;0;169.62;852.25
0;893;1;2;0;0;0;0;0;0
0;893;2;26;1014;0;0;0;54.66;218.63
0;893;3;15;3851;0;0;0;121.75;2844.38
0;893;4;4;255;0;0;18.22;127.53;218.63
0;894;1;80;1368;0;0;0;0;18.22
0;894;2;182;1816;0;0;0;0;0
0;894;3;51;602;0;0;0;0;72.88
0;894;4;1;0;0;0;0;0;0
0;910;2;11;2628;0;0;0;243.5;1287.2
0;910;3;44;15259;0;0;0;243.5;1046.88
0;910;4;93;59470;0;0;243.5;756.45;2696.15
0;911;2;12;730;0;0;0;0;365.25
0;911;3;53;18417;0;0;120.01;365.25;1735.12
0;911;4;95;119933;0;243.5;608.75;1762.27;4261.25
0;912;2;276;22372;0;0;0;0;487
0;912;3;648;114913;0;0;0;243.5;852.25
0;912;4;278;211308;0;0;243.5;867.59;2974.35
0;930;1;15;0;0;0;0;0;0
0;930;2;421;6945;0;0;0;0;36.44
0;930;3;703;61191;0;0;0;36.44;401.69
0;930;4;149;38604;0;0;18.22;255.07;1230.65
0;950;1;680;274464;0;0;0;0;243.5
0;950;2;1232;416829;0;0;0;0;487
0;950;3;1581;386105;0;0;0;243.5;932.85
0;950;4;1025;926689;0;0;243.5;838.25;3275.44
0;951;1;3799;25013;0;0;0;0;0
0;951;2;3092;146642;0;0;0;0;243.5
0;951;3;3338;394127;0;0;0;54.66;556.64
0;951;4;2061;692688;0;0;0;261.72;1461
0;952;1;1711;30712;0;0;0;0;0
0;952;2;1613;65481;0;0;0;0;243.5
0;952;3;1295;226209;0;0;0;218.63;645.19
0;952;4;313;155081;0;0;72.88;365.25;1737.4
0;955;0;33;0;0;0;0;0;0
0;956;0;462;2621;0;0;0;0;0
