vrai_hop;rdrg;SI;cat;NAB;totalEUR;p5;p25;p50;p75;p95
0;001;1;6;5;72.7;0.3;3;16.2;23.5;29.7
0;001;2;12;10;205;0.3;11.6;19;28.3;39.1
0;001;3;31;30;1115.8;4.2;13.1;31.8;42.1;88.3
0;001;4;98;98;8160.3;3.5;25.6;42.8;75.5;418
0;002;1;1;1;2;2;2;2;2;2
0;002;2;6;5;176.5;0.9;1.6;28;33.3;112.7
0;002;3;24;23;769.4;1.6;2.7;10;46.2;162.5
0;002;4;76;75;8387.2;2.4;30.5;98;159.8;307
0;003;1;40;33;2518.3;2.4;42;72.5;96.8;190
0;003;2;80;79;6271.6;14.9;46.8;77.2;103.5;180.5
0;003;3;200;197;17939.6;27;57.5;79.1;110.2;193.6
0;003;4;207;206;26696.9;42;74.8;105.1;150.6;332.5
0;004;1;33;23;227.2;0.4;2;8;12;35.2
0;004;2;73;63;1863.5;1.7;9.7;21.6;44.7;80.1
0;004;3;259;248;10042.9;4;14.7;28.4;53.8;114.5
0;004;4;1569;1557;127895.5;12.2;34.9;62.6;109.8;212
0;005;1;67;60;986.2;1;4.3;11.2;21.1;39.8
0;005;2;143;134;2832.2;2;8;15.8;26.7;67.9
0;005;3;128;122;3621.4;2;13.4;21;38.4;65.1
0;005;4;129;129;5347.1;5.8;16.7;28.7;51;118.3
0;020;1;124;111;401.8;0.3;0.4;1.1;3.3;14.6
0;020;2;132;116;528.9;0.3;0.8;1.8;7;15.5
0;020;3;171;145;1488.6;0.4;0.8;4.2;14;38.5
0;020;4;197;192;4955.8;0.6;5.7;16.5;35.5;95.8
0;021;1;1235;1010;2720.9;0.4;0.4;0.8;1.6;10.4
0;021;2;1194;964;4626.9;0.4;0.8;1.2;3;22.4
0;021;3;750;676;9528.8;0.4;0.8;2.8;13.6;61.3
0;021;4;676;657;19450.4;0.4;5.1;16.5;35.8;106.9
0;022;1;223;176;392.5;0.3;0.4;0.4;1.2;13.5
0;022;2;282;228;888.6;0.4;0.4;0.8;1.9;19.6
0;022;3;127;106;1277.2;0.4;0.8;3.9;17.9;44.3
0;022;4;96;90;2420.5;0.4;5.9;19.3;39.4;77.7
0;023;1;575;454;1213.9;0.3;0.4;0.8;1.6;10
0;023;2;327;255;1392.7;0.4;0.7;1.2;4.2;23.8
0;023;3;200;182;2111.6;0.4;0.8;1.9;13.4;53.7
0;023;4;41;40;1552.4;0.8;9.9;22.3;57.1;131.9
0;024;1;1234;940;1251.8;0.4;0.4;0.8;1.6;3.4
0;024;2;2011;1629;2837.5;0.4;0.4;1.2;1.6;5.5
0;024;3;682;585;3102;0.4;0.8;1.6;4.6;21.9
0;024;4;118;115;2623.9;0.4;3.6;13.2;27.9;96.1
0;025;1;3195;570;1024.7;0.3;0.4;0.5;1.2;7.2
0;025;2;208;79;394.9;0.3;0.4;0.8;4.6;21.1
0;025;3;45;28;174.5;0.4;0.6;2.2;8.7;24.9
0;025;4;6;4;126.8;8.3;11.2;16.4;52.2;85.7
0;026;1;631;206;718.8;0.4;0.4;0.8;3.4;12
0;026;2;456;259;1867.7;0.4;0.4;1.4;6.8;32.1
0;026;3;244;194;3749.3;0.4;1.6;8.4;19.4;69
0;026;4;100;96;4240.5;2.6;12.9;30.3;57.2;112.5
0;040;1;213;16;95.5;0.4;1.2;4.5;8.5;19
0;040;2;267;55;561.6;0.6;3.4;6.6;12.9;36.8
0;040;3;108;60;936.7;0.7;4.5;8.5;18.4;50.4
0;040;4;24;20;845.9;1.3;8.6;19.3;54.7;197.5
0;041;1;493;96;623.5;0.3;0.4;1.2;8.9;31.5
0;041;2;1151;276;2882.5;0.4;2.4;6;13.2;34.6
0;041;3;862;353;5250.1;0.6;5.1;10.5;18.6;43.5
0;041;4;184;126;3509.7;1.2;7.4;16.4;34.4;79.5
0;042;1;2262;189;1716.4;0.7;3.5;6.5;11.5;23.4
0;042;2;3914;827;8592.3;1;4;7.5;12.5;29.9
0;042;3;1968;1035;14366.5;1.5;5.5;10.1;18;37.3
0;042;4;313;268;6558.4;2;8.9;15.4;32.4;71.6
0;043;1;1402;61;379.8;0.4;1.4;4;6.3;20
0;043;2;653;114;1041.1;0.5;3.3;6.7;11.3;28
0;043;3;167;84;1239.6;1;5.5;11.4;19;35.2
0;043;4;21;18;550.6;0.5;2.9;10.5;44;183.4
0;044;1;478;63;375.4;0.5;2.5;5.7;8.3;14
0;044;2;931;226;2469.8;0.9;3.5;8;15;30.2
0;044;3;1171;457;6256.6;0.6;4;9.7;16;43.9
0;044;4;467;335;7998.3;0.9;8.5;15.2;31.9;78.1
0;045;1;688;61;480.3;0.9;3.4;6;10.6;17.8
0;045;2;3829;677;6654.5;0.9;3.5;7;12;28
0;045;3;2099;1130;16214.9;1.1;5.1;10;18;41.8
0;045;4;1032;838;20383;1.1;7.5;16.3;31.4;80.4
0;046;1;1419;117;873.7;0.3;1.7;4.3;10;27.1
0;046;2;4727;800;7953.6;0.9;3.8;8;12.9;26.5
0;046;3;2417;1259;16825.7;1.1;5.1;10;17;38.6
0;046;4;951;775;18337.1;1.1;7.4;15.7;30.3;70.5
0;047;1;1730;92;484.8;0.4;1.8;4.5;6.6;15
0;047;2;4727;555;5000.9;1;4;7;11.1;24
0;047;3;1621;657;8039.5;1.4;5;9;16;34.5
0;047;4;136;109;2435.1;0.9;7.7;12.3;26.3;66.5
0;048;1;1691;121;731.1;0.4;1.6;3.5;7;21.3
0;048;2;2054;292;3147.7;1;4;6.9;12;38
0;048;3;1630;384;5127.3;2;5;9;16;37.3
0;048;4;74;51;1685.5;1;8.6;21.8;42.7;131.6
0;049;1;144;130;3013.2;6.7;11;17.2;30;64.5
0;049;2;386;130;3467.6;2.6;8.7;16.8;37.9;80.5
0;049;3;148;123;3560.1;3;11.8;20.7;37.9;89
0;049;4;107;98;4457.6;6;16.8;34.4;52.3;161
0;050;1;236;65;672.5;0.8;2.9;6.4;14.8;29
0;050;2;305;120;1638.8;1.7;4;8;16;54
0;050;3;112;65;1130.2;2;7.1;12;22.6;49.5
0;050;4;56;51;1753.8;4.6;12;23.3;39.3;111
0;051;1;776;373;2438.7;1.3;3;4.9;7.3;19
0;051;2;217;123;1354;1;4;7;13;32
0;051;3;36;27;215.8;1.7;6;7.4;11.1;13.6
0;051;4;6;6;94.9;4;4.7;11.4;12.2;51.3
0;052;1;649;31;214.5;0.3;3;5.5;9.7;19
0;052;2;507;103;772.5;0.5;2;5.3;10;21.3
0;052;3;571;264;2845.7;1.1;4.1;8.2;14.8;31.2
0;052;4;266;209;3913.8;0.9;5.1;11.6;20.5;68.9
0;053;1;6651;562;3231.5;0.9;3;4.6;7.3;13.4
0;053;2;4233;741;5994.3;0.9;3.3;6;10.3;21.1
0;053;3;2254;673;7881.5;1.4;5.1;8.9;13.8;32.4
0;053;4;357;287;6012.2;2;7.6;14.4;27.7;59.1
0;054;1;2905;121;539.6;0.3;1.1;2.9;6;16.2
0;054;2;1274;94;609.4;0.5;2.9;5;8.3;17.6
0;054;3;179;30;255.4;1.5;3;5.9;11;32
0;054;4;12;6;115.4;5.1;5.7;13.9;18.6;58.3
0;055;1;505;86;505.8;0.4;1.6;5.7;9.4;12.6
0;055;2;488;148;1251.4;0.4;2.9;7.4;12;20
0;055;3;294;145;1554.5;0.4;4;8;14.9;28.8
0;055;4;120;95;2085.6;0.7;7.7;15.9;32.7;58.4
0;056;1;866;142;622.3;0.4;1.7;3.6;6.3;10.9
0;056;2;350;119;1005.1;0.3;2.3;6.3;11;26.5
0;056;3;94;48;554.9;0.9;4.5;9.2;16.4;28
0;056;4;29;25;515.2;1;6;16.6;28.3;49
0;057;1;10157;391;1285.1;0.3;0.9;2.3;4.6;10
0;057;2;1146;141;770.1;0.4;1.4;4;7.1;12.7
0;057;3;168;57;473.9;0.4;4;6.9;10.9;24.8
0;057;4;22;15;509.1;4;10.7;25.7;57.1;81.4
0;058;1;10469;251;1513.9;0.4;1.5;3.7;7;16.5
0;058;2;5707;532;4882.1;0.6;3;6;11.2;28.2
0;058;3;1774;563;7587;1;5;10;17.5;36.5
0;058;4;263;197;4633.2;1;7.6;17.5;31.3;66.1
0;070;1;351;237;687.1;0.3;0.5;1.1;3.7;11.7
0;070;2;163;131;634.5;0.4;0.6;2.6;6.4;17.2
0;070;3;28;25;130.5;0.3;0.8;4.2;6.3;19.3
0;070;4;1;0;0;0;0;0;0;0
0;071;1;3407;2135;1272.5;0.3;0.3;0.3;0.4;1.2
0;071;2;1955;1343;2436.9;0.3;0.3;0.3;0.7;9.2
0;071;3;79;48;280.4;0.3;0.3;0.7;6.3;18.9
0;071;4;4;4;226.2;0.6;1.9;7.9;111.2;209.8
0;072;1;2541;663;880.4;0.3;0.4;0.5;1.3;5.1
0;072;2;374;153;410.9;0.3;0.4;0.7;2.8;12.2
0;072;3;46;21;571.8;0.7;4.9;11.5;24;126.9
0;072;4;6;4;56.8;2.9;6.5;10.5;21.9;32.8
0;073;1;8707;4367;2937.1;0.3;0.3;0.4;0.5;2
0;073;2;2563;1305;1340;0.3;0.3;0.4;0.7;3.3
0;073;3;202;119;271.5;0.3;0.3;0.6;1;12.3
0;073;4;9;6;95.5;0.4;1;1.2;38.8;52.8
0;080;1;220;192;1569.5;0.7;2.9;6;10.9;26.2
0;080;2;82;73;839.5;0.3;3.4;8.3;14.6;42.5
0;080;3;18;16;243.6;0.3;6.9;9.3;17.4;59.2
0;081;1;250;7;33.8;0.3;1.1;1.1;13.7;14
0;081;2;291;16;98.2;0.8;2.5;5.4;7.2;22
0;081;3;54;9;83.6;0.3;5.1;8.3;9.6;25.8
0;081;4;5;1;5.7;5.7;5.7;5.7;5.7;5.7
0;082;1;848;133;981.7;0.3;2;4.6;8.9;24
0;082;2;1163;215;1733.1;0.6;3;5.7;9.4;28
0;082;3;398;164;1940.6;1.5;4.5;8.6;13.9;35.9
0;082;4;26;23;434.4;3.1;8;16;24.9;52.4
0;090;1;81;30;88.7;0.4;0.5;1.5;3.8;11.1
0;090;2;138;103;1266;1;3;8.3;15.9;28.7
0;090;3;51;43;908.2;2;7.2;14.1;32.8;71.3
0;090;4;80;80;2471;2.8;11.5;19.4;39.2;82.2
0;091;1;283;250;960.1;0.3;0.7;1.6;5.3;12.1
0;091;2;143;128;848.1;0.3;0.8;3.3;8;22.3
0;091;3;38;36;502.2;0.7;8.2;12;19.1;33.6
0;091;4;61;60;1330.3;2.2;6;17.1;29.2;74.8
0;092;1;2504;2247;5194.3;0.4;0.8;1.2;2.9;7.1
0;092;2;346;308;1552.5;0.3;1.2;2.9;6.4;15.2
0;092;3;40;36;521.7;1.2;3.7;9.8;15.7;50.4
0;092;4;12;11;390.4;0.3;6.1;37.2;45;90.1
0;093;1;6782;4848;11674.4;0.3;0.8;1.6;3.2;6.8
0;093;2;795;626;2606.2;0.4;1.3;2.9;5.7;12.2
0;093;3;55;46;565.5;0.7;2;7.7;16.8;40.9
0;093;4;5;4;233;5.4;34.9;64.4;81.7;98.7
0;094;1;1696;874;2522.5;0.3;0.6;1.5;3.7;9.7
0;094;2;380;245;1426.2;0.3;0.9;2.9;6.1;21.5
0;094;3;65;51;787.6;0.4;2.9;10.8;21.7;51.4
0;094;4;15;14;734.2;0.6;5;18.7;73.2;328.9
0;095;1;356;257;899.2;0.4;1.1;2;5.1;9.5
0;095;2;86;57;202;0.3;1.6;2.4;5.7;9.4
0;095;3;6;5;24.6;0.4;1.1;5.1;6.8;11.1
0;096;1;761;343;632.6;0.3;0.4;0.8;2.3;6.3
0;096;2;188;85;250.6;0.3;0.4;1.1;3.4;10
0;096;3;17;11;111.7;0.4;1;4.8;19.1;41.3
0;096;4;1;1;12.2;12.2;12.2;12.2;12.2;12.2
0;097;1;10384;1681;5796.7;0.3;1;2.5;5.1;9.4
0;097;2;831;304;1676.4;0.3;1.7;4.3;7;14.9
0;097;3;67;43;487.6;1.4;4.6;9;14;27.3
0;097;4;5;3;77;16;16;24;37;37
0;098;1;12488;7107;17673.4;0.3;0.8;1.5;3.3;7.4
0;098;2;1790;1034;3719.8;0.3;0.8;1.7;4.6;12.3
0;098;3;129;90;977.9;0.4;2;5.9;13.6;52.7
0;098;4;22;18;532.9;0.4;9;15;57.8;94
0;110;1;474;106;1060.1;0.4;0.9;6.1;12;36.9
0;110;2;771;242;3905.3;0.4;3;9.4;17;62
0;110;3;508;284;7918.7;0.4;6;12;33.8;120.4
0;110;4;95;88;3946.1;2.1;11.8;21.7;66.6;140.7
0;111;1;1720;69;331.7;0.3;1.7;3.4;6.6;14
0;111;2;1382;125;945.4;1;3;5;10;21
0;111;3;291;63;618;1;3.5;8;15;22
0;111;4;11;9;258.2;1.4;6;7;38.6;96.9
0;112;1;653;225;866.2;0.6;2;2.9;5;10
0;112;2;306;90;409;1.1;2.3;3.4;6;10.9
0;112;3;127;61;482.4;1;3.2;6;10;22.4
0;112;4;12;10;210.2;0.9;5.1;16;31.8;64.3
0;113;1;6270;4007;22708.8;1;2.9;4.6;7.2;13
0;113;2;4258;2884;21807.8;1.1;3.5;5.7;9.7;19.3
0;113;3;684;536;5440.5;1.7;4.6;7.3;12.3;26.2
0;113;4;69;62;1581.8;3;6.3;13.9;28;104
0;114;1;4082;2148;6346.9;0.3;0.5;1.3;4.4;9.4
0;114;2;914;535;4427.8;0.4;1.4;4;8.3;27.5
0;114;3;222;158;2964.2;0.6;4.6;9.3;24;65.1
0;114;4;42;39;2060;1.8;15;32;66.3;211
0;115;1;2109;582;2868.5;0.4;1.7;3.6;6.3;13.8
0;115;2;1632;285;2205.2;0.6;2.9;5.7;9.6;18.3
0;115;3;184;96;1108.8;0.9;3.6;8.6;15.8;32.4
0;115;4;32;28;619.6;3.4;7.4;14.6;20.6;95.3
0;120;1;235;204;792.6;0.4;0.8;1.6;4.5;15.9
0;120;2;654;625;4039.9;0.4;1.2;2;8.3;24.4
0;120;3;365;346;4372;0.4;1.6;8.7;18;37.5
0;120;4;248;244;10110.4;1.5;10.4;26.8;54.6;121.1
0;121;1;1036;409;1922.5;0.4;0.4;1.4;5.6;20
0;121;2;1653;900;9053;0.4;0.9;5;13.4;36.7
0;121;3;824;619;13622.2;0.4;5.7;14.3;29.3;62.9
0;121;4;401;377;16470.8;1.6;13;26.1;58.6;140.8
0;122;1;146;49;210.4;0.3;1;2.9;6.2;11.1
0;122;2;170;86;1176.4;0.4;1.7;9.7;16.5;32.4
0;122;3;126;83;1924.1;0.6;6.7;13.6;28.9;76.8
0;122;4;132;124;5706.9;4.8;13.2;34.2;59.6;154
0;130;1;14;11;339.7;1.1;5.5;13;56.3;112.7
0;130;2;70;58;1052.2;2.9;6.7;11.7;23.3;59.5
0;130;3;309;292;7278.2;2.3;10.3;20;32.9;65
0;130;4;1113;1094;42023.2;4.3;14.3;27.4;51.4;107.1
0;131;1;57;38;1144.9;4.1;10.1;22.6;48;79
0;131;2;159;139;4785.9;2;12.5;24.9;46.2;86.4
0;131;3;277;252;10885.3;5;15.6;32.5;58.5;110.8
0;131;4;97;89;6691.4;7.5;25.8;56.4;92.4;233.5
0;132;1;13;3;20.6;4.6;4.6;6;10;10
0;132;2;14;6;49.4;4.6;4.6;6.7;11;15.8
0;132;3;21;11;102;1;4.3;6.5;15.3;20.1
0;132;4;7;4;77.5;10.4;11;16.4;27.8;34.2
0;133;1;711;247;2093.3;0.6;3.3;7;11.7;22.4
0;133;2;828;350;3927.3;0.9;4;8.4;14;32.6
0;133;3;1430;865;12357.6;1.1;5.1;10.1;18.6;42.6
0;133;4;524;435;9651.3;1;6;12.6;26.3;76.7
0;134;1;587;134;1041;0.9;2.9;6.6;10.5;19
0;134;2;1869;544;5523.4;1;5;8.5;13.1;25.7
0;134;3;1475;750;10357.1;1.1;6;10;17.3;38.7
0;134;4;468;319;6213;1.5;6.6;12.6;24.3;58.9
0;135;1;546;28;138.2;0.3;1.2;2.9;7.5;15.7
0;135;2;563;117;888.8;0.3;2.8;5.8;9.4;23.5
0;135;3;297;158;1670.7;1.5;5;8.2;13;27
0;135;4;81;60;1255.1;1;7.7;13.8;26.3;55.6
0;136;1;867;148;1542.1;0.4;3.2;6.4;11;29
0;136;2;4367;1200;13039.6;0.9;4;7.5;13.6;31
0;136;3;3673;1674;26552.2;1.1;5.9;10;19.3;47.7
0;136;4;497;408;11015.6;1.7;8.1;17.1;35.1;89
0;137;1;653;529;7411;2;6;10.3;17.6;35.5
0;137;2;1702;1552;26995.2;2.8;8;12.9;21.4;45.7
0;137;3;2124;2020;50096.9;3.8;10.2;18.2;30.6;71.4
0;137;4;1553;1511;51098;3.9;12;23.5;42.5;99.2
0;138;1;172;125;835.5;0.8;3.4;5.4;8;15.7
0;138;2;89;79;689.3;1.3;4.3;7.1;12;22.7
0;138;3;49;40;383.9;2.2;4.8;9.1;11.6;24
0;138;4;11;11;136;1.7;8.2;12.9;16.1;21
0;139;1;7768;7346;72174.4;2;5;8;12.3;23.4
0;139;2;9096;8586;118017.1;2.9;7;10.7;17;33.5
0;139;3;7169;6901;121690.8;3;8.5;13.4;22.1;46.6
0;139;4;2777;2711;69613.8;2.7;10;18.9;34.1;69
0;140;1;4169;2416;24834.2;2;5.3;8.3;12;25.3
0;140;2;9107;5998;78677.2;2.5;6.5;10;16;33.7
0;140;3;8210;6307;109570.5;3;8;12.3;21.4;46.6
0;140;4;2627;2359;66960;3.3;10;19;34.7;83.5
0;141;1;6571;2403;15571.7;1;3.4;5;8.3;15.1
0;141;2;3703;1915;16547.4;1.1;4.6;7;10.7;23
0;141;3;1364;832;10081.8;1.5;4.9;8.9;13.7;36.2
0;141;4;177;142;2982;2;6;11.3;26.9;75.2
0;142;1;171;63;902;0.9;4;8.3;15.4;46.5
0;142;2;544;224;3360.9;1.1;6;10.2;18;44.2
0;142;3;343;211;4390;2;8.1;16.3;29.1;49.4
0;142;4;126;110;3809.5;4.4;9.7;24;48;101
0;143;1;802;83;460.4;0.6;2.6;5.1;7.9;13.1
0;143;2;1220;402;3753.2;0.9;4;7;12.5;25.5
0;143;3;629;312;5018.1;1.1;6;10.6;19.1;51.8
0;143;4;188;137;3232.8;2;8.3;15.3;29.4;77.4
0;144;1;9781;3093;22522.1;1;3.7;6;9.1;17.6
0;144;2;8311;4177;41661.8;1.4;4.7;8;12.3;25.4
0;144;3;3865;2753;39580;2;6.6;10.6;18;39.1
0;144;4;805;675;15558.5;1.7;8;14.3;27.1;73
0;160;1;5;4;18;0.7;1.1;1.8;7.9;13.7
0;160;2;14;13;25.2;1.2;1.6;1.6;1.7;4.4
0;160;3;38;38;235.9;0.9;1.6;2.5;8.7;19.6
0;160;4;52;52;600.3;1.2;1.9;5.4;13.3;54.3
0;161;1;159;141;227.9;0.4;0.4;1.2;1.6;2.8
0;161;2;174;151;325.3;0.4;0.4;1.2;1.6;7.7
0;161;3;205;191;886.3;0.4;0.4;1.2;3;18
0;161;4;51;45;930.8;0.4;3.5;11.1;20.6;76.1
0;162;1;25;22;57.9;1.6;1.6;2.1;3.5;4
0;162;2;80;77;763.4;1.6;2.3;3.6;6.5;22.8
0;162;3;339;334;3649.8;0.7;2.4;3.8;9.9;37.7
0;162;4;247;245;7213.9;1.8;4;12;29.2;119.2
0;163;1;205;203;550.8;1.6;1.6;1.9;2.8;5.3
0;163;2;499;495;1866.7;1.2;1.7;2.4;4;12.3
0;163;3;1089;1062;7710.5;0.7;2;3;5.5;21.8
0;163;4;679;676;13353.4;1.6;3.2;5.4;17.4;92.5
0;164;2;2;2;3.2;1.6;1.6;1.6;1.6;1.6
0;165;1;35;33;97.4;1.2;1.6;1.6;3.1;10.9
0;165;2;594;579;1897.9;0.8;1.6;2.4;3.6;10.7
0;165;3;1526;1501;8277.8;1;1.8;3.2;5.4;18.7
0;165;4;684;679;12160;1.2;2.5;8.5;20.6;72.8
0;166;1;254;250;591.1;0.7;1.6;1.7;3.2;4
0;166;2;2207;2161;7060.6;0.7;1.6;2.2;3.2;10.3
0;166;3;1735;1718;8548.7;0.7;1.6;2.4;4.3;17.2
0;166;4;601;594;9378.4;0.9;1.8;6.7;18.8;57.7
0;167;1;265;195;355.7;0.4;0.5;0.8;1.6;4
0;167;2;207;163;457.9;0.4;0.8;1.6;2.8;10.3
0;167;3;144;124;585.1;0.4;1.2;2;4.6;16.7
0;167;4;61;58;1819.1;0.8;1.8;5.5;15.6;180
0;168;1;521;446;1364.7;0.4;0.8;1.5;2.4;12.7
0;168;2;1200;1117;5270.8;0.4;1.1;1.6;4;16.7
0;168;3;730;692;6531.6;0.4;1.6;3.3;11.5;35.8
0;168;4;584;576;13522.2;0.8;2.4;10.4;29.8;78.5
0;169;1;133;122;399.5;0.4;0.8;1.6;2.8;9.1
0;169;2;279;273;1019.4;0.4;1.2;1.6;3.2;14
0;169;3;226;215;1889;0.4;1.6;3.2;10;38.5
0;169;4;166;161;3368.2;0.7;2.8;11.4;21.6;102.7
0;170;1;24;18;47.6;0.4;0.4;0.6;1.3;32.1
0;170;2;117;97;286.6;0.3;0.4;1.2;4.1;11.3
0;170;3;119;106;1028.2;0.4;0.8;3.8;12.3;38.5
0;170;4;51;50;999.5;0.4;3.7;12.5;23.3;69
0;171;1;1517;1216;1896.4;0.3;0.4;0.5;1.2;6.4
0;171;2;2251;1845;4306.4;0.3;0.4;0.8;2.3;9.6
0;171;3;982;851;4829.8;0.4;0.4;1.6;7.3;22.3
0;171;4;198;190;3611.6;0.4;4.2;11.6;24.2;59.8
0;172;1;93;81;1632.8;0.4;4.3;10.6;24;67.1
0;172;2;233;209;4863.8;0.4;5.5;15.7;32.7;68.9
0;172;3;336;322;10350.9;0.8;9.3;23.9;45.1;105
0;172;4;180;178;9542.6;5;19.7;40.3;74.2;137
0;173;1;5317;2841;5903;0.4;0.4;0.8;1.6;8
0;173;2;5444;3583;14200.3;0.4;0.4;1.2;2.7;16.1
0;173;3;2279;1822;25600.7;0.4;1.2;5.6;18.4;54.4
0;173;4;530;480;13792.9;0.8;6;17.2;36.1;104.8
0;174;1;1148;51;198.9;0.3;1.1;2.9;5.4;11.4
0;174;2;1545;140;925.4;0.3;1.3;4.3;9;18.5
0;174;3;512;130;1097.8;0.6;3.8;6.4;11.4;19.4
0;174;4;285;158;2156.5;1;4.3;8.9;15.5;40.1
0;175;1;9200;316;999.5;0.3;0.4;1;4;11.4
0;175;2;6763;299;1644.4;0.4;0.8;3.1;8;19.4
0;175;3;1595;275;2190.3;0.4;1.2;5;10.5;27.1
0;175;4;305;167;3184.7;0.9;5.3;10.8;19.5;61.6
0;176;1;869;674;862.2;0.2;0.4;0.4;0.8;5.7
0;176;2;761;598;1249.5;0.3;0.4;0.7;1.6;9.6
0;176;3;251;197;877.2;0.3;0.4;0.8;5.5;16.9
0;176;4;31;27;423.8;0.4;2.1;9;24.9;49.7
0;177;1;392;299;454.2;0.4;0.4;0.8;1.3;5.7
0;177;2;349;270;760.4;0.4;0.4;0.8;1.8;12.1
0;177;3;140;98;1028.4;0.4;0.8;2.3;11.2;33.5
0;177;4;22;20;536;1.2;4.1;15.2;26.6;132.4
0;178;1;95;63;766.7;0.4;3.6;8.5;17.3;31.1
0;178;2;255;186;3721.6;0.6;5.5;13.1;28.4;59.4
0;178;3;180;164;5465.5;3.1;13.6;25.7;44.9;98.1
0;178;4;30;30;1554.1;8.7;19.6;40.1;72;147.7
0;179;1;12041;878;1015.8;0.3;0.4;0.4;0.8;4.6
0;179;2;711;134;630.3;0.3;0.4;0.8;5;20.3
0;179;3;38;16;287.4;1.1;2.9;11.3;27.4;70.9
0;179;4;7;4;103.6;2.7;6.2;15;45.6;70.9
0;180;1;261;104;808.8;0.4;0.8;4.1;12.4;25.7
0;180;2;354;189;3183.2;0.4;2;10.2;22.9;52.7
0;180;3;181;129;3078.2;0.8;5.7;13.5;30.3;88.1
0;180;4;134;117;3650.5;1;7.3;21.5;41.5;92.4
0;190;1;2031;156;1016.3;0.5;2;5;8.5;20.6
0;190;2;5386;802;6213.5;0.5;2.7;6;10.6;21
0;190;3;2275;880;9264.7;0.9;3.7;7.5;12.8;28.5
0;190;4;1498;955;13418;0.9;3.7;9.4;17.6;44.7
0;191;1;3130;289;632.8;0.4;0.4;0.5;1.2;8
0;191;2;2348;216;914.3;0.3;0.4;1.1;4.4;16
0;191;3;1830;471;4338.3;0.4;2;6.4;11;29.8
0;191;4;309;208;3740.7;1;6.3;11.8;21;54.2
0;192;1;12103;220;723.4;0.4;1;2;4.6;10
0;192;2;9152;351;2080.2;0.3;1;3.2;8;18.1
0;192;3;1032;169;1683.8;0.4;3;6.5;12.9;35.3
0;192;4;79;41;536.6;2.1;6;8.9;15;27.7
0;193;1;11;9;697.8;16.4;31.4;40.7;81.4;292.7
0;193;2;52;47;2470.2;3;17.7;33.3;85.4;146.8
0;193;3;87;83;6474.5;4.3;25.3;68.5;107.2;205.3
0;193;4;64;60;3722.5;9;23.1;51.3;81.1;158.3
0;194;1;1397;271;1980;0.5;2.9;6;9.7;22
0;194;2;7199;2095;20772.9;0.9;4.6;8;12.3;25.2
0;194;3;6457;3142;38977.2;1;5.1;9.4;16;33.8
0;194;4;1596;1202;22880.4;1.7;6.9;13;24.5;55.7
0;195;1;416;60;342.9;0.4;2.4;5.7;7.8;11.6
0;195;2;387;101;1057.2;1.7;5.7;8.6;12;28.7
0;195;3;405;131;1846;1;6;11.5;18;38.5
0;195;4;62;40;749.6;2.4;8;9.6;25.6;64.6
0;196;1;207;10;49.1;0.3;0.3;1.2;7.4;22.1
0;196;2;315;38;227.3;0.3;0.6;2;6.3;34
0;196;3;370;96;796.7;0.3;1.4;3.7;9.4;27.5
0;196;4;336;230;2660.1;0.3;2.3;5.7;13.5;37.8
0;197;1;2882;274;2640;0.4;2;5.7;10.3;30
0;197;2;3800;669;7855;0.5;3.3;7.5;14.5;37.3
0;197;3;1959;670;9764.8;0.8;5;10;18.1;42.7
0;197;4;253;177;4478.2;1.7;7.1;14.7;31;79.6
0;198;1;1602;54;211.5;0.3;1.2;3.1;6.7;9.1
0;198;2;2252;236;1684.7;0.5;2.3;5.3;10;21
0;198;3;744;204;2119.8;1;4.9;8.1;12.7;27.2
0;198;4;119;76;1576.1;1.1;8.9;17.1;24.3;59.6
0;199;1;1005;45;289.7;0.8;2.6;5.1;7.8;12.6
0;199;2;1712;151;1159.2;0.5;2.9;5.5;10;22
0;199;3;593;137;1217.7;1;3.5;6.3;10.3;28.1
0;199;4;47;24;391.8;0.7;5.7;12.8;22.3;36.8
0;200;1;230;33;218.5;0.3;0.5;1.7;5.4;21.5
0;200;2;641;117;886.5;0.4;1.2;5.4;9;29.9
0;200;3;457;183;3770.4;0.4;3.7;10;19;72.4
0;200;4;60;43;718.2;1;4;9;21.5;61.9
0;201;1;5453;216;1215.3;0.4;1.2;4;7.3;18
0;201;2;7961;827;6162.1;0.5;2.6;5.5;10;21.5
0;201;3;3396;1092;11544.6;0.9;4.3;8;13.9;29
0;201;4;634;407;6737.8;1;5;10.7;22;53
0;202;1;2738;112;679;0.9;2.5;4.1;7.6;20.3
0;202;2;3187;295;2126.8;0.6;2.5;5;9.3;18
0;202;3;907;248;2397.1;0.9;3.6;7.6;12.2;24.3
0;202;4;111;61;1003.7;1.7;5.7;10.3;23.6;47
0;203;1;2569;71;248.1;0.4;1;2.3;5.3;10
0;203;2;2059;152;837.6;0.5;1.5;4.2;7.9;13
0;203;3;303;76;734.7;0.9;3.4;6.6;10.6;40
0;203;4;13;5;78.1;4.8;10.5;11.7;15;36
0;204;1;3205;122;752;0.4;1.3;3.6;7;15.4
0;204;2;3507;382;3019.9;0.8;3;6;10;22.7
0;204;3;971;280;2891.8;1.1;4.6;8;12.9;28
0;204;4;88;51;953.9;2.3;5;8.5;31.1;49.1
0;205;1;112;9;58.2;0.4;6;6.6;8;13.9
0;205;2;336;52;427.4;0.9;3;5.9;10;26.5
0;205;3;286;73;708.1;1;4;7.5;11.7;28.7
0;205;4;59;33;528;4;7.7;11.2;19.3;43
0;206;1;159;44;316.3;0.4;0.7;3.4;10.3;24.6
0;206;2;350;127;1769.3;0.4;2.3;8.7;14;40.9
0;206;3;265;154;2585.3;0.5;4.5;10.4;20.7;50.5
0;206;4;97;82;3371.3;1.8;7.6;20.1;41.7;186.2
0;207;1;2084;192;1409.8;0.4;2.1;4.6;10;26.5
0;207;2;1712;359;3592.8;0.7;4;7.5;12;22
0;207;3;752;286;3531.4;1.1;5;8.6;14.9;33.7
0;207;4;231;136;2776.9;1;6;12;25.6;66.2
0;220;1;2417;1685;2808.1;0.3;0.4;0.4;0.8;8.3
0;220;2;874;737;5216.3;0.4;0.8;3;9.3;24.5
0;220;3;1248;1187;14967.6;0.4;2;7.3;16.3;43.8
0;220;4;675;670;26398.5;1.7;11.4;24.9;50;127.9
0;221;1;2185;2118;11921.9;0.5;1.5;3;7.3;19.1
0;221;2;4532;4416;36542.6;0.5;2.2;4.5;11;26.7
0;221;3;4166;4095;62419.5;1;4;10.4;20.2;45.3
0;221;4;1860;1855;68380.2;2.5;12.3;24.5;47.8;111.9
0;222;1;339;107;267.7;0.4;0.4;1;3.3;9.8
0;222;2;183;112;604.8;0.4;0.6;2.3;7.8;19.1
0;222;3;110;75;907.6;0.4;2;8.2;15;35.2
0;222;4;32;30;994.9;2.3;9;16.8;31;151.3
0;223;1;535;422;1852.5;0.4;0.9;2;5;16.7
0;223;2;502;403;2381.1;0.4;1.2;2.9;7.9;20
0;223;3;241;207;2632.8;0.8;3.4;7.5;15.3;31.8
0;223;4;90;87;2522.8;2;7.5;17.4;35.9;93.1
0;224;1;951;568;1509.6;0.3;0.4;0.8;3;10.7
0;224;2;533;420;2191.5;0.3;0.8;2.2;6.8;19.9
0;224;3;254;236;3524.1;0.5;3;8.7;17.1;36.8
0;224;4;83;83;2061.9;1.4;9;17.9;35.8;77.8
0;225;1;9026;7294;22235.9;0.3;0.6;1.5;3.8;11.2
0;225;2;3975;3749;28895.6;0.4;2;5.6;11.3;21.7
0;225;3;381;373;5663.9;0.7;5.1;11;20.5;45.1
0;225;4;91;88;2618.8;4.8;11.8;25.6;39;70.7
0;226;1;8859;1727;6125.8;0.3;1;2;4.3;12
0;226;2;1324;616;4183.7;0.4;1;3.7;8.9;23
0;226;3;218;159;2154.7;0.6;3.5;9.9;19;44
0;226;4;49;47;2281.8;1.4;11.4;25.7;71.2;159.3
0;227;1;5813;3837;4893;0.3;0.4;0.4;0.8;5.5
0;227;2;2231;1771;4266.4;0.3;0.4;0.8;1.7;10.9
0;227;3;359;323;2043.5;0.4;0.4;2;8.5;28.3
0;227;4;68;65;1453.9;0.4;4.3;14;32.5;66.6
0;228;1;15426;11319;9061.5;0.3;0.4;0.4;0.8;2.3
0;228;2;3499;2808;3832.6;0.3;0.4;0.4;0.8;5.8
0;228;3;375;327;1608.1;0.4;0.4;0.9;6.5;18.9
0;228;4;65;60;1167.2;0.4;3.1;9.2;26.8;78
0;229;1;855;487;3125.8;0.4;0.7;2.3;8;24.4
0;229;2;712;500;4325.3;0.4;0.8;4;11.6;30.8
0;229;3;441;368;6105.4;0.4;2.9;10;22.7;52.5
0;229;4;290;272;8712.8;1.3;8.9;21.5;40.6;97.4
0;240;1;1186;141;918.3;0.4;1;4;7.5;20
0;240;2;3173;636;6074.6;0.4;2;6;12;29.8
0;240;3;2287;845;10655.2;0.4;4;8;15.2;41.3
0;240;4;421;301;6824.2;2;8;15.1;31;72.7
0;241;1;2599;301;2190.6;0.6;2.5;5;9.5;19.6
0;241;2;4500;947;8422.3;0.9;3.5;7.3;11.7;22.3
0;241;3;1988;870;10878.2;1;5;9.5;16.2;34.6
0;241;4;528;328;6226.7;1.3;7.4;13.9;24.7;55
0;242;1;178;26;217.9;1;4;9.7;11;16.7
0;242;2;342;109;1378.1;1;5;7.5;16.7;44.5
0;242;3;247;131;1642.2;1.1;4;8.7;16;41
0;242;4;82;67;1508.9;1.1;5.1;16;28.9;59.8
0;243;1;4354;250;1234.7;0.3;1.6;3.3;6;15
0;243;2;3958;573;4562.7;0.6;3;5.4;10;21.6
0;243;3;1116;443;5385.9;1.4;5;9;15;29.7
0;243;4;361;229;4607.6;1.4;5.4;13.7;25.6;62.2
0;244;1;2665;1652;18556.8;2.1;5.5;9.4;14.9;26
0;244;2;2831;1549;19024.1;2;5.7;10;16.5;29.6
0;244;3;959;702;11840.1;3.1;7.7;13.8;22.5;42
0;244;4;335;307;8128.7;4.6;12.3;19.2;33.3;74.3
0;245;1;1226;490;4858.8;1.1;4.2;8.3;14;23.5
0;245;2;1106;531;7273.9;1.3;5;10.3;18.5;35.3
0;245;3;354;242;4431.7;3;8;14.2;24.7;44.7
0;245;4;228;181;4797;3.3;10.6;19.1;33.6;71.9
0;246;1;229;102;900.8;1.1;4;6.8;11.3;22.5
0;246;2;397;207;2517.1;1.1;5.2;9.1;15.5;31
0;246;3;266;168;2325.9;0.9;4.7;10;20.4;38.7
0;246;4;181;142;2633.9;0.8;7.1;13.5;24;58.8
0;247;1;2270;225;1589;0.7;2.6;5;9;20.3
0;247;2;2521;602;5161.2;1;3.3;6;10.5;23.5
0;247;3;1189;578;6936.5;1;5;8.5;15.5;31.4
0;247;4;575;380;7339.1;0.9;6;13.4;26.4;54.7
0;248;1;171;148;2214.1;3;6.3;12.6;19.4;34.7
0;248;2;172;154;2386;2;7.4;12;22.4;37.6
0;248;3;135;120;2399.1;2.6;8.1;16.8;26.1;52.7
0;248;4;64;61;1734.4;3.4;15;24.9;39.2;62.3
0;249;1;17417;3189;18728;0.7;2.3;4.6;8;14.9
0;249;2;8356;2255;16921.6;1;3;5.7;10;20.3
0;249;3;2099;862;9045.6;1.1;4.5;7.9;13;29
0;249;4;745;296;4478.6;1.7;5;9.5;18.1;48.7
0;250;1;13311;2252;14942.2;0.6;2.3;5;10;17.6
0;250;2;8808;2139;18316.1;0.6;3;6;11;23.7
0;250;3;2814;1311;15662;1;4.3;8.6;15;34.9
0;250;4;1280;825;17230.6;0.8;5.6;12.7;26.6;72.9
0;260;1;213;160;654.4;0.4;0.7;1.4;4.1;18.1
0;260;2;508;431;2763.2;0.4;0.8;2.2;8.3;25.4
0;260;3;396;359;5311.6;0.5;1.7;8.2;18;51.7
0;260;4;404;396;14340.6;1.2;7.2;19.2;45.1;142.7
0;261;1;140;110;685.9;0.3;1;3;8.7;21
0;261;2;323;284;2975.8;0.6;2.4;8;14.2;29.9
0;261;3;207;192;2958.6;0.8;5.6;11.7;20.5;42.8
0;261;4;156;150;4205.7;0.8;10.1;19.5;36.1;80.3
0;262;1;353;310;1538.8;0.4;0.7;2.4;6.4;18.6
0;262;2;417;386;3364.7;0.4;1.2;5.9;12.6;29
0;262;3;169;164;2546.4;0.4;5.4;10.7;22;49.2
0;262;4;152;151;4488.6;2;10.9;19.3;35.6;81.8
0;263;1;9335;6563;11928.2;0.3;0.4;0.4;1.4;7.9
0;263;2;4982;3951;14096.3;0.3;0.4;0.9;4.8;13.9
0;263;3;948;883;8876.5;0.4;2;6.9;13.5;31.6
0;263;4;160;159;5417.5;1.5;9;21.3;40.1;96.7
0;264;1;301;135;816;0.3;0.8;1.8;7.2;22.8
0;264;2;319;195;1571.4;0.4;1.2;5.7;10.6;26.5
0;264;3;254;171;2379.7;0.4;2.2;9;19.1;42.7
0;264;4;191;175;5052.8;0.8;5.8;13;33.6;106.2
0;280;1;353;40;443.2;0.5;4;8.8;15;37.3
0;280;2;1467;327;3336.5;0.9;3.3;7;13;30.2
0;280;3;1640;769;10320.9;1;5;10;18;37.5
0;280;4;612;478;10797.2;1.3;6.5;15.2;29.8;73
0;281;1;549;115;855.5;0.4;1.1;4.6;10;18.4
0;281;2;2015;686;5992.2;0.5;2.6;6.2;12;26.3
0;281;3;1654;732;9256.5;0.8;4.3;9;16;37.8
0;281;4;294;194;4166.5;1.7;7;13;28.1;61
0;282;1;1493;402;2697.7;0.5;2.1;5.1;9.1;16.7
0;282;2;2096;786;7465.5;0.6;2.9;6.9;12.7;28
0;282;3;769;461;6679.8;0.9;5.1;10;18;40.7
0;282;4;556;429;10719.7;2;8.3;16.9;31;73.4
0;283;1;1456;109;609.2;0.3;1.7;3.6;7.1;13.3
0;283;2;1507;358;3255.2;0.5;2.8;6;12;25
0;283;3;926;477;5829.6;0.6;4;8;16;37.6
0;283;4;276;217;4778.1;1.5;7;13.7;28.1;68
0;284;1;2134;1156;8539.7;0.5;2.4;5.5;10.3;20.7
0;284;2;2992;2062;21078.6;0.9;4.3;8.3;13.5;26.5
0;284;3;1274;1067;14912.6;2;6.6;11;17.9;35
0;284;4;447;424;9728.8;3.3;10.4;17.5;29.2;60.2
0;300;1;27;27;114.5;0.8;1.2;2.4;4.9;13.5
0;300;2;59;59;439.9;0.8;1.5;3.2;6.8;47.1
0;300;3;112;112;3134.6;1.2;4.5;11;22.4;116.2
0;300;4;19;19;944.9;1.6;20.6;39.5;58.6;180.7
0;301;1;924;897;3385.9;0.4;1.1;1.6;2.8;14
0;301;2;2099;2059;10374.2;0.4;1.2;2;5.9;17.8
0;301;3;2296;2261;22684.3;0.4;1.6;5.2;13;36.2
0;301;4;415;412;11137.1;1.2;8;18.1;34.8;78.6
0;302;1;13629;13393;38079.5;0.4;1.2;1.6;2.4;8.9
0;302;2;9868;9663;40914;0.4;1.2;2;3.2;14
0;302;3;2462;2414;24079.9;0.7;1.6;3.3;10.5;34.9
0;302;4;284;278;9725.5;1.2;5.7;17.1;37.9;134
0;303;1;91;87;191.6;0.4;1.2;1.6;2.4;7.5
0;303;2;51;50;331.4;0.4;1.2;2;6;30
0;303;3;26;26;428.2;1.1;2;3;8.2;95.5
0;303;4;11;10;294.5;0.8;7.2;25.2;48.4;65.2
0;304;1;3485;3344;7640.8;0.4;0.8;1.2;2;6.7
0;304;2;884;859;3394;0.4;1.2;1.6;2.8;14.5
0;304;3;358;338;3205;0.4;1.2;2.4;9.6;35.7
0;304;4;26;26;1767.6;6.4;11.3;35.9;80.2;261.5
0;305;1;29;22;254.7;0.4;0.4;2.3;10.1;50.8
0;305;2;56;50;2253.7;0.5;12.7;22.4;62.7;143.9
0;305;3;51;46;1564.8;0.8;10.6;24.1;44.5;93.1
0;305;4;29;29;1918.2;0.8;19.8;52.9;98.6;208.1
0;306;1;699;630;1144.5;0.4;0.8;1.2;2;4.7
0;306;2;314;298;1205.8;0.4;1.2;1.6;3.1;15.1
0;306;3;79;76;768.5;0.4;1.2;3.7;14.5;36.7
0;306;4;18;18;514.7;0.4;7.8;18.3;23.4;186.5
0;307;1;213;194;498.7;0.4;0.8;1.6;3.1;8.6
0;307;2;43;34;207.1;0.7;1.2;4.5;8.3;28.5
0;307;3;15;14;113.5;0.3;1.5;3.1;9.6;45
0;307;4;6;6;77.7;0.4;1.2;13.7;19.2;29.5
0;308;1;2749;2574;7976.9;0.4;0.8;1.2;2.4;12.4
0;308;2;3566;3395;18587.4;0.4;0.8;1.9;6.9;20.5
0;308;3;2213;2155;25725.3;0.4;1.6;7.5;15.1;37.1
0;308;4;523;516;14339.4;1.2;8.2;19.5;37.5;84.8
0;309;1;947;680;2028.7;0.4;0.4;0.8;2;11.2
0;309;2;538;481;5323.1;0.4;0.8;1.9;7.4;67.2
0;309;3;294;282;6316.1;0.8;2.8;9.1;25.4;78.1
0;309;4;57;57;2791.8;1.2;13.8;26.2;63.3;175.9
0;310;1;12039;10035;10578.8;0.3;0.4;0.4;1;2.4
0;310;2;4517;3676;7583.2;0.4;0.4;0.8;1.5;7
0;310;3;575;465;6033.7;0.4;1;2.8;11.7;59.8
0;310;4;70;70;2515.6;0.4;9.6;22.4;57.4;115.5
0;311;1;60;53;230.3;0.3;1.2;2.4;5.5;15.5
0;311;2;8;7;55.1;0.4;5.4;6.9;10.9;16.9
0;311;3;1;1;53.1;53.1;53.1;53.1;53.1;53.1
0;311;4;1;1;8.3;8.3;8.3;8.3;8.3;8.3
0;312;1;356;237;2399.4;0.4;1.5;4;8.9;45.1
0;312;2;286;238;6659.4;0.8;6.4;15.6;33.5;81.5
0;312;3;126;117;5300;0.8;15.5;30.8;57.4;146.3
0;312;4;36;36;2199.5;5;28;48;79.8;163.6
0;313;1;21604;11793;18430.1;0.4;0.4;0.8;1.5;4.6
0;313;2;4296;2776;14858.9;0.4;0.8;1.2;4;21
0;313;3;621;554;9725.6;0.4;1.9;7.4;18.9;80.4
0;313;4;87;86;3284.2;0.8;8.3;20.3;42.8;101.8
0;314;1;8292;5000;5700.7;0.4;0.4;0.4;0.8;3.3
0;314;2;1636;1104;4510.5;0.4;0.4;0.8;2;18.1
0;314;3;211;175;3151.9;0.4;0.8;7.8;23.8;67.8
0;314;4;20;18;890.3;0.8;23.3;44.3;75.7;148.6
0;315;1;17700;9892;10274.6;0.4;0.4;0.4;0.9;2.8
0;315;2;5679;4124;10790.9;0.4;0.4;0.8;1.6;10.9
0;315;3;485;375;3815.2;0.4;0.8;3.5;13.8;39.9
0;315;4;103;94;2516.1;0.7;7;16.8;35.9;95.6
0;316;1;5656;2815;4722.2;0.3;0.4;0.8;1.6;6.3
0;316;2;682;328;1442.2;0.3;0.4;1.2;4.8;20.5
0;316;3;60;42;564.5;0.4;2;9.2;15.8;36.4
0;316;4;10;9;266.3;0.8;14.1;29.9;31.9;93.5
0;317;1;6896;2629;4676.6;0.3;0.4;0.5;1.4;7.1
0;317;2;798;390;2403;0.4;0.4;1.2;5.7;24.5
0;317;3;105;72;1677.9;0.4;3;10.6;26.7;92.8
0;317;4;27;25;1113.3;3.6;10.7;16.3;53.4;89.8
0;318;1;4548;1260;2952.3;0.3;0.4;0.7;1.2;10.2
0;318;2;736;308;3985.1;0.4;0.8;2.5;15;59.2
0;318;3;74;49;1533.5;0.5;4;15.9;41.3;115.8
0;318;4;12;9;246.6;3.1;18.2;28.2;34.6;62.4
0;319;1;3211;1110;2317.6;0.3;0.4;0.4;1.2;9.2
0;319;2;502;241;2378.8;0.4;0.8;1.6;12.6;41.3
0;319;3;87;75;2037.9;0.4;2;12;47;77.9
0;319;4;14;14;1055.8;21.6;30.2;59.2;104.5;243.5
0;320;1;4578;2149;6525.8;0.4;0.4;0.8;1.6;14.9
0;320;2;887;562;3648.4;0.4;0.8;1.6;6.3;26.7
0;320;3;219;159;3563.7;0.4;1.9;9.7;25.9;92.9
0;320;4;57;55;2680.3;0.4;10.7;26.4;64.2;183.1
0;340;1;443;58;411;0.5;2;4.9;10.9;24
0;340;2;492;107;840.6;1;3.3;6;10;21.7
0;340;3;171;87;1206.5;0.9;5;9.2;16.7;43.3
0;340;4;49;37;752.9;0.3;5;13.7;32.6;59.4
0;341;1;899;92;646.7;0.6;3;6;9;15.8
0;341;2;1172;273;2712.6;1;4.5;8;12.5;26.5
0;341;3;771;387;4716.9;1;5.4;9.3;15.7;32.4
0;341;4;105;87;2395.2;2.4;10;16.1;31.3;75.9
0;342;1;7688;459;2009;0.3;0.8;2;5.1;17.1
0;342;2;1971;356;3247;0.6;3.4;6.2;11.1;29
0;342;3;581;279;4064.8;1.5;6.3;11;19;38.2
0;342;4;98;78;1854.9;3.5;9;15.5;35.5;67.8
0;343;1;1115;131;1126.9;0.4;2;5.7;9.5;30
0;343;2;2594;588;6064.9;1;4.3;7.5;13;29
0;343;3;1828;880;12659.6;1.5;6;10;18.3;38.5
0;343;4;291;236;6727.9;3;8.1;18.1;35.4;78.6
0;344;1;93;74;1551.3;1.7;7.5;13.5;26.9;67.2
0;344;2;233;188;4582.2;3.4;10.3;17.8;34.3;60.7
0;344;3;78;70;2907.8;1.7;19.7;31.3;60.8;107.5
0;344;4;22;20;1238.4;3.7;25;54.3;101.5;129.2
0;345;1;95;73;987.9;1.5;4;10;18.8;32.9
0;345;2;154;122;2764.7;2.2;10;17.2;29.3;67.6
0;345;3;58;55;2237.2;2;10.5;26.6;56.7;121.4
0;345;4;22;21;995;1.2;14.8;40.5;66.7;129.1
0;346;1;1504;201;2055.7;0.7;3.3;6.6;11.5;32
0;346;2;1143;238;3150;1;3.9;8;16;43.9
0;346;3;332;144;2227.2;1.7;6;11;19.1;52
0;346;4;84;69;1948.5;1.7;8.3;18.2;38;96.8
0;347;1;13172;576;4016.7;0.4;1;3.6;7.1;22
0;347;2;5060;675;7807.8;0.8;3.3;6.6;11.5;34
0;347;3;1051;471;8435.1;1;5.7;10;19.4;60.9
0;347;4;133;114;3733.7;2;9.4;20.2;46.7;102.4
0;348;1;1879;205;1700.6;0.5;2.6;6;10.9;19.3
0;348;2;2090;390;3620.3;0.8;3.4;6.6;11.1;28
0;348;3;699;312;3767.3;1.1;4.6;8.5;13.5;36.6
0;348;4;58;46;1265.4;1.7;6.7;14.9;34.5;93
0;349;1;947;74;646.4;0.4;1.2;4.3;10.5;32
0;349;2;694;233;4487.2;1.4;5.6;11.6;24.1;58.5
0;349;3;158;94;2436.2;2.5;8;18.2;29.8;89.6
0;349;4;19;18;640.6;0.4;6.1;27.7;52.3;111.3
0;350;1;1722;112;611;0.4;2;4;7.1;15
0;350;2;1028;153;1295.7;0.6;2.9;5.4;10;24.1
0;350;3;262;111;1467.1;1;5;8.6;17.5;33.7
0;350;4;32;26;695.2;3.4;12;19.1;43;72.5
0;351;1;2200;461;3690.2;0.7;2.7;5.4;9.6;23
0;351;2;1028;306;2691;0.9;3.3;6.6;11.1;24.4
0;351;3;360;193;2399.4;1.5;6;9.4;14.3;33.2
0;351;4;55;43;1184.3;4;10.4;18.9;29.9;72.5
0;360;1;289;171;1990.2;0.3;2.7;6.8;12.6;35
0;360;2;518;375;7199.9;0.4;6.1;13.5;24.8;58.3
0;360;3;266;245;9755.2;4;11.5;27;53.9;115.1
0;360;4;94;91;5171.9;4.2;20.3;44.1;76.7;166.7
0;361;1;2683;1064;3745.6;0.4;0.4;1.2;4.5;12.3
0;361;2;771;410;3351.2;0.3;0.8;2.8;10.1;31
0;361;3;128;102;2096.5;0.4;2.9;11.4;24.8;76
0;361;4;29;29;1387.2;3;12.2;27.3;73;131.7
0;362;1;3368;1410;2525.9;0.4;0.4;0.8;1.6;8
0;362;2;2303;1017;2616.9;0.4;0.4;0.8;2;10.9
0;362;3;144;97;811.9;0.4;1.1;6;10.4;27.6
0;362;4;17;16;299.6;2;8.3;19.5;27.6;41.1
0;363;1;8740;4108;5974.4;0.4;0.4;0.8;1.6;5.1
0;363;2;4054;1583;2756.2;0.3;0.4;0.8;1.6;6.3
0;363;3;115;70;697.8;0.4;1.2;3.8;10.7;35.9
0;363;4;15;14;473.5;1.1;6.5;21;45.8;122.2
0;364;1;6306;2229;7061.9;0.3;0.4;1.2;3.7;11.6
0;364;2;1288;659;6000.4;0.4;0.8;4.4;10.8;31.8
0;364;3;342;261;6850.8;0.8;6.1;14.6;33.9;97.4
0;364;4;70;65;3056.9;4.3;14.1;27.6;57.8;160.2
0;380;1;189;85;1250.6;2;6.9;10;17.7;39.1
0;380;2;715;423;8222.6;2.5;6.9;13.1;23.8;57.9
0;380;3;605;456;11077.5;2.3;9.1;18;31.8;70.5
0;380;4;175;159;5334.9;3.4;11.2;23.5;39.7;90.7
0;381;1;589;110;914.8;1;3.7;6.1;10.2;24.6
0;381;2;573;142;1845.5;1;4.6;7.1;14;34
0;381;3;249;128;2008.2;2;6;10.6;18;41
0;381;4;26;19;710.8;1;13.4;30.9;55.7;113.6
0;382;1;219;34;454.6;0.9;2;7;13;65
0;382;2;680;183;1918;0.4;3.3;7.7;12.6;35.5
0;382;3;483;213;3614.5;0.9;5.4;11.4;19;56.1
0;382;4;72;50;1278.3;3.2;8.5;12.8;30.8;107
0;383;1;4057;3741;32683.2;1.1;3.5;6.3;11.3;24.3
0;383;2;2366;2216;32881.6;2.4;6.7;10.9;18.9;39.7
0;383;3;827;783;16338.9;4;9.3;16;25.8;54.9
0;383;4;183;177;6675.1;4.8;14.6;26.7;48;106.1
0;384;1;3950;622;2521.4;0.3;1;2.4;5.6;12
0;384;2;1647;415;3209.7;0.5;2.5;5.6;10;22.5
0;384;3;593;288;3552;1.1;5;8.3;13.8;40
0;384;4;98;78;1580.4;0.7;6.4;14;27.3;63.9
0;385;1;1972;520;3263.3;0.4;1.6;4.2;7.5;18.6
0;385;2;1051;376;4039.1;1;3.7;6.8;13.2;31.5
0;385;3;257;140;2191.4;1;5.5;10.1;22.3;44.9
0;385;4;31;26;954.9;3;9.7;28.4;58.5;107.8
0;400;1;76;59;1862.1;2;10.2;28.9;45.9;84.9
0;400;2;14;11;278.9;0.9;5.1;22.3;38.3;65.6
0;400;3;91;90;4219.5;6.9;17.2;39.8;64.3;127.2
0;400;4;34;34;1746.2;6.9;27.1;47.8;72.3;116.5
0;401;1;177;138;392.7;0.4;0.4;1.1;2;10.8
0;401;2;107;101;273.3;0.3;0.7;1.1;3.2;10
0;401;3;47;44;423;0.8;1.3;2.9;15.2;32.7
0;401;4;13;13;257.2;0.4;10.4;11.7;19.3;77.1
0;402;1;124;86;248.2;0.4;0.8;1.6;2.4;9.7
0;402;2;81;62;1513.5;0.4;2.4;16.2;38.9;68.1
0;402;3;49;44;1668.9;3.3;12.1;28.6;53.7;104.8
0;402;4;22;22;1848.9;12.4;42.3;68;104.3;204.3
0;403;1;5273;4045;5117;0.4;0.4;0.4;1.2;4.7
0;403;2;981;866;1308.9;0.4;0.4;0.7;1.2;5.8
0;403;3;113;103;770.7;0.4;1.1;2.4;9.3;28.9
0;403;4;33;33;1390.3;3.8;11.8;32.5;50.5;110.2
0;404;1;3994;935;1499;0.3;0.4;0.4;1.1;6.3
0;404;2;1735;609;1837.9;0.4;0.4;0.8;1.6;18.3
0;404;3;134;71;463;0.4;0.8;2;8.2;24.6
0;404;4;16;14;291;0.6;9.8;16.2;23.6;76.3
0;405;1;680;455;629.8;0.3;0.3;0.4;1.1;5.3
0;405;2;264;159;1484.2;0.3;0.5;2;8.6;40.4
0;405;3;300;276;2748.8;0.4;1.3;1.6;6.1;45.2
0;405;4;142;137;2957.6;0.3;1.4;2.9;24.1;104.7
0;420;1;4782;559;4812.7;1;3.5;6;10.3;24.9
0;420;2;2958;790;10120.1;1.1;4.6;8;15;42.1
0;420;3;1507;681;10804;1.4;5.5;10;18.8;52.8
0;420;4;320;260;6278;1.4;7.2;16;27.8;91.5
0;421;1;914;75;363.9;1;3.3;3.4;6;12
0;421;2;2705;299;2759.4;0.6;2.9;5.5;10.9;30
0;421;3;788;334;4007.8;0.8;4;8;14.2;34.6
0;421;4;139;106;2824.4;0.8;7.4;15.9;36.9;81.9
0;422;1;2640;541;3511;1;3;5.4;8.5;14
0;422;2;3047;920;8054.8;1;4;7;11.8;22.8
0;422;3;1744;947;11168;1.4;5;8.8;15;32.7
0;422;4;825;524;10435.2;1.4;6.6;13.1;22.5;60.6
0;423;1;157;15;106;0.7;1;4.6;9.4;37.3
0;423;2;201;32;371.1;2.9;5;7.5;13.5;32.2
0;423;3;55;14;145.6;0.3;3.5;9;15.5;29
0;423;4;17;12;334.7;3.1;11.1;14;17.6;152.8
0;424;1;924;65;491;0.6;2.3;5;10.4;27
0;424;2;1399;189;1766.5;1;4.4;8.3;11.7;22.4
0;424;3;617;203;2412.8;1.1;5;8;15.5;30.5
0;424;4;72;48;1288.9;1;7.6;18.9;30.7;77
0;440;1;29;28;702.2;5.3;14;21.4;37.9;45.9
0;440;2;123;106;2001.8;3.2;7.8;15.3;28.1;49.4
0;440;3;113;102;3148.4;4.8;12.5;24.2;42.8;75.4
0;440;4;29;28;1398.1;9.8;20.3;35.5;59.9;149.5
0;441;1;129;114;790.1;0.4;2.1;5.1;10.9;20.3
0;441;2;269;258;3174.4;0.8;3.2;9.2;18;33.9
0;441;3;468;461;7693;1;5.8;13.2;22;44.3
0;441;4;107;105;3713.8;4;12.6;26.8;45.1;105.6
0;442;1;481;427;1731.6;0.4;0.8;2;5.9;13.1
0;442;2;559;499;2412.2;0.4;0.8;2.4;6.8;16.3
0;442;3;290;277;3401.4;0.4;1.6;6.4;13.3;48.5
0;442;4;170;166;3684.6;0.8;5.4;12;27.8;77.6
0;443;1;1446;1179;7012.9;0.4;1;4;8;18.9
0;443;2;979;866;6549;0.4;1.9;5.3;10.5;23.6
0;443;3;331;299;4559.1;0.5;4;11;18.5;48.5
0;443;4;150;143;5175.9;4;13.4;25.5;46.4;99
0;444;1;58;12;7.1;0.3;0.4;0.4;0.8;1.4
0;444;2;84;22;43.7;0.3;0.4;0.7;1.5;7.4
0;444;3;9;1;1;1;1;1;1;1
0;445;1;1192;890;3351.5;0.4;1;2.3;5;12.3
0;445;2;452;341;2766.6;0.5;2;5;10.8;27.2
0;445;3;150;129;2287.3;1.5;5.8;12;20.7;71.3
0;445;4;44;41;1853.6;2.5;16.5;33.8;68.7;94.1
0;446;1;7967;4755;14090.4;0.4;1;2;4;8.7
0;446;2;4635;3219;14380.2;0.4;1;2.6;5.5;14.3
0;446;3;699;567;5958.6;0.5;2.3;6;12.7;37
0;446;4;88;82;2480.6;3.5;9;18.7;36;72.6
0;447;1;502;159;394.3;0.3;0.4;0.8;3.5;11.4
0;447;2;717;250;1015.5;0.3;0.4;0.8;5;16.2
0;447;3;331;179;2406.4;0.4;1;7;16.6;41.8
0;447;4;72;68;1954.4;0.9;6.8;25.4;46.8;67.6
0;460;1;268;51;256.2;0.4;1;3.3;7;15.5
0;460;2;1289;405;3427.8;0.4;2.9;6;12;24
0;460;3;1342;699;8952.3;0.9;4.6;8.9;15.5;36
0;460;4;419;343;7527.4;1.1;6.9;14.8;29.5;68.4
0;461;1;242;82;488;0.4;1.2;3.3;7.5;15
0;461;2;594;227;2228.1;0.5;2.9;7;12;30.6
0;461;3;474;262;3931.4;0.9;5;10.2;19;48.5
0;461;4;89;67;1254.1;1.3;5.1;11.9;23.5;65.8
0;462;1;244;55;400.7;0.5;2.6;6;10.1;18
0;462;2;284;62;535.3;0.5;2;6.9;11.1;22.2
0;462;3;139;55;637.7;1;4.9;9;17.2;28.5
0;462;4;17;12;166.2;4;6.4;8.9;18.2;37.7
0;463;1;5033;4630;35234.9;1.3;3.9;6.3;10;17.9
0;463;2;4851;4377;43781;1.7;5;8;12.6;24.5
0;463;3;2123;2010;29374.4;3;7.3;11.7;19;35.6
0;463;4;382;379;9257.9;3.4;11;19.3;30.3;60.2
0;464;1;1450;439;1163.8;0.4;0.5;1.2;3;10
0;464;2;920;321;1548.8;0.4;1;3.4;6.3;15
0;464;3;63;34;299.8;0.6;2.5;7.3;11.5;36
0;464;4;4;4;140.6;9.3;12.6;28.2;57.8;75
0;465;1;6671;1450;4477.8;0.4;1;2;4;9
0;465;2;3165;1146;5213.7;0.4;1;3;6;14.2
0;465;3;387;239;2085.4;0.5;2.5;6.3;10.6;28.7
0;465;4;40;36;762.7;4;9.5;15.2;23.2;54.8
0;466;1;145;69;357.9;0.5;2;4;6.5;16
0;466;2;517;246;1839.8;0.5;2;4.6;9.1;23.6
0;466;3;286;140;1743.4;0.6;4;8.3;16.1;40.9
0;466;4;45;38;1100.5;1.3;9.5;18.5;31.1;94.7
0;467;1;1216;442;2000.2;0.6;1.5;3;6;13
0;467;2;1025;469;3125.4;0.9;2.4;4.5;8;18.5
0;467;3;297;199;2338.9;0.9;4.3;8.3;15.4;31.9
0;467;4;36;25;1003.6;4.6;16;27.2;47.8;90.9
0;468;1;1539;612;2415.1;0.5;1.3;2;5;12
0;468;2;2090;816;4630.8;0.5;1.5;3;6.9;17.7
0;468;3;590;307;3708.2;0.5;3.6;8;16.9;33.4
0;468;4;55;49;992.3;1;7.5;14.7;25.1;52.1
0;480;1;2633;2518;14232.9;0.4;1.2;4.2;8.2;15.8
0;480;2;1441;1353;8007.6;0.4;0.9;3.6;8.3;19.8
0;480;3;211;200;1957.6;0.4;1.8;5.8;13.8;32.2
0;480;4;44;44;1508;5.8;14.3;29.3;41.6;92.3
0;481;1;1102;677;3125.1;0.4;1;3.5;5.9;13.5
0;481;2;137;108;713.8;0.8;2.9;5.4;8;16.3
0;481;3;30;26;276.3;1;4;7;16.7;32.3
0;481;4;6;6;314;1;7.4;41.4;96.8;125.9
0;482;1;5187;4170;18497.5;0.5;1.5;3.5;5.5;11.3
0;482;2;3206;2709;16327.4;0.5;2;4.5;7.8;17.2
0;482;3;646;599;7538.3;1;4;8;16.5;38
0;482;4;106;105;3632.9;1.1;9.6;23;44.4;113
0;483;1;3964;764;1841.4;0.3;0.4;1;3.1;8
0;483;2;603;229;1236.4;0.4;0.9;3;6.5;19.5
0;483;3;57;38;561.9;0.5;3.8;6.8;15.3;97.4
0;483;4;10;9;285.3;4;12;22.9;56.9;83.3
0;484;1;1539;348;1778.9;0.4;1;3.6;6.8;15
0;484;2;601;445;2466.9;0.4;1.3;3.8;8;17.4
0;484;3;253;197;2048.9;0.5;2.3;6.4;14.8;33.7
0;484;4;21;18;445.9;0.4;8;23.3;26.6;80.3
0;500;1;293;132;559.6;0.8;1.2;3;5.1;10.5
0;500;2;719;233;2108;0.5;2.9;6;11.4;26
0;500;3;356;181;2335;1;3.5;8.9;16;40.1
0;500;4;54;39;678.9;0.5;6;9.4;20.5;72
0;501;1;1435;944;6616.8;1;3;5.5;9.5;18
0;501;2;930;677;6326.6;1;4.3;7.3;12;24
0;501;3;267;198;2690;2;6.3;11.1;17;34.8
0;501;4;39;38;953;0.5;7.1;12.4;40.2;69.7
0;510;1;1040;924;2428.8;0.4;0.4;1.1;3;9.9
0;510;2;771;725;3398.4;0.4;0.8;2;6.4;17
0;510;3;126;123;1325.6;0.4;2;6.9;14.7;30.3
0;510;4;134;131;2602.1;1;3.3;10.6;25.1;70.9
0;511;1;168;125;339.4;0.4;0.4;0.8;2.4;10.6
0;511;2;248;214;1065.7;0.4;0.8;2;6.4;19.1
0;511;3;94;88;955.8;0.5;2.9;6.4;14.8;36.3
0;511;4;25;23;557;2.5;7.1;19.3;35.6;46.7
0;512;1;484;413;729.8;0.4;0.4;0.8;2;6.4
0;512;2;244;222;803.7;0.4;0.5;1.4;4.6;13.3
0;512;3;32;31;345.6;0.4;2.9;7.5;16.7;35.1
0;512;4;13;13;412.7;1.2;13.3;28.6;35.4;75.1
0;513;1;19648;12103;22943.4;0.3;0.4;0.8;1.7;7.6
0;513;2;4678;3611;10955.5;0.4;0.4;1.1;3.3;12.4
0;513;3;323;288;3441.2;0.4;1.2;5.8;15.9;47.3
0;513;4;65;64;1586.2;1;6.9;19.2;39.6;67.1
0;514;1;5555;4286;10946.5;0.4;0.5;1.2;3.2;9.5
0;514;2;1152;967;3468.5;0.4;0.8;2;5.1;11.7
0;514;3;117;109;838.9;0.4;1.2;5.5;11.2;22.5
0;514;4;20;20;593.8;1.9;9.6;17.6;38.2;122
0;515;1;1810;602;1694.1;0.3;0.5;1.4;3.2;10.1
0;515;2;361;164;1121.9;0.4;1;3.1;8.5;20.1
0;515;3;41;35;588.2;0.4;2.3;6.6;24.8;57.7
0;515;4;4;3;92.8;13.8;13.8;23.5;55.4;55.4
0;516;1;2680;367;884;0.3;0.4;0.8;2.3;10.2
0;516;2;398;189;1986.9;0.4;0.9;5.5;16.7;34.2
0;516;3;56;42;454.3;0.4;3;9.2;18.2;23.9
0;516;4;4;4;84.2;15.8;17.1;18.5;25;31.3
0;517;1;2618;293;802.3;0.3;0.4;0.9;3;10
0;517;2;619;99;616;0.3;0.8;2.5;9;28.6
0;517;3;77;43;417.9;1;3;7.5;15.7;23.9
0;517;4;15;12;421.2;3.7;13.2;17.9;42.1;154.4
0;518;1;626;252;866.7;0.3;0.7;1.5;4;12.4
0;518;2;272;178;1511.7;0.4;0.9;3.5;9.4;29.6
0;518;3;65;55;927.9;0.4;3.2;12.2;22;56.1
0;518;4;26;24;895.7;12.1;15.2;34.3;53.1;84.9
0;530;1;200;29;201.6;0.4;1;2.3;7.5;24
0;530;2;512;141;1349.6;0.5;2.5;6;13.2;34.3
0;530;3;482;207;3072.1;0.4;4.9;9.6;19.7;39.4
0;530;4;110;77;2303.4;3.3;8;16;38.5;94.5
0;531;1;615;492;5440.5;1.1;4.4;9.1;14.9;27.5
0;531;2;281;168;2168.8;1.6;5;8.8;18.6;36.4
0;531;3;35;31;637.1;2;5;14;25.1;80.3
0;532;1;1464;190;835.2;0.4;1.1;3;6;13.3
0;532;2;550;127;733.5;0.5;1.3;3.8;6.9;21
0;532;3;86;36;267.6;0.6;2;6.5;9.4;26.3
0;532;4;5;5;70.9;1;5;6;15;43.9
0;540;1;9069;6139;9804.1;0.3;0.4;0.8;1.2;6.2
0;540;2;6872;5052;11648.8;0.3;0.4;0.8;2.4;9.4
0;540;3;2397;1953;8446.1;0.4;0.5;1.4;5.4;15.7
0;540;4;119;108;1163.4;0.4;1.6;6.2;14.9;35.2
0;541;1;234;76;147.2;0.3;0.5;0.8;2.2;7.4
0;541;2;216;100;269.4;0.3;0.6;1.4;4.4;8.7
0;541;3;68;52;226.1;0.4;1;3.2;6.8;12.9
0;541;4;3;2;69.9;4;4;34.9;65.9;65.9
0;542;1;93;17;49.3;0.3;0.5;1.1;3.1;13.7
0;542;2;136;49;147.2;0.3;0.6;1.6;4.3;9.1
0;542;3;59;42;222.7;0.4;1;2.6;5.7;21.1
0;542;4;7;7;265.6;1.7;6.7;9.6;19.4;205.2
0;543;1;206;106;373.2;0.3;0.7;1.6;3.7;12.9
0;543;2;109;72;369;0.3;1.1;2.7;6;14.7
0;543;3;30;27;206.3;0.4;1.6;5.1;9.4;26.2
0;543;4;5;5;162.3;6.3;8.3;48.4;48.6;50.7
0;544;1;2603;392;953;0.3;0.4;0.9;2.3;10
0;544;2;466;148;625.6;0.3;0.8;1.7;4;10.8
0;544;3;36;23;110.5;0.3;0.9;3.7;7.1;10
0;544;4;1;1;12.7;12.7;12.7;12.7;12.7;12.7
0;560;1;52186;9320;18419.5;0.3;0.5;0.9;2.5;6.6
0;560;2;25484;8500;20894.5;0.3;0.5;1;3.4;8.7
0;560;3;4696;2612;10147.7;0.3;0.8;1.7;5.1;13
0;560;4;40;28;301.9;0.5;4;7.8;15;26.4
0;561;1;405;128;599.1;0.3;1.1;3.1;5.9;15.4
0;561;2;289;155;1015.5;0.6;2.3;4;7.7;21
0;561;3;67;39;324.6;0.8;2;5;13;28.7
0;561;4;6;6;64.5;2.9;3.4;12;15.3;19
0;562;1;986;256;358.5;0.3;0.4;0.8;1.3;5
0;562;2;290;100;206.5;0.3;0.4;0.8;1.8;8.7
0;562;3;30;21;54.5;0.4;1;1.2;2.8;7.6
0;562;4;6;5;26.5;0.3;3.4;4.4;7.8;10.6
0;563;1;5001;669;2871.9;0.6;1.6;3.7;5.7;10.9
0;563;2;1158;347;1994.8;0.7;2;4.3;7.5;15.5
0;563;3;289;145;748.9;0.7;2.6;4.3;6.5;12.5
0;563;4;3;3;35.3;3.7;3.7;5.9;25.6;25.6
0;564;1;745;151;438.9;0.3;0.6;1;3;8.9
0;564;2;173;78;225.6;0.3;0.6;1.7;3.2;10.3
0;564;3;21;13;84.9;0.5;2.3;5.7;9.7;17.1
0;565;1;932;75;186.2;0.3;0.9;1.7;4.3;7.1
0;565;2;70;8;33.7;1;2.3;3.3;4.3;13
0;565;3;6;2;15.4;6;6;7.7;9.4;9.4
0;565;4;1;1;2;2;2;2;2;2
0;566;1;3950;482;1714.9;0.5;1.1;2.9;5;8.3
0;566;2;3671;1059;5121.9;0.5;1.7;4;6.8;12.1
0;566;3;760;381;2374.3;0.7;2.6;5.1;8.3;14.6
0;566;4;7;4;65.7;4.6;5.4;10.3;27.4;40.6
0;580;1;77;28;93.8;1.1;1.7;3.3;3.9;7.2
0;580;2;75;32;135.9;0.6;2.2;3.9;5.2;10
0;580;3;39;26;121.7;0.5;2.2;3.8;5.6;15.6
0;580;4;2;2;5.8;2.7;2.7;2.9;3.2;3.2
0;581;1;19;2;2.6;0.6;0.6;1.3;2;2
0;581;2;11;4;16.3;1.3;1.4;2.7;6.7;9.6
0;581;3;7;3;7.4;1.1;1.1;2.1;4.3;4.3
0;581;4;3;2;1.9;0.8;0.8;1;1.1;1.1
0;583;4;2;2;91.8;20.3;20.3;45.9;71.5;71.5
0;590;4;14;14;296.9;4.5;9.5;15.8;21.6;87.6
0;591;1;1;0;0;0;0;0;0;0
0;591;2;2;2;15.4;2.1;2.1;7.7;13.3;13.3
0;591;3;9;9;57.5;0.7;2.4;3.6;12;15.7
0;591;4;33;31;317.5;0.8;2.3;5;16.8;36.9
0;592;4;19;19;456.2;3.1;6.7;13;23.6;112.9
0;593;1;9;5;24.6;2.5;3.3;5.8;5.9;7.2
0;593;2;12;9;55.5;0.5;2.4;7.1;8.3;12.3
0;593;3;26;21;147.8;1.4;3;7.3;9.5;13.6
0;593;4;55;54;558.1;2;4.3;7.7;13.9;22.6
0;600;2;2;2;18.2;2.7;2.7;9.1;15.5;15.5
0;600;3;1;1;11.6;11.6;11.6;11.6;11.6;11.6
0;600;4;19;19;470.9;4.5;8.6;20.2;30.4;61.5
0;601;1;1;0;0;0;0;0;0;0
0;601;2;17;5;16.8;2;2.8;3;3.3;5.8
0;601;3;27;20;178.4;0.5;1.4;6.9;13.9;25.3
0;601;4;37;35;422.8;1.5;5.5;10.3;16.8;30.5
0;602;1;11;9;59.9;3.3;3.8;5.8;8.6;11.9
0;602;2;27;23;114.7;1.8;2.7;4.3;7;9.7
0;602;3;49;46;316.5;1.6;3.1;5.3;8.2;19.3
0;602;4;62;61;578.4;2;4.4;6.8;12.9;24.2
0;603;1;49;16;103.9;0.3;2.3;3.5;6.3;43.3
0;603;2;71;40;168.6;1.3;2.4;3.8;5.3;9.5
0;603;3;45;34;243.8;1.2;3.3;4.6;8;16.5
0;603;4;21;20;196.2;0.9;1.9;4.6;8.9;39.6
0;610;2;3;2;8.7;3.7;3.7;4.3;4.9;4.9
0;610;3;4;4;60;10.1;11.2;15.2;18.8;19.5
0;610;4;11;11;156.5;2;4;13.4;18.4;36.5
0;611;1;15;5;16.8;2.1;2.1;2.2;4.5;6
0;611;2;19;11;25;0.3;0.5;2.7;3.6;4.3
0;611;3;32;26;131.5;0.8;2.3;3.9;6.8;11.6
0;611;4;19;18;165.3;0.8;3.4;6.1;10.3;31.5
0;612;1;19;12;66.3;0.3;3.9;4.5;8.6;9.6
0;612;2;40;33;170.4;0.3;2.6;3.7;7.5;11.6
0;612;3;53;51;287.2;1;2.7;5.3;7.8;12.2
0;612;4;40;39;264.7;1.3;2.9;5.3;9.3;19.5
0;613;1;10;10;41.8;0.7;1.8;3.6;6.9;7.6
0;613;2;27;20;129.4;1.6;2.1;5.4;7.4;23.6
0;613;3;14;14;61.3;0.8;2.1;3.6;4.6;17.8
0;613;4;9;8;93;3.1;7;12.3;16.6;18.2
0;614;1;156;44;197.8;0.3;2;3.4;5.9;10.9
0;614;2;88;30;120.1;0.7;2.1;3;5.3;10.6
0;614;3;37;24;109.4;0.7;2.5;3.3;4.8;13.5
0;614;4;11;6;63.8;1.8;1.8;5.4;16.7;32.8
0;620;1;1;1;2.1;2.1;2.1;2.1;2.1;2.1
0;620;2;4;4;29.4;2;4.5;8.1;10.2;11.1
0;620;3;5;5;39;0.8;1.5;2.1;10.3;24.3
0;620;4;13;13;167.9;0.2;1.2;6.9;22;35.6
0;621;1;26;12;67.3;0.5;2.5;4.2;5;23.1
0;621;2;33;12;58.8;0.3;2.2;3.5;5.9;17.4
0;621;3;33;25;174.9;1.4;3.5;5.2;9.3;16.1
0;621;4;19;18;124.1;0.3;3.6;7.6;9.2;12.8
0;622;1;29;18;95.3;1;2.7;5.2;6.9;12.1
0;622;2;44;33;168.8;2;3.1;4.4;6.4;9
0;622;3;32;31;241.6;1.7;3;7.5;9.8;19.3
0;622;4;17;16;138.9;2.2;4.1;9.6;11.6;18.1
0;623;1;32;22;74.2;0.7;2.1;2.4;4;7.7
0;623;2;21;20;89.1;0.4;1.6;2.7;6.8;14.4
0;623;3;17;13;65.4;1;2;4.1;4.8;18.3
0;623;4;14;13;103.9;1.7;3.3;6.8;11.3;19
0;624;1;96;16;64.9;0.7;1.8;3.8;6;8.8
0;624;2;87;27;182.9;2.1;3.9;6.2;7.9;16.1
0;624;3;24;12;58.7;0.8;2.5;4.5;7;10.3
0;624;4;4;3;46.1;10.7;10.7;12.7;22.8;22.8
0;625;1;53;17;52.4;0.3;2.1;2.4;4.2;6.3
0;625;2;40;12;54;0.3;1.3;2.4;7;15.7
0;625;3;16;5;24.5;2.4;4;4.6;5.2;8.3
0;625;4;4;4;63.4;3;3.5;13.1;28.2;34.2
0;626;1;112;20;75;0.5;1.9;4.1;5.2;7.6
0;626;2;79;18;72.8;0.1;2.3;3.6;4.8;15.2
0;626;3;77;26;100.8;1;2.6;3.4;4.3;8.4
0;630;2;4;3;20.9;0.9;0.9;1.6;18.4;18.4
0;630;3;13;12;67;0.8;3.2;4;6.9;19.6
0;630;4;60;59;997.3;1.6;5.9;9;18.1;46.8
0;631;1;9;7;84.9;1;3.3;7.5;25.3;30.5
0;631;2;33;29;386.1;0.3;2;5.3;18.2;48.4
0;631;3;22;21;305.4;0.7;3.7;5.8;13.5;22.8
0;631;4;33;32;501.4;3.4;6.1;10;19.1;43.4
0;632;1;157;36;114.5;0.4;0.4;0.8;5;13.8
0;632;2;26;19;194.6;0.3;0.8;5.4;14.3;68.5
0;632;3;17;13;106.5;0.3;2;4.9;7.7;42.2
0;632;4;11;10;93.2;0.4;3;7;10;25.7
0;633;1;91;19;136.3;0.8;2;4;9.1;27.3
0;633;2;136;46;328.2;1;3.3;6.4;9.1;19.2
0;633;3;96;63;484.1;0.9;3.5;5.8;11.7;16.6
0;633;4;59;47;522.4;1;4.6;9.5;12.2;25.6
0;634;1;54;32;233.6;2.2;4.4;6.8;9.6;14.4
0;634;2;72;56;330.8;1.4;3;5.3;7.7;12.9
0;634;3;71;60;448.7;2.4;5;7.3;9.2;15.7
0;634;4;39;37;343.3;0.7;5;8.3;11.8;22.2
0;635;1;16;9;45.2;1.5;2.8;3.3;6.8;10.7
0;635;2;19;13;119.8;0.8;2.5;5.4;8.6;57.8
0;635;3;18;17;137.7;2.3;4.5;8.3;10;18.8
0;635;4;11;11;105.3;2.8;4;8.2;14.7;19.3
0;636;1;102;83;494;1.2;2.7;4.6;7.6;12.2
0;636;2;130;96;601.1;1.3;2.5;4.6;8.6;16.7
0;636;3;61;56;562.6;1.6;5.4;9.1;14.2;22.4
0;636;4;26;23;194.1;1;3.7;5.9;11.1;19.8
0;637;1;700;137;951.7;1;3.3;5.6;9.2;18.2
0;637;2;351;128;880.9;1.3;3.3;5.4;8.4;14.7
0;637;3;147;105;1122.8;2.2;4.5;7;11.3;19.2
0;637;4;9;8;65.9;1;2;5.4;9.1;31.9
0;638;1;1122;163;767.1;0.6;3;3.5;6.3;12
0;638;2;344;103;708;0.7;3.3;4.3;7.5;13.4
0;638;3;35;22;144.4;1.7;4.3;6.4;8.5;12.1
0;638;4;6;5;38.5;0.6;3.3;8.8;10.8;15
0;639;1;84;24;99.5;1.1;2.3;3.4;4.9;10.6
0;639;2;97;36;186.7;1.1;2.5;3.7;7.6;9.3
0;639;3;56;22;98;1.3;2.9;4;6.6;7.8
0;639;4;9;6;32.1;1.3;1.7;5.3;8.7;9.9
0;640;1;125;26;119.2;0.3;1.8;3.2;5.9;12.3
0;640;2;189;61;207.1;0.3;1.4;2.3;4.3;10.5
0;640;3;74;26;81.4;1.3;1.7;2.8;4;6.3
0;650;1;94;71;226.7;0.3;0.4;0.8;4.4;12.4
0;650;2;79;68;369.1;0.3;0.4;1.6;6.3;23
0;650;3;53;50;643.9;0.4;1.8;8.5;15.6;45.5
0;650;4;36;33;1206.1;0.5;6.2;20.9;61.6;115.3
0;651;1;543;188;974.2;0.3;0.5;2.2;7;21
0;651;2;111;62;619.7;0.4;0.8;3.1;9.7;18.3
0;651;3;60;40;1385.1;0.4;5.4;15.7;32.4;160.5
0;651;4;16;15;661.8;4.6;8.2;22.6;61.8;203
0;660;1;146;108;1475.2;2.3;5.6;9.9;16.1;39
0;660;2;624;546;9270.6;3;6.9;12.5;22;46.3
0;660;3;607;567;13628.3;3.9;10;17.6;30.6;65.6
0;660;4;98;95;4934.1;6.5;18.2;30.7;72.9;166.2
0;661;1;740;168;1085.6;0.5;2.5;5;8;17
0;661;2;375;83;975.4;0.5;3.1;6;12;41.4
0;661;3;293;103;1313.1;1.1;4.2;8.6;14.9;34.6
0;661;4;62;48;1287.6;3.6;8.4;14;32;82
0;662;1;95;43;261.7;1;2.9;4.6;8.9;14.3
0;662;2;82;51;447.2;0.9;4;8;11.1;23
0;662;3;38;21;317.7;8.6;10.9;13.8;16.5;28.4
0;662;4;5;5;220.7;6.3;13;19.4;41.8;140.2
0;663;1;1322;108;655.4;0.4;1.5;4.6;8.8;17
0;663;2;3056;507;3919.7;0.6;3;6;10;21
0;663;3;2977;1043;16591.5;1;5;9.4;19;52.3
0;663;4;401;284;9298.5;1.6;7.4;16.2;35.5;113.1
0;664;1;880;437;3764.2;1.1;3.7;6.6;10.3;22.8
0;664;2;450;144;1436.2;1.2;3.2;6.7;13.1;34.3
0;664;3;311;125;2484.6;0.8;6.7;10.9;22.7;60.5
0;664;4;51;36;1469.1;1;7.3;23.9;49.5;156.4
0;680;1;157;69;358.6;0.3;0.4;1.7;8;15.1
0;680;2;100;82;804.3;0.4;0.8;3.4;11.1;27.9
0;680;3;67;55;1675.2;0.4;2.3;13.1;32.1;153
0;680;4;92;90;6353.3;0.8;11.3;34.8;111.4;206
0;681;1;382;98;607.9;0.3;0.4;1.5;7.5;30.5
0;681;2;288;131;2229;0.4;1.4;7;17.5;70.5
0;681;3;220;140;5591.6;0.4;4.5;16.6;46.9;163
0;681;4;120;116;10447.9;5;19.2;50.8;140.8;270.6
0;682;1;427;200;764.7;0.4;0.5;1.2;4.8;14.4
0;682;2;334;213;1040.3;0.4;0.8;1.8;6.8;21
0;682;3;89;77;1226.3;0.4;2.4;6.8;17.2;61.7
0;682;4;79;76;1945.2;0.5;4.2;9.4;24.4;118.6
0;683;1;558;171;643;0.3;0.5;1.5;3.8;15.7
0;683;2;358;162;1261.6;0.4;0.8;4.1;12;25.1
0;683;3;138;100;2667.3;0.7;6.3;14.1;24.5;98.7
0;683;4;50;41;2529.9;3.4;17;33.5;93.8;189.1
0;690;1;269;143;5935.6;1.3;6.9;16;43.4;177.6
0;690;2;241;158;7678.2;2.6;9;22.1;82.5;148.5
0;690;3;351;296;21808.8;3;17.9;58.3;113.9;202.9
0;690;4;408;392;41559.7;7.5;42.9;92.6;152.8;257.6
0;691;1;1166;375;5219.3;0.5;4.9;7.5;16.5;37.5
0;691;2;1471;541;8345.9;0.8;5;9;18;47
0;691;3;1010;651;16931;1.9;7;14.9;29.2;97.5
0;691;4;542;467;21957.7;3;12;29;60.1;155.8
0;692;1;349;66;1191.2;0.6;3;7.7;21.3;81
0;692;2;229;73;1458.4;2;7.2;12.1;24;54.4
0;692;3;85;45;1581.5;5;8.8;20.2;46.9;90.2
0;692;4;38;31;1507.7;4.5;15;29;68;141.3
0;693;1;15151;2227;23191.2;0.4;3.4;7.5;12;28.5
0;693;2;7761;1392;15619;0.6;4;7.5;13;31.5
0;693;3;1908;605;13289;0.9;6;10;19.3;103.8
0;693;4;470;329;20945.2;3.9;12;33.9;88.7;207.1
0;694;1;380;66;720.5;0.4;2.3;6.1;8;30.5
0;694;2;791;200;2835.9;1;4;7.9;15;45.8
0;694;3;510;238;3679.6;1;5.5;9.5;18.9;57.6
0;694;4;245;187;6892.1;2.3;8.3;18;40;151.2
0;710;1;114;66;809.6;0.4;2;5.4;15.4;48
0;710;2;182;147;3444.1;1;5.4;12.6;28.2;91.8
0;710;3;221;195;5618;1.2;10.3;21.2;36.5;90
0;710;4;252;248;13698.2;4.6;17.8;36;67.1;174.8
0;711;1;294;240;3383.7;0.8;4.3;9.5;17.5;41.3
0;711;2;385;346;7051.4;1.1;6.3;14.1;24.9;63.3
0;711;3;180;165;5687.5;4.3;12.3;24.1;48.7;92.8
0;711;4;93;90;5795.6;6.2;18.6;39.2;62;175.3
0;720;1;460;413;4305.3;2.3;4.9;7.7;12.6;24.3
0;720;2;1527;1408;21001.4;2.3;7.3;11.7;18.3;38.1
0;720;3;1559;1443;29496.6;1.5;8;14.6;24.7;56.9
0;720;4;1041;982;27527;1;6.5;17.1;35.8;91.4
0;721;1;899;778;7577.7;1;3.7;6.6;12.4;27.2
0;721;2;541;460;6255.7;1.5;5.3;10;18.6;35.7
0;721;3;242;216;4245;2;7.4;13.9;24.4;61.5
0;721;4;56;55;1768.4;1.7;9;22.3;39.1;103.6
0;722;1;808;350;2518.2;1;2.9;5.9;9.1;20
0;722;2;868;486;4528.7;1.3;3.9;6.6;11.3;25.1
0;722;3;382;282;4585.3;1.7;5.7;11;20.1;44.6
0;722;4;52;44;977.9;3.7;8.4;13.3;27.2;55.3
0;723;1;3220;978;4975.6;0.7;2;4;6.5;13.4
0;723;2;1856;716;4688.3;0.7;3;5;8.4;16.7
0;723;3;536;273;2943.4;2;4.6;7.9;13.7;30.5
0;723;4;58;42;1500.5;4;8.2;17.7;31;129.2
0;724;1;704;525;4809.9;1;3.7;7;11.7;23.8
0;724;2;783;581;7194.1;2;5.6;9;14.1;32.5
0;724;3;364;302;6543.9;3;8.9;13.9;23.5;67
0;724;4;151;145;9391.2;5.4;19.2;37.5;71.3;223
0;740;1;306;168;937;0.4;0.8;2.9;7.7;15.9
0;740;2;388;209;2164.9;0.3;0.8;6;12.4;38.9
0;740;3;269;223;4316.8;0.5;6.7;14.3;25.7;56.6
0;740;4;68;64;2050.7;0.9;10.5;22.6;47.2;85.1
0;750;1;391;13;152.1;0.6;3.3;8.3;13.6;34.5
0;750;2;187;15;159.2;2;4.5;9.7;16.7;23.2
0;750;3;28;13;161.1;3;5.7;12.5;20.7;26.1
0;750;4;3;3;49.8;10;10;19.4;20.4;20.4
0;751;1;2912;204;2150.7;1.4;3.5;6.6;10.6;33.3
0;751;2;2474;348;3729.5;1;4;6.9;12.4;34
0;751;3;460;180;2368.4;2.5;6;10;16.1;33.5
0;751;4;80;54;1186.9;2;6.9;14.2;27.5;81.2
0;752;1;446;17;236.3;0.4;2.6;5.5;12.8;92
0;752;2;384;46;592.4;1;3.1;6.6;12;48.7
0;752;3;51;18;230.2;0.3;4.5;7.1;14;58
0;752;4;11;9;132.1;6;10.8;11.7;12;40.6
0;753;1;526;33;211.7;0.3;1;5.1;9;20
0;753;2;286;37;358.9;2;4.6;6.3;13.6;31.3
0;753;3;57;27;269.7;1.9;4.5;8;12.6;23.1
0;753;4;10;8;185.1;1;7;16.7;35.8;65
0;754;1;2426;136;1160.3;0.6;2.8;5.5;9.9;22.6
0;754;2;4851;416;3554.3;0.9;3.3;6.6;10.4;24
0;754;3;556;199;2069.2;1.4;4.6;7.7;13.3;28
0;754;4;43;34;724.7;0.9;6.3;16.4;23.3;57.5
0;755;1;999;39;314.9;0.5;1.1;4.6;11.1;23.3
0;755;2;625;53;363.3;0.9;2.6;5.2;8.6;15.8
0;755;3;73;15;191.4;1.5;3;5.5;13;82.9
0;755;4;2;1;15.3;15.3;15.3;15.3;15.3;15.3
0;756;1;1915;86;616.3;0.6;2;5;9.1;22.5
0;756;2;1476;215;2106.2;1.1;4.5;8;13;25
0;756;3;465;235;3226.3;2;6;10;17.8;36.3
0;756;4;81;64;1368.8;4;10.8;13.5;21.5;43
0;757;1;2267;398;4503.4;1;5;8.9;13.7;32.7
0;757;2;3414;1076;13362.4;1;5;9;15.5;36.4
0;757;3;1905;1060;15392.9;2.3;6.3;10.5;19.1;38.2
0;757;4;405;346;8577.2;2.5;9;17.3;33.6;73.7
0;758;1;515;16;79.1;0.4;2.5;4.7;6.3;14
0;758;2;341;35;323.5;0.8;3.4;5.5;10;50
0;758;3;66;13;133.6;0.7;3.1;8.6;12.7;45
0;758;4;5;5;115;3.3;9;29.1;30.5;43
0;759;1;156;10;86.4;0.4;5.1;7.1;10;23.7
0;759;2;164;28;259.9;1.7;3.5;6;9.6;33.6
0;759;3;79;21;257.1;0.9;2;6.9;21;27
0;759;4;14;7;129.2;1;2.9;4.6;23.2;84.2
0;760;1;3248;24;165.3;0.7;2.9;4.8;7.3;20
0;760;2;969;42;389.9;0.5;3;5.3;10;37.3
0;760;3;146;46;539.7;1;4.3;8;15;36
0;760;4;16;10;197.9;3.7;8.6;18;28;42.1
0;770;1;743;18;60.9;0.3;1.4;2.5;4.4;10
0;770;2;318;22;83.6;0.3;0.9;2;7;9.6
0;770;3;46;13;141.9;1;4;7.6;14;30
0;770;4;6;4;233.9;11.1;12.3;50.8;104.7;121.3
0;771;1;174;6;42.7;2.9;5;7.1;10.3;10.3
0;771;2;234;34;374.1;2.3;4.9;8.1;16.5;32
0;771;3;49;18;219.6;1;5.7;10.4;16.6;37
0;771;4;5;3;169.8;10.9;10.9;27;132;132
0;772;1;44;9;25.1;2.3;2.3;2.3;2.9;5.1
0;772;2;61;10;64.4;2.3;2.3;3.9;11;13
0;772;3;13;4;107.3;4.3;5.9;19.7;47.8;63.6
0;772;4;2;1;16;16;16;16;16;16
0;773;1;162;9;19.2;0.3;0.5;0.6;1;8.6
0;773;2;177;18;231.3;0.4;4.6;7.5;16;47.1
0;773;3;24;9;80;0.6;2.3;5;18;21.5
0;773;4;10;9;124.1;0.7;5.8;10.2;13.2;45.6
0;774;1;59;6;19.1;0.3;0.9;1;7;9
0;774;2;37;3;13.1;1.1;1.1;5;7;7
0;774;3;2;1;37;37;37;37;37;37
0;775;1;4440;154;1012.1;0.3;1.5;4.6;8.9;19
0;775;2;3675;369;3268.2;0.6;4;6.9;11.3;25.1
0;775;3;897;277;3323.2;1;4.6;8.3;15.1;34.1
0;775;4;97;76;1766.6;1.7;7.6;16.6;33.1;57.6
0;776;1;672;25;149.4;0.9;1.9;4;10;14
0;776;2;453;68;497.7;0.9;3;6.3;10;15.9
0;776;3;139;57;586.8;1;5;7.4;13.5;30
0;776;4;10;9;181.2;1;11.7;14;28.8;45
0;790;1;632;452;2974.1;0.4;1.2;2.9;7.7;26.4
0;790;2;294;217;3301.6;0.4;4.4;10.1;19.1;50.2
0;790;3;88;73;1972.8;1.2;8.3;16.2;32.8;114
0;790;4;29;29;1306.7;2.4;17.6;40.1;67.5;96.9
0;791;1;1312;748;2302;0.3;0.4;0.8;3.1;12.1
0;791;2;800;570;4022.6;0.3;0.8;2.4;7.8;30.8
0;791;3;277;245;3582.6;0.4;3.9;9.1;17.9;52.4
0;791;4;165;151;4656.2;1.9;7.7;19.9;44.6;103.8
0;792;1;908;655;2485.6;0.4;0.8;2;4.8;13.6
0;792;2;227;175;1294.7;0.4;1.2;3.7;11.3;25.1
0;792;3;86;78;1206.3;0.4;2.5;8.7;19.3;61.9
0;792;4;65;60;1287.4;0.8;5.2;12.7;29.6;79.9
0;810;1;901;304;1542.4;0.4;2;4.3;6.8;13.3
0;810;2;330;170;1672.6;0.8;3;7.1;11.7;26.8
0;810;3;130;70;1035.1;0.6;5;10.4;18.3;39.8
0;810;4;21;16;270.6;2.6;7.4;16;19.5;52.9
0;811;1;566;36;172.1;0.3;1.2;3.9;6.3;12
0;811;2;246;34;230.1;0.6;3.7;6;9;17
0;811;3;51;22;262.2;2.7;4;8;15;36.4
0;811;4;9;6;174.3;4;22.3;32.7;40.1;42.6
0;812;1;6675;214;1089.4;0.5;1.1;3;5.6;17.8
0;812;2;3395;301;2219.5;0.6;2.6;5.5;9.7;23.1
0;812;3;1062;444;4172.3;0.9;3;6.5;11.4;29.5
0;812;4;388;292;4981.9;1.4;6;12;21.3;53.5
0;813;1;1423;504;2560.6;0.4;1.6;3.4;6.3;15
0;813;2;1017;423;3721.2;0.6;2.3;5.1;11;26.6
0;813;3;488;322;3889;0.8;3.1;8;16.5;39.6
0;813;4;89;80;2104.8;0.9;7.6;12.6;31.7;102.1
0;814;1;62;4;28;0.3;0.7;2.3;13.3;23.1
0;814;2;285;21;203.8;1.1;3.3;4.6;10;28.1
0;814;3;25;12;161.9;0.4;5.8;12.2;18.8;40.6
0;814;4;2;1;14.9;14.9;14.9;14.9;14.9;14.9
0;815;1;858;76;363.1;0.3;1;3.6;6.4;15
0;815;2;261;73;664.9;0.6;3;6.3;9.7;29
0;815;3;111;57;772.2;0.7;5.4;8.5;14.6;44.5
0;815;4;87;65;955.4;0.6;2.3;12.9;20.9;39.3
0;830;1;15;3;9.4;0.5;0.5;4.3;4.6;4.6
0;830;2;11;6;27.8;0.6;0.7;2.5;9.2;12.4
0;830;3;6;4;71.5;2.9;4;11.3;31.8;46
0;830;4;2;2;222.2;18.5;18.5;111.1;203.7;203.7
0;831;1;2;0;0;0;0;0;0;0
0;831;2;1;1;12.9;12.9;12.9;12.9;12.9;12.9
0;831;3;1;1;18.3;18.3;18.3;18.3;18.3;18.3
0;831;4;4;4;704.7;73.7;105.8;146.8;246.6;337.3
0;832;1;110;31;185.3;0.4;0.8;5.5;9.6;13.7
0;832;2;87;30;233.8;0.4;1;5.1;10.6;29.5
0;832;3;20;16;476.9;0.4;9.2;15.6;32.8;129.8
0;832;4;10;10;462.7;10.6;12.5;32.1;65.9;175
0;833;1;49;13;83.8;0.4;3.8;6;6.9;22.3
0;833;2;17;8;55;4.6;6;6.7;7.8;9.5
0;833;3;4;1;35.2;35.2;35.2;35.2;35.2;35.2
0;840;1;414;54;343.8;0.6;2.3;4.6;8;15.6
0;840;2;89;30;335.4;2;5;7.5;13.1;28.1
0;840;3;22;15;281.2;5.1;9.7;12;19;71.6
0;840;4;5;3;96.4;20.3;20.3;28.6;47.5;47.5
0;850;1;1444;776;2017.2;0.3;0.4;0.8;2.4;10.6
0;850;2;646;394;2683.8;0.4;0.7;1.5;6.7;28.9
0;850;3;317;253;4903.8;0.4;4;12.5;26;67.8
0;850;4;140;131;6628.3;1.6;12.4;31.1;60.7;171.9
0;860;1;843;110;1121.2;0.6;2.9;6.5;12;42
0;860;2;2066;581;7607.3;1;4;8.5;15.2;36.3
0;860;3;1895;1116;18346.7;2.5;7;12.3;20.7;45.4
0;860;4;498;391;11721.8;3.3;10.9;20;41;93.1
0;861;1;1338;99;470;0.4;1.1;3.3;6.3;14
0;861;2;1557;298;2906.4;0.9;4;7.4;12;25.6
0;861;3;658;264;3790.8;0.9;5.2;9.2;17.3;40.8
0;861;4;118;88;2217.7;2.3;7.3;18.4;33.8;77.9
0;862;1;20705;553;3303.2;0.4;1.1;3.3;6.7;23
0;862;2;7506;675;5225.2;0.4;1.5;4.6;9.1;27.4
0;862;3;1940;588;6883.2;0.3;2.2;7;14.9;37
0;862;4;276;186;5838.4;1.4;6.5;14.9;30.8;100.5
0;870;4;2;2;570.8;221.9;221.9;285.4;348.9;348.9
0;871;3;3;3;191.2;37.9;37.9;57.8;95.5;95.5
0;871;4;2;2;349.7;83.3;83.3;174.9;266.4;266.4
0;872;1;4;2;3.4;0.8;0.8;1.7;2.6;2.6
0;872;2;7;5;70.6;2.6;5.8;12.3;14.3;35.5
0;872;3;14;14;441;5;11;27.1;41;86
0;872;4;4;4;329.8;15.3;36;57;128.9;200.5
0;873;1;11;5;63.4;0.4;1.2;7.5;21.3;33
0;873;2;14;9;531.7;3.8;15.8;30;97;203.9
0;873;3;3;3;89.9;0.8;0.8;26.6;62.5;62.5
0;873;4;1;1;28.3;28.3;28.3;28.3;28.3;28.3
0;890;2;6;6;104.2;3;15;18;22.1;28
0;890;3;12;12;657.2;5;39.3;54.2;75.6;98
0;890;4;23;23;2079.2;14;44;66.5;144.9;231.3
0;891;1;4;4;112.5;1.7;11.4;28.5;44.9;53.8
0;891;2;74;63;2419.1;3.5;14.3;26.3;48;97.6
0;891;3;63;58;2508.9;2.5;15.5;33.1;66.7;102.4
0;891;4;12;12;745.9;2.9;17.1;48.4;99.5;158.3
0;892;1;9;6;74.5;1;1.5;11.5;24;25.1
0;892;2;39;29;908.6;2;7.5;16.5;31;98.3
0;892;3;29;22;744.9;2;13;24.3;35.1;54
0;892;4;2;1;1;1;1;1;1;1
0;893;1;62;38;773.4;0.8;5;10.9;26;65.9
0;893;2;167;118;2083.2;1.4;6.3;12;21;52.8
0;893;3;38;26;766.2;2.5;5.7;21.6;40.2;80.1
0;893;4;2;2;86.7;30.3;30.3;43.4;56.4;56.4
0;894;1;77;27;290.1;0.6;2;8;15;32.5
0;894;2;49;24;347.7;2;5.3;11.8;20.1;37.7
0;894;3;9;6;74.6;2;8.6;12;14.5;25.6
0;910;1;28;27;143.5;0.4;0.8;2.2;9.1;17.2
0;910;2;106;101;838.9;0.4;1.2;3.6;9.3;22.2
0;910;3;205;184;2475.7;0.4;2.4;8.1;18.1;39.5
0;910;4;212;209;7186.3;1.2;9.8;22.8;46.7;112.2
0;911;1;7;6;139.1;0.7;2;7.7;38.5;82.6
0;911;2;170;152;1613.9;0.4;2.4;5.7;13.7;40.3
0;911;3;187;165;2368.7;0.4;4;11.3;18.1;36.9
0;911;4;168;153;5238;0.8;7.2;19.9;42.3;102.6
0;930;1;5;1;16.6;16.6;16.6;16.6;16.6;16.6
0;930;2;238;72;586.7;0.4;3.3;5.6;10.5;21.4
0;930;3;179;82;807.4;0.4;2.1;6.1;15.1;25.4
0;930;4;107;72;1475.7;0.6;5.8;14.3;28.7;58.8
0;931;1;1;0;0;0;0;0;0;0
0;931;2;58;19;97.5;0.3;0.8;4;7.4;19.9
0;931;3;16;12;156.2;2;6.2;9.7;20.1;32
0;931;4;3;2;105;39.3;39.3;52.5;65.7;65.7
0;950;1;1620;960;4293.2;0.4;0.7;1.4;4.6;19
0;950;2;1816;1296;13363.2;0.4;1;4.6;12.6;38
0;950;3;1716;1458;29192.2;0.4;4.9;12.5;25.1;69.6
0;950;4;1133;1087;45744.8;2.1;11.5;25.6;54.5;133.4
0;951;1;159;120;753.7;0.5;1.5;2.9;6;29.8
0;951;2;265;242;3307.8;1;4.3;9;16;39.3
0;951;3;252;244;5568.9;2;9;19.1;31.4;57.1
0;951;4;76;75;4021.4;6.3;21;37.7;68.3;137.8
0;952;1;1630;767;4272.2;0.3;0.8;2.8;7.4;19.1
0;952;2;1877;972;11583.1;0.4;2.6;7.9;14.7;38.7
0;952;3;1167;860;19392.4;1;7.1;14.5;27.2;70.2
0;952;4;348;314;13503.5;2.9;14.7;29.4;55.3;130
0;955;0;258;55;325.4;0.4;0.8;4;5.8;17.9
0;956;0;234;99;895.6;0.4;0.8;3.6;11.7;40
