vrai_hop;rdrg;SI;ntot;nfarm;Sum;p5;p25;p50;p75;p95
0;001;1;2;2;17665.11;3149.76;3149.76;8832.55;14515.35;14515.35
0;001;2;24;24;54797.17;217.43;1478.19;1872.15;2537.48;7248.94
0;001;3;51;51;230171.8;808.5;1804.6;3338.88;6419.93;11734.72
0;001;4;117;117;878652.09;1551.41;2602.17;4385.43;8366.07;31462.97
0;002;2;15;15;74317.89;2229.84;3121.53;4288.86;5615.67;10326.05
0;002;3;31;31;165013.2;1588.24;3405.18;4627.84;6748.39;10371.31
0;002;4;72;72;711972.45;2730.13;5771.29;8455.1;11146.04;28032.1
0;003;1;84;81;488556.72;55.07;1817.07;5366.15;8345;14700.93
0;003;2;93;91;597154.88;955.26;3719.51;6180.07;9125.37;14276.17
0;003;3;164;164;1334088.49;2442.66;4352;7174.45;9618.8;18795.18
0;003;4;196;195;2470777.68;3031.14;6232.1;9629.45;15887.76;29974.06
0;004;1;28;28;54372;49.86;127.48;989.99;2007.44;8900.21
0;004;2;90;90;213967.31;125.55;816.47;1449.19;3534.9;7127.4
0;004;3;315;315;1304249.02;321.22;1391.25;3109.44;5597.82;12035.6
0;004;4;1525;1524;10856942.14;1167.2;3239.75;5566.63;9174.61;17348.25
0;005;1;82;82;62141.98;89.51;305.22;650.37;1075.39;1683.32
0;005;2;152;151;141417.29;109.46;424.26;718.11;1045.59;3162.26
0;005;3;127;127;165907.87;131.16;614.07;976.21;1628.16;3593.94
0;005;4;141;141;503949.88;669.2;1479.65;2442.42;4845.19;8987.57
0;020;1;166;165;64204.34;32.39;101.31;176.65;317.03;882.05
0;020;2;130;130;62396.48;75.97;210.61;338.77;548.25;1561.48
0;020;3;173;173;143366.54;78.94;234.14;520.55;1046.61;2868.17
0;020;4;211;211;537807.2;252.83;840.17;1743.47;3251.92;7263.74
0;021;1;1282;1276;527245.83;29.61;168.31;335.81;543.06;982.58
0;021;2;1151;1147;720162.48;105.03;295.39;482.25;777.34;1629.72
0;021;3;681;681;850159.69;198.86;456.55;819.91;1423.96;3478.58
0;021;4;537;537;1463626.77;404.3;951.17;1921.86;3574.12;7504.07
0;022;1;250;250;34887.08;28.07;62.51;91.1;135.08;306.87
0;022;2;296;295;93601.44;39.33;75.64;124.33;222.97;1213.9
0;022;3;109;109;80985.99;45.03;119.36;339.28;859.61;2817.83
0;022;4;67;67;149331.69;245.66;693.63;1663.59;2848.86;6542.64
0;023;1;733;712;122082.25;13.68;48.18;85.62;147.36;429.67
0;023;2;326;325;138900.16;24.17;90.2;206.96;480.03;1356.63
0;023;3;175;174;168299.9;51.3;154.58;412.99;1168.25;3333.14
0;023;4;36;36;133807.14;217.7;1110.11;2297.31;5033.59;11876.01
0;024;1;1296;1295;212581.26;56.79;99.06;140.79;203.39;339.23
0;024;2;1792;1792;397114.38;71.3;124.61;175.65;249.6;477.34
0;024;3;548;548;254861.26;98.29;187.48;313.73;471.31;1392.84
0;024;4;104;104;182316.36;147.26;434.43;943.38;2265.36;5064.39
0;025;1;3501;3385;156260.35;2.6;13.09;34.58;57.72;118.38
0;025;2;182;178;23979.43;6.52;28.9;61.91;130.53;558.23
0;025;3;41;41;10222.95;12.64;32.1;95.61;350.84;922.95
0;025;4;9;9;9933.32;14.28;453.98;746.27;1381.39;3747.6
0;026;1;678;644;80173;4.56;38.85;78.17;137.96;305.56
0;026;2;414;409;94793.99;10.31;58.13;111.61;231.67;724.18
0;026;3;214;211;152903.25;33.85;132.8;290.13;853.35;2553.91
0;026;4;74;74;139990.5;90.44;339.54;935.55;1707.09;9465.39
0;040;1;226;176;22399.99;2.75;15.33;36.96;111.54;644.98
0;040;2;226;193;38987.72;1.96;16.61;75.98;231.44;859.59
0;040;3;123;118;63294.04;5.78;62.82;181.6;570.28;2088.6
0;040;4;40;39;36844.96;34.21;162.6;530.83;1072.76;4032.01
0;041;1;525;513;98819.6;7.88;63.62;121.53;215.99;574.67
0;041;2;1115;1091;389842.44;13.69;91.73;195.13;395.76;1187.38
0;041;3;692;688;454500.21;38.67;146.31;372.04;787.69;2131.91
0;041;4;156;156;200154.06;147.26;415.13;807.44;1679.91;4188.12
0;042;1;2404;1919;138339.46;1.07;9.15;30.02;77.16;255.5
0;042;2;3376;3139;359765.47;3.54;21.09;60.75;129.7;398.72
0;042;3;1447;1411;375483.63;8.85;48.22;130.1;312.94;1001.82
0;042;4;247;244;241587.56;76.84;242.27;575.33;1187.97;3398.62
0;043;1;1372;1070;287724.28;3.67;77.66;258.16;365.77;596.26
0;043;2;588;533;136421.33;5.05;63.83;208.63;365.92;707.99
0;043;3;165;160;63671.21;4.76;62.62;214.44;447.1;1603.17
0;043;4;30;30;41339.94;81.7;427.19;643.32;1277.57;3715.05
0;044;1;587;566;84628.02;3.34;15.54;52.74;142.58;597.64
0;044;2;888;871;185963.43;5.24;35.47;99.62;228.18;854.34
0;044;3;1060;1045;426824.45;7.35;75.7;202.63;524.1;1485.61
0;044;4;323;321;335584.96;47.27;261.89;570.98;1371.68;3244.03
0;045;1;661;644;76635.21;4.41;29.75;78.03;146.16;361.29
0;045;2;3165;3146;573883.58;10.93;54.83;112.15;207.73;599.82
0;045;3;1620;1618;624998.76;23.24;99.06;206.93;442.44;1313.38
0;045;4;785;783;850455.24;88.54;307.09;684.98;1483.03;3344.61
0;046;1;1936;1858;190495.86;4.61;28.2;72.61;119.89;286.1
0;046;2;5333;5251;830216.24;8.21;42.46;92.24;171.03;508.94
0;046;3;2396;2385;906904.35;17.08;83.46;180.07;420.07;1464.75
0;046;4;812;810;937372.14;54.58;278.81;671.16;1501.47;3847.14
0;047;1;2049;1934;133000.42;2.28;13.18;35.98;80.63;179.9
0;047;2;4844;4709;437991.84;4.24;21.56;55.28;108.63;276.67
0;047;3;1455;1450;328044.41;11.7;48.98;111.17;229.93;880.2
0;047;4;138;137;132810.91;17.25;194.99;523.12;1381.05;2997.76
0;048;1;1890;1660;122328.52;2.13;7.86;20.09;63.88;234.8
0;048;2;2117;1986;191568.24;2.68;16.04;40.24;96.33;307.41
0;048;3;1567;1376;275523.74;2.13;18.81;63.11;163.27;738.01
0;048;4;73;73;82096.61;15.59;166.21;536.91;1423.45;5135.41
0;049;1;218;210;99477.24;35.1;182.18;331.59;626.77;1312.94
0;049;2;398;347;665149.71;2.13;58.31;484.76;3070.36;7052.98
0;049;3;154;152;232345.83;68.3;217.06;476.38;1274.34;7126.3
0;049;4;100;100;172753.86;75.35;321.23;954.06;2026.97;6798.47
0;050;1;280;259;65004.07;2.8;13.66;89.78;426.54;903.06
0;050;2;297;268;106390.28;2.79;27.57;139.05;496.2;1676.1
0;050;3;103;99;94251.01;19.81;131;580.75;1564.5;2714.02
0;050;4;46;46;96853.81;221.48;602.08;1524.06;3416.43;5336.77
0;051;1;1090;1013;118388.72;3.42;17.58;62.93;136.64;434.88
0;051;2;240;229;58815.15;5;37.47;114.46;343.06;1108.48
0;051;3;43;43;19006.7;6.34;14.86;99.21;514.61;2071
0;051;4;14;14;29353.29;2.03;35.47;622.22;2722;14319.16
0;052;1;604;439;21536.94;1.81;5.85;16.53;61.35;183.67
0;052;2;622;584;111358.09;3.46;20.09;66.67;211.48;761.76
0;052;3;563;548;182339.28;6.94;38.43;117.08;347.2;1273.76
0;052;4;249;248;335197.55;20.78;230.57;640.91;1539.13;5504.36
0;053;1;6895;5487;251587.69;1.68;6.4;17.57;54.25;155.73
0;053;2;3777;3459;354514.84;2.75;14.03;43.85;106.16;384.62
0;053;3;1910;1717;389566.34;3.74;23.25;80.22;220.94;878.04
0;053;4;303;303;351088.8;61.9;284.88;699;1444.44;3680.9
0;054;1;3328;2778;108171.23;2.13;7.56;18.66;50.9;127.8
0;054;2;1201;1088;72149.72;2.21;11.53;33.14;84.22;205.43
0;054;3;134;125;12481.21;2.13;12.67;50.72;108.42;398.33
0;054;4;6;5;5516.04;2.95;123.42;139.09;1682.22;3568.36
0;055;1;570;502;43852.14;2.13;10;30.28;94.84;342.32
0;055;2;441;425;83001.48;6.87;33.08;100.22;223.57;705.66
0;055;3;239;232;96197.76;9.7;56.99;181.11;429.53;1337.58
0;055;4;130;128;177280.97;16.29;230.09;802.59;1568.97;4025.92
0;056;1;1022;718;38086.62;1.71;6.41;19.51;60.64;205.87
0;056;2;310;285;35611.33;3.62;19.36;59.83;137.4;448.31
0;056;3;121;121;41636.57;11.45;68.8;150.88;394.64;1265.91
0;056;4;21;21;26091.41;63.53;275.47;576.19;1742.76;5369.31
0;057;1;11119;5925;100497.26;0.52;3.41;7.49;16.53;62.51
0;057;2;1096;909;46049.41;1.71;7.03;19.42;53.47;182.8
0;057;3;167;157;26681.95;2.13;15.9;60.35;163.48;740.34
0;057;4;28;28;38630.32;13.16;103.77;421.14;1861.12;5231.57
0;058;1;10466;2092;156613.64;1.12;6.69;29.57;83.17;248.95
0;058;2;5140;2806;361286.56;2.21;16.83;61.28;141.04;454.9
0;058;3;1753;1343;410770.28;4.57;48.55;128.69;298.88;1194.01
0;058;4;266;253;325803.65;29.34;188.61;478.91;1399.73;5172.47
0;070;1;374;372;43401.49;28.65;51.73;76.79;132.15;359.86
0;070;2;162;162;35359.66;29.19;69.92;129.33;233.81;680.02
0;070;3;23;23;11179.17;55.47;89.93;238.01;331.14;2256.14
0;070;4;1;1;1553.91;1553.91;1553.91;1553.91;1553.91;1553.91
0;071;1;3603;3592;364675.23;11.81;46.11;75.79;132.44;263.76
0;071;2;1886;1882;263425.58;15.52;54.83;94.82;159.65;335.08
0;071;3;56;56;19675.08;24.53;74.9;130.39;232.41;1901.21
0;071;4;3;3;3183.24;33.29;33.29;288.97;2860.98;2860.98
0;072;1;3168;3113;266388.29;6.71;35.73;58.02;110.64;250.86
0;072;2;374;366;48749.4;6.51;45.97;80.21;142.83;339.69
0;072;3;33;33;11189.72;2.18;57.57;121.04;277.86;2177.66
0;072;4;3;3;5453.97;149.93;149.93;1357.92;3946.12;3946.12
0;073;1;10795;10783;1783999.66;76.09;114.6;162.98;201.81;291.17
0;073;2;2580;2577;458356.79;78.33;118.5;166.48;215;312.73
0;073;3;195;195;58483.63;81.72;127.79;179.28;258.72;972.83
0;073;4;14;14;13533.78;177.06;572.6;781.08;970.93;2328.3
0;080;1;216;211;25472.03;7.83;28.69;68.47;160.67;397.89
0;080;2;61;59;9964.59;7.38;31.09;84.18;167.49;1052.85
0;080;3;11;11;4278.08;29.43;80.91;113.26;518.02;2354.38
0;081;1;308;255;38048.39;2.21;27.98;78.55;211.33;467.01
0;081;2;297;272;42718.64;4.45;32.45;93.42;211.94;462.08
0;081;3;55;52;11495.77;5.5;62.54;143.33;291.12;584.05
0;081;4;3;3;497.99;1.36;1.36;166.64;329.99;329.99
0;082;1;1059;898;51618.93;1.26;6.96;19.67;56.61;254.77
0;082;2;1220;1163;155996.08;2.86;15.36;49.28;151.23;540.31
0;082;3;368;362;125247.06;10.6;56.8;148.03;449.86;1059.14
0;082;4;21;21;21813.92;43.81;213.65;837.11;1264.89;2940.86
0;090;1;80;75;8604.32;14.68;41.06;61.22;136.95;295.28
0;090;2;169;169;95387.59;45.47;196.88;354.92;668.36;1844.61
0;090;3;48;48;44538.29;107.34;241.54;583.13;1282.34;3399.82
0;090;4;79;79;145841.78;243.85;569.91;1003.15;2158.19;7137.86
0;091;1;261;261;63876.63;59.91;144.1;228.32;290.68;452.67
0;091;2;131;131;43651.33;62.39;123.66;220.28;418.06;802.13
0;091;3;44;44;55619.57;178.24;379.09;721;1131.06;3196.84
0;091;4;61;61;124572.73;307.26;684.53;1136.01;2387.76;5816.33
0;092;1;2376;2373;370297.78;43.37;80.7;124.83;199.96;362.04
0;092;2;317;317;77627.63;45.67;98.12;171.94;280.55;691.84
0;092;3;56;56;24657.46;66.37;158.08;241.78;458.74;1392.76
0;092;4;6;6;8299.14;180.81;1005.53;1126.63;2201.76;2657.77
0;093;1;7036;7031;711438.4;34.24;58.28;81.41;115.98;215.51
0;093;2;771;770;112882.11;34.86;65.5;93.62;151.6;396.19
0;093;3;50;50;37598.45;44.81;106.87;241.28;829.35;2865.33
0;093;4;9;9;22832.34;23.28;692.28;1126.99;2644.18;10967.41
0;094;1;2079;2072;197674.07;24.81;45.67;64.75;97.28;250.94
0;094;2;340;337;56305.33;24.56;53.83;86.33;160.71;586.91
0;094;3;60;59;40711.92;14.88;87.59;197.71;754.39;2716.26
0;094;4;14;14;51713.64;59.28;863.19;3154.29;6641.2;9817.74
0;095;1;347;346;30601.5;25.74;48.21;68.95;107.73;212.62
0;095;2;80;80;10691.21;36.71;54.24;80;135.04;285.34
0;095;3;5;5;965.61;140.22;141.88;144.06;202.06;337.39
0;095;4;1;1;79.2;79.2;79.2;79.2;79.2;79.2
0;096;1;773;772;67197.24;33.4;50.49;72.74;104.89;188.54
0;096;2;196;196;26096.46;36.75;65.93;92;146.6;370.97
0;096;3;11;11;2432.75;48.7;59.51;98.27;465.88;631.64
0;096;4;2;2;1172.82;189.53;189.53;586.41;983.29;983.29
0;097;1;11012;10977;611868.53;14.72;30.81;45.37;63.31;113.44
0;097;2;731;729;65764.85;16.49;37.62;54.99;87.11;264.68
0;097;3;53;53;46593.18;21.77;42.85;69.58;227.66;2103.8
0;097;4;5;5;10773.36;309.44;591.7;841.78;2246.18;6784.26
0;098;1;13823;13772;1227007.85;24.48;49.42;72.13;109.02;199.55
0;098;2;1699;1688;231651.36;20.21;52.26;80.33;134.4;427.45
0;098;3;122;121;60117.53;20.9;67.26;124.99;305.32;2265.27
0;098;4;20;20;30147.65;48.46;440.98;623.8;1637.6;7118.56
0;110;1;610;587;112405.7;13.41;46.33;87.08;158.51;762.3
0;110;2;802;768;256571.92;9.06;55.68;123.45;316.94;1288.5
0;110;3;467;459;345057.21;20.84;137.86;482.28;861.18;2533.33
0;110;4;67;67;164795.18;90.93;312.78;1381.41;3270.66;9349.82
0;111;1;2001;1788;74941.74;1.81;8.12;21.26;62.92;128.32
0;111;2;1355;1278;83308.13;2.26;12.5;36.27;85.28;192.53
0;111;3;245;242;28109.71;3.8;24.6;60.14;110.09;367.99
0;111;4;9;9;9255.96;1.19;347.22;484.11;1192.45;3745.88
0;112;1;672;604;22122.93;0.92;5.06;14.15;36.11;126.46
0;112;2;241;225;19940.19;1.29;11.09;29.03;73.22;207.25
0;112;3;110;109;39106.56;2.41;12.44;44.47;150.81;1069.3
0;112;4;17;17;8777.61;30.4;99.07;156.36;1036.7;1779.11
0;113;1;6624;5866;350018.28;2.25;9.78;31.9;79.3;194.34
0;113;2;3753;3461;340967.72;2.68;14.53;44.72;109.24;338.14
0;113;3;605;582;133046.86;4.51;32.09;81.16;205.04;1056.94
0;113;4;48;48;42243.39;31.65;82.56;255.46;1267.76;2876.92
0;114;1;4920;4750;321067.45;7.9;36.92;54.19;75.82;169.52
0;114;2;853;801;114176.88;3.6;26.03;58.81;123.62;468.62
0;114;3;218;210;153448.5;8.2;52.78;141.93;755.2;3252.89
0;114;4;28;28;34846.39;46.87;296.4;797.39;1533.65;3745.08
0;115;1;2440;2051;138510.06;2.35;13.38;35.79;78.24;217.15
0;115;2;1707;642;70240.02;1.88;15.44;51.96;122.05;368.09
0;115;3;161;152;44566.5;4.08;34.88;107.21;304.44;1493.95
0;115;4;30;30;47119.35;7.06;103.03;437.07;2264.17;8455.43
0;120;1;310;306;117455.8;101.37;188.02;285.66;437.91;1005.49
0;120;2;610;610;301307.7;152.78;255.16;382.55;596.46;1201.85
0;120;3;334;334;354556.43;221.99;418.76;643.51;1186.39;2599.3
0;120;4;224;224;644800.8;317.01;716.46;1434.42;3497.84;8873.23
0;121;1;1169;1146;216384.96;19.53;53.78;108.37;206.05;583.27
0;121;2;1584;1566;592520.68;17.51;83.95;186.7;427.63;1437.31
0;121;3;838;835;790180.26;42;189.77;472.56;1122.01;3546.6
0;121;4;376;375;1127778.22;186.12;922.09;1940.37;3714.9;8743.88
0;122;1;165;160;34702.79;3.53;54.8;97.84;202.16;934.02
0;122;2;192;191;101448.78;8.57;103.51;252.71;692.01;1744.69
0;122;3;116;116;124989.84;55.01;290;535.45;1297.5;3117.75
0;122;4;98;98;301806.7;258.24;658.31;1781.74;4094.79;10947.77
0;130;1;22;21;24026.6;9.81;344.68;911.25;1415.54;3686.47
0;130;2;75;73;84508.91;136.02;472.99;889.11;1720.27;2450.24
0;130;3;323;323;590781.03;196.23;752.15;1343.11;2469.48;4538.7
0;130;4;925;925;2581291.26;473.09;1204.99;2162.81;3645.9;7128.51
0;131;1;75;63;66376.04;15.08;42.5;631.66;1672.69;3453.74
0;131;2;189;188;198827.65;8.17;177.27;814.44;1684.53;3041.23
0;131;3;279;276;414656.48;32.97;353.47;1137.77;2232.73;3706.05
0;131;4;106;105;270952.15;56.01;715.27;1796.52;3426.57;7885.59
0;132;1;16;15;1289.64;4.6;20.96;88;129.05;208.72
0;132;2;21;19;1433.66;3;27.57;70.66;126.02;174.99
0;132;3;13;11;1808.04;13.78;58.24;91.23;270.03;579.16
0;132;4;9;9;1962.3;14.95;43.26;113.42;214.21;975.26
0;133;1;819;816;162563.06;13.13;44.99;106.61;232.2;649.85
0;133;2;658;586;167642.91;4.21;45.09;135.46;329.93;1077.02
0;133;3;1126;1105;530116.12;19.51;101.72;252.46;543.52;1778.17
0;133;4;382;380;401520.68;34.68;239.36;625.07;1157.32;3666.81
0;134;1;682;676;146750.05;16.96;72.74;135.69;225.28;534.71
0;134;2;1852;1847;541023.73;33.54;96.2;174.56;303.93;1173.05
0;134;3;1358;1356;610382.56;37.62;133.79;243.28;497.49;1448.38
0;134;4;411;411;393827.49;61.03;238.52;523.57;1285.01;3057.21
0;135;1;591;531;29517.4;1.86;10.6;27.84;67.38;182.48
0;135;2;581;570;73895.49;6.74;33.81;79.57;157.3;395.66
0;135;3;285;285;97976.18;24.72;81.7;180.82;383.17;1299.73
0;135;4;60;60;64124.92;45.44;281.3;627.85;1319.64;3405.92
0;136;1;1147;1071;345882.09;2.95;35.41;107.72;346.27;1290.6
0;136;2;4714;4561;1702438.88;7.73;63.33;163.91;471.07;1369.78
0;136;3;3162;3131;2081320.25;27.55;159.21;423.7;833.95;2114.94
0;136;4;387;386;513239.81;36.9;288.95;875.35;1844.77;4258.8
0;137;1;696;673;138897.91;7.71;40.31;108.58;224.62;795.9
0;137;2;1782;1761;916216.59;26.3;145.49;311.35;657.05;1677.06
0;137;3;1890;1882;1559673.05;44.38;234.39;504.52;1087.36;2578.98
0;137;4;1338;1337;2149934.34;93.65;456.46;1080.04;2109.53;4526.14
0;138;1;223;218;11368.4;3.59;21.34;43.29;67.15;131.78
0;138;2;88;87;7315.28;2.13;14.34;52.88;88.44;232.49
0;138;3;45;44;5144.91;3.6;29.36;59.93;149.39;477.43
0;138;4;19;19;13046.51;0.55;27.55;47.8;650.54;4297.21
0;139;1;8412;8303;1234711.21;13.51;43.23;85.42;174.38;483.07
0;139;2;8629;8576;3262841.62;29.51;119.14;243.43;446.13;1234.41
0;139;3;6151;6130;3518457.43;45.21;193.16;372.11;684.8;1782.3
0;139;4;2287;2285;2448181.45;61.79;296.76;675.6;1341.51;3374.09
0;140;1;4809;4538;1047337.45;10.16;66.95;151.92;295.77;685.61
0;140;2;8853;8622;2863163.92;19.29;96.74;205.41;393.29;1081.71
0;140;3;6778;6654;3331729.06;34.67;147.8;313.05;585.26;1647.91
0;140;4;2127;2120;2233630.2;78.32;307.69;648.87;1354.99;3352.41
0;141;1;6647;6367;449049.26;2.87;13.08;34.07;73.69;227.46
0;141;2;3274;3170;397178.54;5.12;25.9;61.39;134.92;435.7
0;141;3;1263;1237;221733.49;5.43;30.78;83.13;188.75;674.35
0;141;4;174;172;113095.87;25.24;110.11;335.06;713.81;2285.44
0;142;1;244;218;31414.39;1.44;13.91;72.5;163.57;595.27
0;142;2;556;523;125707.35;3.08;31.09;108.37;283.26;1003.3
0;142;3;355;346;137835.13;8.13;66.23;186.52;438.38;1496.42
0;142;4;108;108;148147.32;24.29;244.46;629.41;1339.12;5788.38
0;143;1;814;730;48900.25;2.26;14.26;35.78;71.14;191.09
0;143;2;1242;1189;225281.07;4.03;31.06;89.4;214.58;709.64
0;143;3;583;573;233412.64;13.99;73.06;204.22;447.68;1544.62
0;143;4;146;146;120750.16;41.55;170;412.23;1015.48;3127.46
0;144;1;10500;7056;502301.82;2.23;12.05;35.12;83.13;249.4
0;144;2;7814;6861;1228097.2;4.09;29.09;84.44;206.97;635.23
0;144;3;3608;3485;1387754.82;11.4;76.53;204.07;446.19;1451.58
0;144;4;681;678;737974.31;33.19;220.9;545.56;1234.78;3474.75
0;160;1;6;6;1688.96;53.23;222.76;263.35;375.38;510.89
0;160;2;11;11;4012.24;97.4;217.27;292.25;574.26;767.88
0;160;3;18;18;7650.39;74.78;230.49;367.77;616.25;956.31
0;160;4;64;64;52588.81;193.12;350.01;466.69;859.01;3016.1
0;161;1;119;118;16401.27;36.84;72.88;97.85;154.28;369.83
0;161;2;160;160;36206.81;24.78;73.6;115.11;213.07;662.28
0;161;3;145;145;68098.27;57.97;137.2;253.2;561.4;1636.3
0;161;4;61;60;79548.41;72.19;373.38;778.28;1369.36;4945.56
0;162;1;23;23;16217.55;105.79;422.62;735.45;926.17;1266.67
0;162;2;85;84;69608.49;412.48;641.25;795.1;938.83;1530.12
0;162;3;326;326;345776.15;539.52;735.69;912.56;1192.37;2119.83
0;162;4;298;298;774691.86;754.72;1133.85;1707.71;3201.4;7515.39
0;163;1;181;181;124952.58;322.74;481.79;605.72;740.58;1184.08
0;163;2;450;449;326903.55;354.05;494.94;612.25;778.85;1189.01
0;163;3;1004;1004;827048.72;375.2;550.99;713.69;947.46;1605.3
0;163;4;705;704;1341752.31;514.14;806.82;1118.59;2082.4;6315.66
0;164;2;1;1;597.96;597.96;597.96;597.96;597.96;597.96
0;164;3;1;1;2269.86;2269.86;2269.86;2269.86;2269.86;2269.86
0;165;1;36;35;22779.61;51.28;511.76;635.05;712.37;1173.66
0;165;2;646;645;511621.47;412.79;570.7;717.86;938.51;1431.36
0;165;3;1387;1386;1338901.47;462.04;654.97;861.03;1103.3;1925.21
0;165;4;579;579;1226385.67;615.83;1013.79;1414.16;2306.71;5802.88
0;166;1;329;329;172057.59;309.64;378.69;459.57;604.7;923.52
0;166;2;2475;2475;1524092.23;322.59;425.66;542.06;726.23;1089.77
0;166;3;1760;1760;1425306.51;365.89;537.42;728.99;943.08;1495.97
0;166;4;577;577;951375.86;450.43;764.92;1109.06;1898.68;4547.16
0;167;1;215;215;42640.15;29.6;67.99;99.85;196.69;738.69
0;167;2;153;153;47187.52;38.91;90.09;203.03;414.2;885.78
0;167;3;124;124;69167.5;104.45;195.2;341.7;712.81;1588.33
0;167;4;63;63;108327.88;196.73;481.1;1056.53;1871.26;5020.49
0;168;1;614;612;204460.69;76.86;153.31;251.89;380.84;752.12
0;168;2;1056;1054;528786.2;95.65;223.92;360.57;552.74;1276.95
0;168;3;621;620;613724.31;160.86;371.31;614.69;1072.02;2430.99
0;168;4;503;502;1125289.44;343.06;697.74;1390.44;2852.08;6649.8
0;169;1;158;158;66168.59;101.5;259.75;354.1;484.98;968.86
0;169;2;307;307;161302.92;175.56;325.52;437.2;587.03;1115.24
0;169;3;220;220;162074.53;176.47;426.03;601.38;880.82;1665.33
0;169;4;185;184;452920.7;521.94;909.98;1472.97;3323.57;7565.43
0;170;1;24;24;3952.75;30.46;49.05;132.85;184.04;284.07
0;170;2;116;115;35317.88;27.52;83.71;153.84;362.29;1223.77
0;170;3;92;92;40090.86;39.5;124.84;231.66;469.27;1382.79
0;170;4;38;38;59863.39;226.26;493.41;946.52;1791.65;4835.25
0;171;1;1557;1547;82921.9;5.87;15.21;30.26;63.27;161.04
0;171;2;2183;2174;220063.81;8.63;25.13;52.64;106.51;313.75
0;171;3;896;891;204373.01;16.44;62.23;125.38;248.67;736.82
0;171;4;145;145;140668.04;73.58;201.39;481.2;1152.62;4145.56
0;172;1;92;92;61655.6;63.21;186.74;428.16;812.43;2093.74
0;172;2;253;253;260688.81;101.86;275.89;614.52;1383.43;3384.25
0;172;3;311;311;464947.43;148.13;553.2;1064.05;1910.49;4157.8
0;172;4;152;152;422343.57;469.53;1152.23;2281.94;3704.57;7654.35
0;173;1;5868;5848;1396669.96;38.18;87.05;133.6;225.46;788.57
0;173;2;4869;4857;1716338.79;50.96;115.45;194.77;353.19;1202.35
0;173;3;1916;1912;1393407.3;89.18;222.6;431.93;893.86;2403.02
0;173;4;500;500;1001556.64;213.68;635.21;1405.29;2494.49;5942.27
0;174;1;1023;1021;839043.72;83.63;190.29;991.52;1199.97;2031.62
0;174;2;1227;1227;1025999.95;110.92;237.84;941.61;1209.03;2100.75
0;174;3;369;369;359744.36;152.03;328.65;1080.49;1368.54;2337.03
0;174;4;201;201;350928.75;236.85;730.65;1312.68;2054.3;5159.65
0;175;1;9122;9084;2376360.09;4.69;59.13;117.84;221.18;1122.86
0;175;2;6278;6259;2465607.9;16.07;112.61;183.92;426.18;1274.26
0;175;3;1318;1316;684828.76;19.18;132.81;269.51;970.3;1443.1
0;175;4;247;247;346319.3;104.85;389.88;1069.9;1623.38;4364.7
0;176;1;949;933;33948.25;4.14;12.11;21.91;42.53;102.89
0;176;2;712;699;50085.56;4.51;15.44;34.27;69.75;255.37
0;176;3;230;230;42961.41;9.3;30.21;74.66;185.33;869.51
0;176;4;24;24;25869.76;68.55;189.33;546.07;1478.78;2921.96
0;177;1;463;453;21298.01;5.12;12.61;23.38;41.14;117.36
0;177;2;305;299;25118.14;6.02;16.05;32.37;67.61;233.04
0;177;3;118;118;27885.47;8.18;22.91;72.12;254.01;1170.63
0;177;4;13;13;21219.8;30.96;223.45;363.84;1748.44;7009.8
0;178;1;121;117;29849.31;10.72;43.07;111.36;388.53;928.07
0;178;2;272;270;123475;17.55;68.52;206.97;579.66;1664.06
0;178;3;149;149;139109.75;29.4;184.73;595.77;1396.44;3064.5
0;178;4;23;23;70147.35;408.43;597.27;1180.52;3949.43;12396.9
0;179;1;13643;13605;678369.36;9.55;21.24;40.45;62.9;110
0;179;2;563;562;65990.05;12.88;30.16;60.07;99.05;295.83
0;179;3;32;32;9190.65;21.14;75.4;105.43;255.47;1739.86
0;179;4;5;5;10794.87;40.61;466.61;1372.34;2913.53;6001.78
0;180;1;320;318;79226.92;11.63;59.99;112.73;252.81;978.81
0;180;2;350;347;140806.11;16.88;72.29;157.6;390.93;1484.81
0;180;3;213;213;156609.8;34.26;177.65;431.02;923.45;2549.53
0;180;4;85;85;219063.5;204.89;590.59;1557.86;3059.21;8746.11
0;190;1;2320;2285;933730.36;10.92;80.64;169.36;591.61;1277.57
0;190;2;5193;5142;2520283.9;16.95;107.29;222.95;1051.74;1348.31
0;190;3;2004;1992;1125148.62;35.97;142.58;304.94;1031.48;1550.86
0;190;4;1271;1258;1073351.03;32.21;176.54;493.73;1148.82;2631.31
0;191;1;3017;2978;411965.85;7.73;94.49;114.1;159.77;266.21
0;191;2;2134;2122;363053.66;12.96;99.32;130.35;193.76;368.29
0;191;3;1685;1681;552267.27;27.86;116.51;196.04;334.16;1042.52
0;191;4;264;264;287101.77;102.35;301.88;569.29;1252.63;3638.46
0;192;1;12946;12733;1567505.19;5.82;81.52;106.88;154.18;240.25
0;192;2;8122;8074;1217180.56;7.85;97.99;123.29;179.51;317.08
0;192;3;899;896;207210.82;20.86;108.49;169.15;260.65;638.4
0;192;4;65;65;45854.77;72.03;136.86;329.64;542.43;1576.09
0;193;1;9;9;10778.21;29.2;187.5;814.73;1316.36;4466.46
0;193;2;62;62;89568.05;31.83;383.55;1033.68;2067.15;4204.65
0;193;3;78;78;102350;89.15;470.18;887.17;1620.75;5845.83
0;193;4;59;59;122963.26;333.56;665.26;1749.78;2927.51;5414.11
0;194;1;1863;1827;236881.8;5.43;24.71;58.03;129.6;376.47
0;194;2;7282;7219;1250401.26;10.09;42.1;96.05;201.87;580.84
0;194;3;5815;5788;1781634.44;16.9;73.21;162.36;358.48;1089.06
0;194;4;1265;1265;1065781.46;39.04;199;460.87;1090.33;2918.77
0;195;1;537;531;66552.52;9.54;38.94;70.33;123.04;267.42
0;195;2;468;467;109376.03;17.7;66.09;127.05;220.09;739.29
0;195;3;412;410;148357.5;30.24;98.29;166.97;337.2;1286.34
0;195;4;59;59;56844.77;81.95;147.47;302.07;923.25;3195.74
0;196;1;249;188;17220.39;1.74;4.05;13.23;40.12;762.05
0;196;2;318;286;23993.99;1.71;5.05;17.55;66.19;502.77
0;196;3;411;379;97894.82;2.26;22.46;89.14;248.53;1147.9
0;196;4;316;313;278427.31;23.61;161.55;438.56;1010.5;3423.44
0;197;1;3400;3245;444485.64;3.74;50.11;94.26;136.63;259.51
0;197;2;4010;3862;805987.32;4.41;51.15;99.08;169.62;702.71
0;197;3;1797;1762;560275.13;9.81;70.11;130.56;256.58;1375.96
0;197;4;216;215;212841.44;30.34;159.56;457.38;1170.3;3251.75
0;198;1;1982;1836;207646.45;2.08;16.17;60.03;125.41;349.05
0;198;2;2374;2265;310438.44;3.07;26.14;79.22;156.71;387.78
0;198;3;688;679;136183.47;8.87;50.36;124.04;249.45;660.03
0;198;4;102;102;78454.7;16.96;102.65;425.37;1073.56;2069.73
0;199;1;1232;1121;56689.61;1.17;6.89;24.54;73.25;160.6
0;199;2;1852;1771;131865.06;2.23;13.14;37.23;95.01;224.27
0;199;3;548;529;77062.99;4.9;28.29;71.65;141.27;415.35
0;199;4;28;28;56524.27;9.92;138.65;346.48;1459.85;8555.53
0;200;1;310;241;23365.69;1.76;7.69;33.78;100.76;195.2
0;200;2;743;693;88813.57;2.26;13.99;50.07;115.52;349.43
0;200;3;421;406;111099.53;4.57;34.68;92.48;194.94;856.82
0;200;4;83;82;96943.64;12.39;126.35;235.41;1094.89;5080.89
0;201;1;6274;5959;215524.35;2.11;8.68;19.04;42.28;115.05
0;201;2;7579;7405;559068.7;3.52;14.38;37.1;85.9;245.16
0;201;3;3051;3012;630860.99;7.47;35.37;89.61;198;684.57
0;201;4;531;529;381578.67;20.26;120.73;325.88;860.32;2658.95
0;202;1;3417;3184;339657.81;3.02;18.03;54.21;110.39;266.94
0;202;2;3326;3231;388714;4.78;30.22;72.05;131.38;342.34
0;202;3;881;874;177486.47;10.3;56.97;112.12;212.92;817.22
0;202;4;93;93;97713.6;38.39;131.4;334.46;807.6;5364.18
0;203;1;2801;2522;102647.96;1.74;6;17.19;47.55;131.89
0;203;2;1800;1727;116227.4;2.67;12.93;35.07;84.97;204.84
0;203;3;234;232;36984.85;6.79;27.01;78.76;148.97;524.78
0;203;4;19;19;13931.43;14.55;47.75;240.02;1052.89;4131.8
0;204;1;3416;2699;72474.44;1.59;4.19;9.57;26.88;100.49
0;204;2;3209;3001;167053.03;2.03;9.05;23.95;61.91;197.56
0;204;3;886;870;111128.35;5.23;22.45;60.06;139.18;442.62
0;204;4;79;79;54324.13;11.6;51.36;197.67;758.09;3729.38
0;205;1;164;153;12589;1.81;7.78;40.74;113.78;351.14
0;205;2;438;414;48022.12;3.74;18.92;54.91;129.41;443.99
0;205;3;309;302;59956.03;6.34;42.96;99.88;199.2;775.83
0;205;4;61;61;50678.9;18.17;118.03;271.6;599.71;3263.64
0;206;1;169;163;62276.11;2.33;37.71;103.75;249.62;1926.04
0;206;2;387;369;164651.3;3.17;52.05;134.68;373.25;2155.61
0;206;3;254;245;294977.12;10.77;85.62;246.83;953.71;3233.66
0;206;4;109;107;198958.67;66.39;398.16;1269.41;2459.75;5633.56
0;207;1;2499;2330;267221.89;1.88;10.91;33.16;93.93;627.63
0;207;2;1744;1674;329465.41;4.47;25.09;71.75;173.97;1078.95
0;207;3;732;714;403701.28;9.52;54.61;164.96;390.25;1527.44
0;207;4;251;249;196438.4;23.57;136.15;382.1;1009.11;3398.49
0;220;1;2662;2661;455199.74;55.25;87;115.12;162.9;391.4
0;220;2;957;955;734738.81;66.35;197.73;434.53;848.65;2631.86
0;220;3;1099;1099;1850937.15;186.13;543.25;1019.49;1830.78;5271.99
0;220;4;617;617;2447824.66;424.87;1181.56;2437.89;5038.07;13862.16
0;221;1;2404;2404;1073159.11;116.05;218.03;329.03;532.08;1135.92
0;221;2;4481;4480;3212817.62;169.81;306.4;484.36;795.83;1861.18
0;221;3;3650;3648;4318723.69;269.71;502.37;810.37;1359.02;3328.76
0;221;4;1590;1590;5068978.66;498.59;1132.97;2049.69;3814.86;9767.94
0;222;1;382;378;39344.95;11.56;30.58;59.15;108.83;319.57
0;222;2;184;183;68922.89;16.34;59.83;125.57;312.67;1497.17
0;222;3;60;60;50077.5;27.23;113.04;448.93;1191.07;3247.22
0;222;4;36;36;87037.1;270.83;706.43;1305.57;2981.75;9427.65
0;223;1;637;632;146814.77;30.5;97.45;156.06;277.51;644.65
0;223;2;466;466;184216.01;30.31;135.31;238.67;492.66;1164.15
0;223;3;230;230;173689.12;75.79;316.32;512.05;956.36;2368.53
0;223;4;66;66;209625.38;402.33;852.57;2026.18;4213.79;9445.63
0;224;1;969;968;179339.01;39.87;68.65;107.36;206.44;529.68
0;224;2;419;419;167884.11;60.32;119.78;225.74;437.84;1234.3
0;224;3;225;225;192303.3;106.03;273.94;536.14;1072.19;2359.15
0;224;4;84;84;190303.28;335.99;749.28;1569.52;2773.7;7281.94
0;225;1;9117;9106;1148456.62;34.79;62.09;92.08;144.2;321.84
0;225;2;3578;3577;1020815.14;49.62;104.28;194.07;352.82;774.88
0;225;3;436;436;263644.83;58.5;130.2;299.14;609.16;1788.31
0;225;4;52;52;98398.02;295.84;692.86;1546.66;2750.28;4871.26
0;226;1;9102;9059;540046.37;10.42;26.14;41.92;60.98;139.35
0;226;2;1146;1139;203960.26;11.98;32.86;66.24;154.64;612.28
0;226;3;211;208;127981.78;31.15;70.86;236.62;601.82;2549.75
0;226;4;44;44;94359.85;343.33;702.98;1319.55;2660.05;6406.6
0;227;1;6449;6438;574574.92;25.83;51.93;72.98;103.62;192.34
0;227;2;1902;1898;300653.79;36.87;70.82;102.34;156.64;394.17
0;227;3;309;308;93648.92;51.42;100.69;187.7;343.79;818.09
0;227;4;61;61;109837.43;101.29;266.45;1129.04;2221.08;7702.92
0;228;1;16120;16103;1091677.05;20.62;43.19;62.44;82.48;127.8
0;228;2;3013;3011;282086.99;23.75;46.97;70.31;100.3;207.02
0;228;3;382;382;91831.57;31.24;65.25;113;234.31;810.92
0;228;4;56;56;73383.97;141.8;283.32;681.26;1584.61;5643.8
0;229;1;987;985;266894.07;28.84;58.62;113.96;264.22;1101.45
0;229;2;703;702;424254.35;41.19;131.84;262.01;688.9;2228.38
0;229;3;424;424;543717.06;83.15;349.14;731.4;1373.4;3863.27
0;229;4;283;283;818544.49;194.92;663.15;1605.28;3438.59;10060.3
0;240;1;1455;1384;225913;2.95;22.5;75.75;136.76;686.23
0;240;2;3131;3021;933265.72;5.75;39.64;110;293.52;1235.88
0;240;3;1977;1956;1399928.83;17;114.95;334.02;835.08;2610.09
0;240;4;333;329;569028.93;33.53;328.06;901.86;2313.85;5940.11
0;241;1;3102;2994;269716.54;3.27;14.65;34.91;82.85;285.72
0;241;2;4257;4209;632254.09;6.74;29.23;65.49;138.09;511.91
0;241;3;1767;1760;659126.69;20.34;65.19;143.19;341.31;1546.57
0;241;4;467;466;485698.66;65.28;224.82;550.52;1287.71;3675
0;242;1;207;200;17925.85;3.86;12.56;23.24;54.42;285.81
0;242;2;307;302;66383.03;5.41;28.68;65.3;208.64;1122.34
0;242;3;229;229;154091.23;10.01;89.02;298.7;995.9;2380.04
0;242;4;63;63;138607.92;62.05;305.55;1117.71;3116.45;8055.68
0;243;1;4721;3017;138740.32;1.29;6.8;18.54;46.59;167.93
0;243;2;3850;3459;353439.87;2.85;17.78;43.15;101.46;360.74
0;243;3;1049;1023;253949.81;8.56;42.43;100.66;237.43;980.08
0;243;4;275;271;262103.29;19.03;171.69;517.04;1195.67;2842.08
0;244;1;2918;2877;706799.92;4.95;25.06;143.11;335.17;853.94
0;244;2;2475;2447;638226.81;6.59;33.59;129.31;331.29;978.81
0;244;3;764;764;378915.89;18.6;114.53;306.54;694.61;1581.79
0;244;4;242;240;290312.63;139.23;459.74;857.5;1419.23;3083.03
0;245;1;1246;1217;275124.48;3.37;23.34;78.11;260.49;884.61
0;245;2;1015;995;280699.13;6.94;41.73;119.11;323.89;1021.79
0;245;3;321;318;214338.83;16.36;132.96;349.76;834.62;2244.53
0;245;4;234;234;286113.17;102.15;503.19;901.41;1531.87;3157.07
0;246;1;256;248;55737.82;4.85;31.97;86.9;207.84;1058.32
0;246;2;385;383;106910.66;13.23;45.69;119.82;293.48;1059.5
0;246;3;223;223;99735.15;22.81;102.43;246.5;549.93;1498.15
0;246;4;142;142;125920.54;35.45;217.22;574.59;1139.1;2745.82
0;247;1;2453;2150;192527.34;2.25;12.18;35.41;92.67;298.1
0;247;2;2505;2373;398455.77;5.35;27.07;69.03;157.73;590.77
0;247;3;1033;1018;395001.05;12.91;61.89;146.86;377.13;1726.28
0;247;4;447;447;481595.03;26.83;239.36;543.14;1109.74;4257.58
0;248;1;158;150;70134.41;13.68;128.23;299.42;652.25;1301.35
0;248;2;149;148;85370.11;15.72;100.03;285.21;776.34;2224.93
0;248;3;105;104;80957.88;28;171.51;630.79;1151.66;2101.11
0;248;4;76;76;131762.63;52.26;586.7;1224.83;1965.36;4412.08
0;249;1;17262;14489;622705.68;1.96;6.64;15.13;40.73;164.93
0;249;2;7209;6593;594296.83;2.3;10.46;31.96;90.33;352.15
0;249;3;1957;1819;318188.15;3.37;13.64;53.99;179.03;793.4
0;249;4;612;556;220015.26;2.48;10.8;49.42;384.44;1664.34
0;250;1;14614;12644;674788.17;1.83;8.34;20.21;51.23;191.84
0;250;2;8467;8040;1051162.88;3.16;17.53;43.84;114.38;513.32
0;250;3;2559;2518;854653.25;6.29;37.39;115.58;321.42;1414.66
0;250;4;1109;1094;951215.5;9.05;75.87;336.33;991.66;3383.46
0;260;1;262;262;147253.77;30.09;146.53;298.24;592.64;1971.78
0;260;2;506;505;492956.2;75.24;240.34;480.43;911.47;4416.02
0;260;3;375;374;770228.1;207.05;562.18;1100.04;2375.37;7564.78
0;260;4;345;345;1587280.89;472.91;1396.63;2776.73;5935.7;13232.49
0;261;1;185;184;99546.65;29.51;112.02;224.65;599.71;1486.1
0;261;2;338;338;225534.56;49.09;168.01;417.87;906.25;1817.89
0;261;3;202;201;244493.7;93.18;431.66;839.04;1685.18;3659.12
0;261;4;138;138;370728.25;434.84;866.05;1771.57;3124.15;8373.12
0;262;1;515;515;132970.07;58.63;89.26;139.12;301.55;715.57
0;262;2;505;505;247015.65;76.07;148.88;321.73;574.51;1606.33
0;262;3;198;198;183843.27;139.43;348.82;611.91;1201.25;2413.33
0;262;4;161;161;385147.78;336.86;811.5;1497.09;2734.9;7829.33
0;263;1;9517;9513;1224591.28;49.9;70.85;90.37;128.02;331.2
0;263;2;4226;4226;1036686.29;57.42;85.03;125.32;252.72;781.46
0;263;3;765;764;538839.82;78.25;185.78;366.03;773;2188.95
0;263;4;148;148;398520.89;275.89;611.98;1307.04;3656.81;10015.97
0;264;1;347;340;108692.03;11.71;66.86;131.21;276.08;1169.21
0;264;2;367;363;166048.87;5.51;69.33;205.57;519.92;2008.15
0;264;3;244;244;245523.96;47.7;190.12;557;1394.21;3175.66
0;264;4;187;187;518638.49;215.76;764.06;1464.19;3425.14;10532.52
0;280;1;475;414;41254.2;1.83;11.58;31.46;99.87;380.5
0;280;2;1530;1461;348124.11;3.91;26.73;90.2;216.43;1016.74
0;280;3;1562;1539;890957.27;9.92;60.75;187.4;567.61;2436.22
0;280;4;545;544;835481.4;35.25;274.12;833.92;2199.05;5201.07
0;281;1;634;582;153337.47;3.62;34.91;105.12;263.26;1002.86
0;281;2;2015;1950;702741.71;6.24;54.31;146.4;381.83;1444.09
0;281;3;1309;1289;729285.76;17.69;119.16;307.04;718.45;1886.08
0;281;4;240;238;321237.7;36.29;288.22;795.69;1722.42;4366.42
0;282;1;1615;1587;582040.4;9.88;50.98;120.4;306.37;1779.3
0;282;2;1989;1968;919149.52;20.75;76.36;155.15;449.33;2008.35
0;282;3;716;714;662511.32;27.96;148.61;386.37;1088.97;3430.21
0;282;4;516;516;1170799.84;104.65;528.34;1308.44;2889.21;8094.61
0;283;1;1559;993;73517.65;0.82;4.46;18.98;73.7;313.05
0;283;2;1602;1450;305703.64;2.5;20.12;71.82;202.44;800.16
0;283;3;836;800;430795.27;7.78;65.23;185.8;573.44;2132.77
0;283;4;290;285;429363.99;40.33;273.15;854.65;2121.16;5011.66
0;284;1;2373;2317;398178.04;4.78;23.27;76.15;206.91;679.04
0;284;2;3019;2972;1004738.29;10.63;70.14;195.48;441.43;1131.01
0;284;3;1188;1177;703943.41;25.82;170.13;405.53;805.52;1720.53
0;284;4;398;396;608325.64;158.32;558.93;1051.9;1784.55;4241.56
0;300;1;32;32;14616.01;165.25;218.89;322.55;661.49;955.42
0;300;2;62;62;34920.17;148.3;216.42;354.5;637.59;1604.04
0;300;3;97;97;114409.31;154;265.4;501.4;1316.05;5316.99
0;300;4;6;6;19149.26;1317.02;1548.97;2750.99;4561.99;6219.3
0;301;1;987;987;223957.66;98.51;147.21;190.95;248.69;450.96
0;301;2;2033;2033;567864.44;110.86;166.81;221.22;305.93;630.58
0;301;3;2053;2053;999039.04;126.87;216.44;322.51;530.86;1397.3
0;301;4;352;352;499350.34;205.95;483.36;914.78;1700.62;4662.98
0;302;1;13984;13978;2875962.17;105.5;145.74;181.53;228.53;353.28
0;302;2;7958;7954;2145602.9;114.53;164.59;209.56;278.17;539.53
0;302;3;1946;1946;1253134.51;140.52;212.83;297.54;467.64;1555.77
0;302;4;210;210;377465.64;247.02;533.68;1109.21;2107.33;6544.62
0;303;1;106;106;35510.21;113.46;250.03;315.14;414.66;584.43
0;303;2;52;52;24135.56;143.4;280.43;403.7;595.04;1091.79
0;303;3;29;29;20557.58;114.32;410.05;506.71;959.82;1947.23
0;303;4;7;7;11269.94;351.13;498.41;670.53;2458.18;4324.64
0;304;1;3324;3322;675212.82;87.33;130.05;174.43;237.81;402.43
0;304;2;791;790;227454.38;106.38;157.66;210.39;305.51;720.61
0;304;3;269;269;186199.87;122.14;207.44;337.54;747.07;2444.05
0;304;4;33;33;122650.82;256.34;641.3;1492.23;3431.97;13716.24
0;305;1;27;27;14112.3;37.37;112.2;203.96;508.27;1478.13
0;305;2;55;55;58446.19;52.7;169.22;335.57;953.7;7281.12
0;305;3;42;42;83197.38;283.13;728.78;1370.83;2633.13;6042.25
0;305;4;24;24;87787.28;348.1;1062.5;2032.83;6935.55;9727.44
0;306;1;673;673;104606.97;67.45;101.12;134.59;176.66;304.16
0;306;2;257;257;56049.24;74.8;126.4;176.94;250.61;488.96
0;306;3;46;46;23067.5;131.12;202.07;368.48;641.55;1299.44
0;306;4;11;11;20884.59;179.38;626.52;987.82;2345.63;8538.96
0;307;1;169;168;27711.09;47.61;87.39;135.1;187.29;384.03
0;307;2;42;42;15876.17;81.47;173.9;227.34;473.69;951.06
0;307;3;11;11;10215.1;73.03;216.97;496.76;984.2;4591.75
0;307;4;5;5;11960.39;385.31;1239.61;2124.98;2633.19;5577.3
0;308;1;3094;3088;634108.17;71.84;124.37;169.38;232.66;442.32
0;308;2;3322;3321;1008295.22;91.24;154.48;218.39;327.83;784.43
0;308;3;1998;1997;1114896.34;118.45;213.99;342.37;602.37;1577.07
0;308;4;485;485;955474.66;195.04;591.66;1071.63;1840.98;4473.08
0;309;1;925;924;131615.86;29.46;59.55;95.55;155.32;370.92
0;309;2;507;506;288228.49;57.03;132.61;229.13;482.68;2053.95
0;309;3;260;260;302204.85;133.91;288.57;589.03;1216.74;3566.51
0;309;4;35;35;75967.56;395.16;658.64;1516.73;3185.96;5940.88
0;310;1;11924;11916;1373187.59;42.61;69.72;97.29;137.51;243.41
0;310;2;4024;3990;686331.29;24.63;75.82;116.74;185.8;411.04
0;310;3;578;577;304806.56;47.13;124.3;233.5;537.64;1769.64
0;310;4;78;78;152628.72;238.18;696.84;1865.42;2619.25;5235.33
0;311;1;71;71;12402.14;21.17;49.9;80.85;137.16;453.97
0;311;2;13;13;2727.3;33.3;50.25;101.01;349.87;732.08
0;311;3;2;2;1227.41;387.16;387.16;613.7;840.25;840.25
0;312;1;381;378;88808.68;12.95;51.15;98.33;273.61;899.84
0;312;2;279;278;193178.31;33.24;135;328.19;741.73;2727.62
0;312;3;142;142;201667.92;80.21;349.52;864.45;1879.23;4695.71
0;312;4;34;34;111548.71;565.26;1593.12;2445.96;4240.35;9642.83
0;313;1;23660;23617;1938337.18;19.57;41.69;65.25;100.69;175.72
0;313;2;3823;3816;750266.54;21.83;54.79;102.38;188.54;563.05
0;313;3;580;579;355840.39;40.2;150.85;278.72;552.56;2239.62
0;313;4;58;58;152610.01;135.13;471.08;1309.26;3541.46;10142.22
0;314;1;8489;8418;556701.84;15.87;38.01;56.53;81.05;132.09
0;314;2;1423;1418;197172.74;17.13;45.19;70.06;112.85;359.62
0;314;3;191;191;135914.67;33.24;86.75;210.42;648.44;2697.21
0;314;4;19;19;42624.83;35.48;480.28;950.67;2302.04;8281.89
0;315;1;16491;16409;1213794.21;15.59;44.21;66.99;92.41;146.44
0;315;2;5208;5182;646406.31;19.25;51.64;85.41;134.83;328.95
0;315;3;447;445;176895.34;46.89;104.39;179.44;416.61;1210.09
0;315;4;78;78;110032.18;82.61;313.16;796.93;2005.38;4459.87
0;316;1;6017;5917;329276.05;4.91;23.41;45.26;70.41;137.65
0;316;2;603;594;57911.46;4.8;26.8;56.13;111.08;324.68
0;316;3;51;51;49835.29;10.68;45.92;191.19;484.02;5181.05
0;316;4;7;7;11325.91;99.32;352.3;952.86;3207.41;4557.43
0;317;1;6998;6939;501134.07;9.72;34.5;55.08;80.62;152.93
0;317;2;681;677;114303.49;7.9;40.56;79.84;154.27;534.12
0;317;3;111;110;47443.74;22.59;74.29;208.59;481.43;1708.54
0;317;4;27;27;62640.21;57.29;495.37;992.5;2946.99;8521.28
0;318;1;4922;4885;322499.14;10.43;28.16;45.44;68.31;138.97
0;318;2;675;669;175165.52;10.14;36.3;64.37;145.28;1193.5
0;318;3;81;81;36789.5;22.51;66.34;209.93;610.98;1373.75
0;318;4;18;18;36665.29;15.75;298.53;1723.92;3563.3;4769.96
0;319;1;3717;3705;278733.27;16.95;37.96;56.5;80.03;153.79
0;319;2;532;531;126221.46;19.36;44.69;75.21;149.05;1009.74
0;319;3;71;71;58763.41;53.64;157.96;424.77;1031.86;2908.08
0;319;4;11;11;27659.87;291.51;670.96;1807.89;3450.97;7640.13
0;320;1;4929;4895;479838.43;16.57;42.87;66.11;96.75;240.2
0;320;2;893;883;239150.74;22.35;69.96;133.42;276.29;839.21
0;320;3;176;175;175270.41;39.59;175.94;400.99;1199.19;3523.01
0;320;4;43;43;130877.14;300.31;891.57;1891.67;3968.74;9827.15
0;340;1;492;445;38345.42;3.4;18.29;46.18;81.1;233.48
0;340;2;435;418;52110.17;5.11;28.81;66.75;140.52;451.88
0;340;3;174;172;53813.32;13.04;61.21;177.04;335.4;1306.16
0;340;4;65;65;58280.04;35.54;181.29;446.52;1475.27;2954.35
0;341;1;1113;1076;81482.09;4.66;21.91;45.3;88.97;233.58
0;341;2;1122;1099;157618.4;8.77;37.73;82.51;171.92;457.17
0;341;3;583;580;171583.27;24.47;84.69;164.19;341.77;959
0;341;4;80;80;85048.38;89.97;258.7;555.68;1443.98;3788.31
0;342;1;8063;7442;257024.24;2.45;11.43;21.84;37.53;90.9
0;342;2;1873;1801;180497.55;3.74;18.57;47.5;109.78;348.71
0;342;3;537;527;157623.03;9.11;55.49;148.75;351.91;1021.56
0;342;4;71;71;52947.26;92.94;289.53;469.17;999.2;2858.08
0;343;1;1384;1319;289400.69;5.3;40.16;106.19;286.77;721.07
0;343;2;2550;2488;897728.52;14.9;81.84;211.11;453.77;1130.28
0;343;3;1681;1672;1126003.57;38.67;181.86;410.32;787.19;2312.63
0;343;4;240;240;377476.17;133.82;494.67;1006.48;2039.19;5046.15
0;344;1;134;128;52364.69;3.92;57.06;153.8;419.24;1568.29
0;344;2;217;213;130854.25;11.67;114.4;235.62;610.09;2549.79
0;344;3;74;74;94405.21;21.47;164.64;715.4;1443.04;4950.4
0;344;4;17;17;54847.01;462.4;1145.37;2588.43;5058.58;10195.12
0;345;1;126;123;40171.86;10.87;63.32;164.7;394.97;871.66
0;345;2;162;146;58962.57;9.66;91.56;196.42;422.44;1662.06
0;345;3;62;62;53652.19;44.12;254.61;694.48;1299.21;2380.71
0;345;4;14;14;27380.16;95.34;778.41;1782.98;2596.83;5906.72
0;346;1;1675;1531;258170.62;2.15;16.12;58.64;170.4;627.17
0;346;2;1091;1032;224623.25;2.63;25.24;88.13;206.11;718.73
0;346;3;404;393;167317.08;10.69;62.24;183.37;458.6;1564.84
0;346;4;82;77;160456.42;6.42;178.55;720.39;2090.52;9645.95
0;347;1;15611;14390;704154.02;2.69;7.48;19.46;53.69;163.49
0;347;2;4904;4610;568504.93;4.02;14.32;48.34;119.37;432.25
0;347;3;912;897;320774.55;8.91;58.54;159.59;383.61;1263.04
0;347;4;127;127;151315.12;54.45;280.4;624.19;1867.61;4141.01
0;348;1;2402;2024;229188.58;1.83;12.65;43.7;156.27;419.88
0;348;2;2284;2158;362170.99;3.25;25.1;81.29;196.13;596.54
0;348;3;667;658;457268.16;10.12;58.52;144.25;400.45;1461.59
0;348;4;76;75;84435.37;90.71;265.2;429.67;1398.78;5209.04
0;349;1;970;921;55391.24;4.07;14.92;29.4;57.02;180.22
0;349;2;664;632;142271.18;5.85;24.37;62.78;181.32;918.02
0;349;3;144;141;86975.72;16.41;75.6;218.26;685.48;2478.27
0;349;4;21;21;32532.37;330.28;709.31;1036.61;1893.56;3705.73
0;350;1;1838;1521;70213.66;1.38;7.78;22.34;52.21;149.21
0;350;2;962;893;81384.07;1.88;13.93;40.91;98.57;336.44
0;350;3;236;230;66078.63;7.18;38.27;99.16;281.74;1050.53
0;350;4;18;18;11579.75;4.54;263.57;484.13;810.24;1773.47
0;351;1;2442;2042;194715.76;2.21;14.41;36.37;97;358.71
0;351;2;1023;933;157545.11;3.12;20.66;64.58;175.12;680.04
0;351;3;258;254;117702.13;7.88;59.1;151.83;402.5;1828.05
0;351;4;54;54;43284.01;34.92;232.3;472.89;817.7;2446.85
0;360;1;310;303;55916.9;19.04;48.31;100.26;222.95;740.96
0;360;2;496;491;290614.5;18.22;86.11;247.85;674.19;2100.34
0;360;3;248;248;313164.98;69.68;306.97;785.74;1524.54;4458.62
0;360;4;86;86;231874.92;233.99;640.34;1908.53;3504.46;7351.01
0;361;1;2875;2802;284100.38;8.75;36.81;59.06;100.17;301.92
0;361;2;624;616;154339.54;11.12;49.38;98.23;223.1;929.34
0;361;3;134;132;87293.93;44.26;137.23;356.23;760.9;1969.56
0;361;4;41;41;121027.11;189.05;911.37;1867.53;3057.15;9970.82
0;362;1;3562;3560;347441.78;37.33;60.29;80.9;111.75;199.74
0;362;2;2053;2052;290667.79;42.31;70.13;95.74;139.77;278.36
0;362;3;139;139;47003.73;51.85;114.3;188.07;335.89;994.94
0;362;4;15;15;38251.92;165.47;486.09;1095.29;4698.96;9462.47
0;363;1;8707;8679;696028.53;26.14;46.05;65.99;95.86;165.04
0;363;2;3847;3822;338793.37;29.84;51.42;69.24;94.43;182.68
0;363;3;98;98;29070.96;33.19;85.17;154.98;317.64;835.8
0;363;4;9;9;15210.35;718.5;760.99;1634.23;1846.76;3904.98
0;364;1;6295;6135;484787.15;10.39;33.44;53.05;86.98;208.16
0;364;2;1177;1155;333448.9;10.04;48.45;96.67;265.19;1215.14
0;364;3;297;297;284711.16;46.25;191.43;520.28;1167.98;3451.27
0;364;4;83;83;189297.09;172.59;643.92;1837.28;3448.44;6765.29
0;380;1;259;250;50973.54;7.19;36.69;89.21;207.21;921.33
0;380;2;712;705;256209.58;7.86;56.92;145.8;399.86;1420.24
0;380;3;602;600;365380.81;28.57;125.64;314.8;722.06;2141.05
0;380;4;184;184;313058.94;161.93;453.64;1091.01;2158.01;5909.63
0;381;1;725;686;174499.04;5.35;44.84;192.35;399.63;714.85
0;381;2;609;595;223240.7;10.09;71.23;226.94;458.34;1110.31
0;381;3;214;210;134560.27;26.18;178.46;408.62;735.9;2287.46
0;381;4;29;28;43224.82;46.81;479.53;1025.57;2391.34;3764.47
0;382;1;270;180;39152.52;1.99;19.47;83.31;193.38;1165.87
0;382;2;771;718;289206.83;6.02;50.65;178.53;461.47;1721.55
0;382;3;586;578;416748.41;15.09;129.73;404.1;933.73;2622.03
0;382;4;85;85;144980.48;62.27;369.39;873.73;2110.84;5911.2
0;383;1;4410;4359;781920.57;14.9;58.46;116.31;216.5;536.64
0;383;2;2104;2091;706492.43;28.55;118.38;225.13;397;1022.94
0;383;3;755;753;432366.96;50.25;190.6;341.63;667.04;1805.8
0;383;4;125;125;176721.42;69.74;435.39;913.33;1827.1;3944.5
0;384;1;4146;3259;125954.27;0.89;5.67;15.31;42.3;136.6
0;384;2;1618;1492;121676.69;1.81;11.94;35.65;87.47;305.4
0;384;3;537;532;159650.23;7.45;41.8;105.93;262.2;1276.58
0;384;4;75;75;66102.13;20.95;211.77;467.25;1207.78;4094.7
0;385;1;2245;1924;135857.99;2.18;10.84;30.85;70.09;241.58
0;385;2;1001;913;120128.45;2.46;16.78;48.71;130.96;487.68
0;385;3;266;254;97018.68;7.73;43.65;139.57;416.53;1633.41
0;385;4;21;21;18594.88;16.55;227.73;507.55;1162.18;3334.17
0;400;1;73;72;66162.17;12.86;155.95;507.81;1323.79;3532.12
0;400;2;15;15;18551.2;53.33;218.94;660.28;2377.98;5042.03
0;400;3;88;88;196240.44;125.68;805.68;1704.64;3191.11;5707.74
0;400;4;13;13;46633.9;1137.33;1729.78;2883.29;4498.15;11841.49
0;401;1;185;185;60545.35;78.73;174.53;283.35;428.73;758.52
0;401;2;118;118;51577.8;121.29;251.69;345.64;524.16;1104.53
0;401;3;43;43;33070.18;189.3;342.49;542.02;842.81;2546.41
0;401;4;15;15;24305.37;381.13;758.96;1065.53;2628.38;3192.83
0;402;1;58;58;7002.25;46.73;68.36;101.7;129.76;219.7
0;402;2;55;54;32725.88;17.74;73.58;177.56;942.44;2216.34
0;402;3;46;46;70014.84;48.42;287.93;1144.96;2242.48;4305.25
0;402;4;11;11;42834.14;449.14;538.99;3549.14;4708.42;12266.35
0;403;1;4971;4967;676169.1;54.69;82.97;112.05;154.75;283.98
0;403;2;790;790;180300;70.99;109.71;171.59;274.71;512.98
0;403;3;105;105;51564.36;104.41;215.99;322.22;495.24;1579.42
0;403;4;34;34;128738.86;631.4;1561.98;3106.38;4665.88;11049.88
0;404;1;4326;4321;369032.45;31.5;55.91;75.45;102.44;165.41
0;404;2;1351;1351;155770.69;42.73;66.37;91.04;131.45;238.19
0;404;3;101;101;52062.79;64.95;107.81;192.02;528.43;2187.69
0;404;4;13;13;53936.98;273.08;816.98;3238.72;4728.22;17609.25
0;405;1;662;586;88664.23;20.13;88.19;121.2;171.52;316.83
0;405;2;230;205;102940.56;16.27;110.74;224.09;442.75;2067.6
0;405;3;164;164;161786.6;99.67;238.15;447.33;918.52;3349.6
0;405;4;59;59;126872.31;132.99;704.85;1336.52;2627.41;7433.82
0;420;1;5226;4735;296702.34;2.55;11.82;28.81;61.51;193.38
0;420;2;2700;2608;363500.92;4.71;20.52;49.02;110.79;490.71
0;420;3;1289;1275;341607.76;8.05;40.98;92.27;259.4;1143
0;420;4;295;294;286219.26;39.47;172.94;446.04;1229.92;3877.6
0;421;1;1055;563;14630.54;1.44;3.6;8.83;22.95;104.11
0;421;2;2778;2242;175775.71;1.39;8.08;26.31;67.84;254.09
0;421;3;756;727;239070.21;4.51;32.38;98.57;324.87;1476.57
0;421;4;124;123;110381.16;54.8;183.4;495.48;1400.02;2710.19
0;422;1;2166;2014;61951.31;3.07;6.89;13.68;34.21;99.17
0;422;2;2884;2779;341726.27;2.35;14.22;43.28;121.14;489.44
0;422;3;1607;1591;456198.89;14.38;50.58;139.33;351.08;1043.01
0;422;4;716;698;445512.52;9.82;75.41;235.74;693.62;2789.82
0;423;1;199;143;26629.32;2.21;6.13;26.87;75.78;511.17
0;423;2;170;145;72648.06;1.21;11.98;39.18;135.53;3804.25
0;423;3;49;43;32137.76;6.79;22.38;100.02;393.3;3013.71
0;423;4;8;8;2370.85;71.27;104.8;167.31;451.65;852.04
0;424;1;1080;727;67854.93;0.34;4.75;30.34;92.59;364.05
0;424;2;1387;1160;156076.44;1.75;12.62;47.74;127.73;544.84
0;424;3;605;559;173424.18;3.5;40.84;103.46;262.23;1203.89
0;424;4;81;79;69957.9;20.68;130.4;362.78;1034.83;3836.13
0;440;1;31;31;65439.45;452.5;855.99;1592.77;3486.77;4615.67
0;440;2;168;168;491240.28;758.86;1357.59;2340.11;4167.05;6711.17
0;440;3;116;116;538595.39;1033.56;2437.84;3962.2;5879.3;11358.76
0;440;4;30;30;203322.06;645.89;2945.89;5296.72;8361.1;11061.73
0;441;1;142;142;30056.28;22.77;70.74;145.1;253.8;511.73
0;441;2;282;282;195917.43;52.48;254.09;588.56;975.25;1774.22
0;441;3;458;458;521966.54;240.27;572.37;891.32;1371.19;2967.57
0;441;4;101;101;339248.01;562.16;1360.89;1971.61;3987.02;10784.39
0;442;1;485;484;143878.88;95.61;166.45;225.01;324.13;654.4
0;442;2;515;515;198297.14;123.1;203.9;283.34;441.65;900.48
0;442;3;249;249;173010.3;148.42;282.28;463.13;851.1;2164.72
0;442;4;155;155;274769.5;236.61;519.46;930.83;1787.52;7796.95
0;443;1;1707;1704;319656.67;38.07;83.75;130.76;219.63;500.45
0;443;2;909;907;317527.79;43.1;117.72;203.14;387.04;1015.42
0;443;3;311;311;240665.3;62.53;219.37;443.94;984.53;2339.49
0;443;4;121;121;242205.51;260.7;501.11;1165.32;2706.51;5880.9
0;444;1;63;61;4213.26;2.3;11.67;44.97;81.55;283
0;444;2;76;74;7583.38;3.27;21.46;62.44;112.15;461.82
0;444;3;20;20;3752.21;3.29;36.41;55.46;168.95;1075.13
0;445;1;1142;1130;131273.01;11.87;39.16;71.87;129.91;368.55
0;445;2;452;442;117513.48;8.23;45.64;113.25;253.05;747.91
0;445;3;131;131;67714.72;28.24;121.95;273.78;542.38;1478.91
0;445;4;39;39;63720.39;151.9;398.15;1234.33;1868.62;4506.75
0;446;1;8585;8569;881562.36;20.88;47.47;76.06;125.99;262.33
0;446;2;4142;4136;673837.31;23.99;58.12;100.26;178.88;468.39
0;446;3;649;649;286087.58;31.8;96.35;216.36;490.49;1441.53
0;446;4;97;97;136278.09;81.06;375.49;852.54;1667.63;5467.78
0;447;1;617;607;80359.64;3.71;28.22;75.7;135.33;345.14
0;447;2;713;707;128919.16;6.32;42.81;95.47;182.75;680.92
0;447;3;254;254;163581.8;10.53;99.65;275.99;714.08;2382.54
0;447;4;63;62;148889.43;122.57;654.3;1959.62;3459.02;7107.43
0;460;1;304;259;24090.86;1.92;12.13;36.49;88.75;386.8
0;460;2;1315;1251;253521.55;3.86;30.42;80.52;209.54;781.47
0;460;3;1197;1169;471855.03;11.32;75.12;189.86;450.32;1565.96
0;460;4;388;386;552199.79;58.45;264.2;685.57;1563.88;6074.36
0;461;1;237;221;29520.22;1.81;26.29;79.58;143.91;542.02
0;461;2;717;692;222386.62;4.41;48.56;123.44;356.2;1147.6
0;461;3;424;413;229961.34;14.91;96.67;303.55;636.57;2111.08
0;461;4;70;69;79784.05;18.73;174.63;464.57;1322;3567.2
0;462;1;266;212;17828.51;0.87;6.56;29.99;98.35;325.23
0;462;2;310;281;47881.55;1.81;13.78;53.5;186.36;674.78
0;462;3;144;143;50421.43;4.59;46.96;141.08;359.62;1192.81
0;462;4;23;23;39209.1;122.2;369.9;856.46;2418.59;4184.68
0;463;1;5546;5438;895134.66;10.41;57.23;118.15;222.37;468.09
0;463;2;4572;4517;1070743.58;12.19;69.01;150.81;296.65;724.83
0;463;3;1912;1903;858050.57;36.21;141.42;305.49;560;1339.81
0;463;4;313;312;338263.09;93.64;297.01;641.91;1301.49;3196.57
0;464;1;1695;1648;102800.93;5.19;22.91;47.92;85.05;163.88
0;464;2;721;708;61690.53;7.2;24.3;54.52;93.97;273.21
0;464;3;53;53;17295.48;18.93;76.68;150.68;417.82;980.68
0;464;4;5;5;6965.69;37.74;450.71;671.08;1007.41;4798.75
0;465;1;7259;7179;394832.48;5.66;16.14;33.92;69.5;154.54
0;465;2;2886;2847;251905.99;6.82;22.07;50.16;102.57;297.13
0;465;3;337;337;91491.7;9.52;48.87;113.61;282.92;890.68
0;465;4;32;32;29025.42;28.52;268.08;609.02;1027.86;3643.94
0;466;1;170;161;11233.72;1.96;12.64;32.59;89.84;266.05
0;466;2;536;460;138112.63;2.23;17.2;66.88;205.84;1032.94
0;466;3;340;276;120582.26;1.81;35.33;119.18;477.73;1563.52
0;466;4;27;25;40236.85;15.88;149.13;444.4;2533.03;6882.71
0;467;1;1417;1083;66989.48;1.36;7.73;21.84;62.62;210.89
0;467;2;925;854;99303.2;2.5;17.35;51.16;121.68;413.86
0;467;3;233;226;60344;7.19;41.84;135.45;356.93;910.76
0;467;4;43;42;44534.03;65.93;200.42;622.18;1704.35;3352.12
0;468;1;1762;1580;103925.04;1.57;10.62;32.31;78.19;206.35
0;468;2;2084;1941;238251.76;2.15;18.22;53.61;121.78;469.63
0;468;3;497;476;171654.78;8.79;51.48;129.43;362.84;1470.81
0;468;4;49;49;67354.93;26.25;268.21;600.53;1678.25;5232.54
0;480;1;2957;2957;869802;119.92;185.89;246.57;341.87;607.31
0;480;2;1210;1210;420740.95;139.13;205.75;268.94;388.31;805.35
0;480;3;183;183;130136.95;173.1;275.41;426.06;717.26;2003.57
0;480;4;53;53;199612.96;231.83;765.67;1508.02;3606.82;17765.72
0;481;1;1204;1199;121756.98;19.46;41.29;67.2;120.28;289.3
0;481;2;136;136;30419.37;29.48;52.43;102.12;161.9;462.91
0;481;3;37;37;19104.18;53.84;125.94;226.22;643.92;3071.61
0;481;4;4;4;1554.4;165.75;185.9;214.61;591.29;959.42
0;482;1;5603;5598;1033867.28;61.7;103.41;149.31;220.71;435.22
0;482;2;2838;2835;707637.07;71.2;125.81;184.4;288.24;641.73
0;482;3;598;598;299795.06;90.96;185.11;322.51;628.48;1393.47
0;482;4;81;81;112143.86;172.59;446.01;891.45;1809.72;4428.78
0;483;1;4391;4370;221923.41;12;27.38;41.47;58.68;107.89
0;483;2;641;637;64081.34;12.22;27.32;49.45;81.09;427.08
0;483;3;70;70;19975.36;19.52;45;108.13;364.52;1361.94
0;483;4;7;7;11886.66;171.03;256.14;996.96;2981.75;5514.99
0;484;1;1991;1966;156283.5;6.74;21.84;33.81;64.81;320.24
0;484;2;610;606;151666.21;30.9;80.33;165.81;335.77;698.41
0;484;3;255;253;105257.66;35.66;101.46;273.15;512.33;1351
0;484;4;18;18;17487.69;10.95;366.31;727.41;1608.32;2923.59
0;500;1;481;452;67535.25;2.55;20.99;57.99;145.6;664.64
0;500;2;860;828;249515.53;4.73;42.11;110.85;376.16;1068.39
0;500;3;362;353;167164.39;8.83;85.14;265.93;639.04;1679.19
0;500;4;56;56;40251.67;42.46;207.98;435.51;1063.72;2452.48
0;501;1;1593;1394;200510.86;2.48;22.24;82.96;209.81;448.34
0;501;2;883;837;172619.44;4.86;39.28;132.76;294.13;623.95
0;501;3;212;205;69839.29;9.04;86.96;216.52;469.97;1033.09
0;501;4;24;23;26990.93;167.15;367.14;765.09;1707.36;1889.13
0;510;1;1120;1120;239309.05;70.57;109.74;151.34;231.13;501.09
0;510;2;645;645;234276.78;101.15;147.21;230.14;394.7;1023.31
0;510;3;112;112;93851.3;141.19;244.04;419.18;897.43;3090.31
0;510;4;98;98;229414.01;279.89;679.23;1438.54;3354.06;6750.54
0;511;1;202;202;105001.77;53.36;107.34;172.39;281.21;1428.35
0;511;2;207;207;105622.61;75.65;156.61;265.05;527.44;2064.17
0;511;3;77;77;130839.72;206.9;647.82;992.99;2214.54;5073.15
0;511;4;29;29;89065.99;244.69;785.39;2301.65;4858.72;7752.83
0;512;1;565;565;89920.34;51.34;98.21;132.55;179.1;330.65
0;512;2;275;275;59577.44;59.12;122.84;160.41;225.85;519.58
0;512;3;47;47;33371.61;98.45;208.2;359.38;937.17;2196.48
0;512;4;12;12;41857.57;299.51;973.56;2526.01;4479.68;11355.4
0;513;1;20366;20347;2337742.5;34.69;66.57;96.28;131.47;217.42
0;513;2;3840;3834;589942.28;42.97;84.09;117.53;164.07;349.84
0;513;3;292;292;126614.51;74.7;136.29;226.42;428.55;1738.35
0;513;4;41;41;74363.15;191.58;756.72;1206.94;2542.13;3726.99
0;514;1;4315;4310;361221.19;16.48;37.4;64.7;105.83;208.23
0;514;2;843;842;109646.55;22.82;50.16;86.63;144.71;319.52
0;514;3;101;101;24985.41;40.83;100.85;147.11;234.11;652.08
0;514;4;9;9;24343.2;76.39;345.99;1698.11;3406.91;10489.09
0;515;1;1982;1971;123479.7;10.9;29.07;44.48;68.65;161.51
0;515;2;309;309;39836.01;13.62;36.36;69.22;128.84;443.16
0;515;3;31;31;14968.93;29.41;66.84;235.89;559.56;2114.58
0;515;4;8;8;13956.14;477.75;630.64;1403.74;2463.37;4482.86
0;516;1;3135;3129;193009.34;23.93;38.75;52.11;69.16;111.93
0;516;2;365;364;78441.19;30.32;49.15;78.12;191.52;656.5
0;516;3;48;48;40300.27;41.19;96.63;250.42;694.1;4194.28
0;516;4;3;3;10901.93;2759.9;2759.9;2869.69;5272.34;5272.34
0;517;1;3379;3360;143705.12;10.71;23.4;35.52;51.74;94.2
0;517;2;494;490;33381.83;10.96;24.67;38.99;66.99;239.96
0;517;3;55;53;18680.46;16.07;45.41;90.96;314.22;2360.81
0;517;4;10;10;33332.02;216.03;641.32;1786.59;5902.22;10610.4
0;518;1;628;598;307917.92;10.29;37.18;64.17;117.97;370.81
0;518;2;248;244;127403.06;25.08;95.42;206.35;554.67;2170.96
0;518;3;72;72;97821.15;91.45;277.41;599.73;1963.08;5323.64
0;518;4;29;29;62942.14;112.2;898.14;1910.44;3236.96;5775.78
0;530;1;293;275;106998.31;2.55;22.5;82.87;317.66;2017.16
0;530;2;628;610;354561.88;7.31;55;153.07;660.61;2361.36
0;530;3;546;538;560952.45;18.73;180.32;556.8;1510.63;3556.97
0;530;4;77;76;173814.43;39.67;414.31;1031.13;3743.28;8711.15
0;531;1;581;563;111322.38;5.85;66.39;156.23;265.09;541.69
0;531;2;218;215;37323.04;3.82;15.32;89.22;260.05;626.62
0;531;3;43;42;17741.23;11.03;106.13;188.45;422.19;2050.41
0;531;4;6;6;9935.8;272.93;397.89;1069.79;1323.41;5801.98
0;532;1;1634;1456;74455;2.06;8.11;23.56;57.87;147.14
0;532;2;458;422;35044.1;1.83;11.5;35.93;91.3;332.67
0;532;3;75;71;13276.74;5.16;38.47;102.1;242.9;738.83
0;532;4;7;7;6001.35;41.86;131.77;484.61;1093.54;2962.83
0;540;1;9498;9494;820229.51;36.47;56.61;75.06;99.13;155.84
0;540;2;6406;6404;714387.3;40.35;64.23;85.83;116.88;228.84
0;540;3;2024;2024;349392.3;50.74;78.45;113.38;174.58;478.83
0;540;4;109;109;95110.04;63.35;172.58;290.57;689.23;2697.38
0;541;1;316;315;19941.99;15.72;38.92;57.21;79.87;128.88
0;541;2;220;220;18913.43;12.96;39.53;67.88;95.12;206.87
0;541;3;61;61;7926.92;17.71;49.15;90.59;153.89;351.29
0;541;4;4;4;2970.11;174.12;276.52;433.23;1208.53;1929.52
0;542;1;141;141;5579.38;2.53;11.53;23.02;51.96;115.28
0;542;2;151;150;10018.44;3.92;15.17;32.83;74.48;244.62
0;542;3;60;60;14153.66;12.27;25.41;136.02;361.74;960.45
0;542;4;10;10;9264.9;27.65;115.93;1076.27;1586.66;2022.17
0;543;1;260;259;17145.31;10.56;27.21;43.48;73.95;215.04
0;543;2;101;101;12920.53;15.2;43.41;67.69;133.17;474.39
0;543;3;17;17;3396.97;22.02;51.21;62.58;236.34;872.33
0;543;4;2;2;872.83;361.97;361.97;436.41;510.86;510.86
0;544;1;3021;2992;122783.49;8.65;20.96;32.91;51.26;96.38
0;544;2;371;368;29418.13;6.97;25.24;43.96;80.84;219.17
0;544;3;33;33;7424.81;19.82;42.2;77.89;158.76;541.15
0;544;4;3;3;1626.3;102.49;102.49;167.22;1356.59;1356.59
0;560;1;58181;56966;1213006.06;0.94;7.19;14.34;27.86;59.24
0;560;2;22952;22738;735668.08;2.6;10.27;19.64;39.37;88.15
0;560;3;3770;3752;248095.22;5.89;16.12;31.92;65.45;190.14
0;560;4;27;27;17727.18;18.42;28.84;109.25;341;4694.91
0;561;1;412;344;15625.4;0.62;4.35;20.52;51.31;160.13
0;561;2;285;259;26518.75;1.66;15.96;55.78;115.69;310.23
0;561;3;54;53;8501.82;8.51;31.8;81.85;195.56;713.53
0;561;4;2;2;3895.76;1859.72;1859.72;1947.88;2036.04;2036.04
0;562;1;1158;1145;97277.92;20.43;51.21;69.77;98.75;164.24
0;562;2;224;222;23983.78;41.7;65.42;92.46;126.64;240.42
0;562;3;37;37;10670.65;49.76;98.53;152.66;271.04;1144.04
0;562;4;4;4;2592.05;231.41;295.78;529.17;1000.24;1302.3
0;563;1;5631;4707;234890.95;1.14;9.89;26.39;54.32;175.34
0;563;2;1102;1022;75063.45;1.26;11.82;33.38;80.54;249.93
0;563;3;265;252;26607.51;2.18;18.58;50.13;111.73;435.53
0;563;4;5;5;4760.93;128.98;143.29;249.08;376.47;3863.11
0;564;1;770;730;29980.44;1.64;9.07;23.65;49.9;133.09
0;564;2;192;186;10746.29;2.92;13.39;35.96;82.12;199.93
0;564;3;22;22;2932.86;15.97;25.06;87.76;163.51;371.92
0;564;4;4;4;6119.74;140.2;183.41;926.37;2876.45;4126.79
0;565;1;895;396;11333.78;0.09;2.25;10.42;33.49;114.82
0;565;2;76;50;2252.35;0.14;7.04;20.66;46.57;209.99
0;565;3;10;4;316.74;1.61;8.83;64.26;149.53;186.61
0;566;1;4116;2983;102944.82;0.75;7.35;18.67;38.17;120.65
0;566;2;3636;3055;195160.52;1.41;10.44;27.42;64.18;190.59
0;566;3;597;522;64645.66;2.53;18.34;50.1;134.73;407.94
0;566;4;13;13;22710.51;95.99;180.96;354.72;1281.5;8739.13
0;580;1;80;65;4218.95;1.81;13.38;29.6;59.13;179.02
0;580;2;75;62;5774.26;1.81;7.26;23.29;74.32;541.98
0;580;3;23;23;3711.37;7.27;15.38;51.66;196.35;636.76
0;580;4;7;7;1430.99;25.57;48.91;95.74;350.2;557.21
0;581;1;9;9;206.58;1.56;10.28;22.84;36.37;48.29
0;581;2;7;6;492.88;8.27;14.45;31.62;53.95;352.97
0;581;3;3;3;176.14;32.99;32.99;43.89;99.26;99.26
0;582;4;1;1;26061.15;26061.15;26061.15;26061.15;26061.15;26061.15
0;583;2;1;1;7111.29;7111.29;7111.29;7111.29;7111.29;7111.29
0;583;4;1;1;1935.43;1935.43;1935.43;1935.43;1935.43;1935.43
0;590;3;1;1;1608.07;1608.07;1608.07;1608.07;1608.07;1608.07
0;590;4;12;12;25543.39;69.9;1320.65;2115.78;2840.64;4083.45
0;591;1;1;1;212.03;212.03;212.03;212.03;212.03;212.03
0;591;2;4;3;4216.82;496.01;496.01;1680.22;2040.59;2040.59
0;591;3;7;7;8574.66;384.98;466.43;860.01;2041.5;3068.88
0;591;4;35;35;51442.58;406.12;719.17;1474;1858.09;3484.48
0;592;1;1;1;1600.98;1600.98;1600.98;1600.98;1600.98;1600.98
0;592;2;3;3;7366.64;1447.63;1447.63;2089.74;3829.27;3829.27
0;592;4;17;17;34770.43;447.34;1464.62;2079.69;2514.34;4538.46
0;593;1;9;9;4434.54;128.73;149.94;188.4;405.37;2291.93
0;593;2;24;22;13514.89;46.45;141.83;303.24;986.82;2003.41
0;593;3;27;27;17457.01;126.83;209.71;382.02;952.28;2127.73
0;593;4;57;57;72453.84;210.15;520.41;1039.54;1816.73;3166.43
0;600;3;4;4;6525.27;630.51;792.69;1167.12;2469.94;3560.52
0;600;4;20;20;37029.69;447.07;740.01;1322.06;2390.13;5176.84
0;601;1;9;9;503.76;0.77;3.42;19.68;120.2;164.53
0;601;2;7;6;1126.23;15.22;69.76;127.08;131.21;655.88
0;601;3;27;26;16832.8;74.11;189.93;550.76;869.22;1600.8
0;601;4;45;45;54763.99;183.29;556.29;1154.52;1731.04;2415.75
0;602;1;21;20;12377;44.13;157.69;204.06;934.97;2423.01
0;602;2;23;23;9290.04;57.7;129.66;248.02;619.69;1157.36
0;602;3;65;65;53073.88;118.04;214.41;646.65;1157.87;2256.53
0;602;4;48;48;48484.45;155.99;356.88;959.57;1455.52;2405.2
0;603;1;46;37;7012.11;1.58;53.23;130.9;196.67;687.16
0;603;2;78;73;13839.81;7.21;81.59;134.04;177.08;735.67
0;603;3;46;44;15115.37;57.67;160.55;246.77;470.83;858.25
0;603;4;21;21;12949.49;229.01;279.82;379.55;792.44;1509.51
0;610;2;4;4;5264.93;132.22;462.81;1270.99;2169.65;2590.73
0;610;3;3;3;1444.53;356.71;356.71;368.86;718.96;718.96
0;610;4;9;9;18762.06;811.9;1441.65;1787.6;2104.94;4045.4
0;611;1;17;15;1429.85;5.53;13.87;59.44;142.58;468.45
0;611;2;12;11;3376.54;3;19.67;94.89;170.94;2517.67
0;611;3;26;25;12874.81;19.3;103.11;187.14;791.33;2013.7
0;611;4;14;14;15006.05;146.09;588.3;751.54;1550.69;2663.99
0;612;1;44;41;32070.47;2.48;85.94;154.2;524.01;3036.05
0;612;2;48;47;23698.55;23.64;90.58;175.6;561.85;1949.6
0;612;3;60;59;36292.4;46.6;135.89;526.17;912.96;1563.85
0;612;4;25;25;34133.36;153.25;499.79;897.41;2141.72;3318.85
0;613;1;12;12;1065.68;0.64;49.24;70.55;100.88;308.04
0;613;2;24;24;2923.41;4.76;54.55;89.26;164.18;363.62
0;613;3;21;21;4663.75;8.74;107.74;176.81;277.29;482.99
0;613;4;5;5;3384.09;136.04;150.82;719.56;862.93;1514.74
0;614;1;192;149;8759.39;1.56;9.55;41.75;91.57;191.23
0;614;2;105;87;10202.96;3.91;34.32;79.82;143.97;456.37
0;614;3;44;44;7504.45;9.78;68.93;96.42;148.78;428.97
0;614;4;9;9;2960.91;35.52;159.84;281.65;385.36;783.33
0;620;1;1;1;375.31;375.31;375.31;375.31;375.31;375.31
0;620;2;3;3;2138.25;468.27;468.27;480.91;1189.07;1189.07
0;620;3;7;7;4387.17;260.22;301.85;374.22;963.3;1775.16
0;620;4;6;6;6383.74;389.96;528.78;806.69;1741.29;2110.32
0;621;1;15;11;560.26;0.37;3.6;13.65;73.66;288.06
0;621;2;24;18;3977.49;2.8;11.52;41.81;135.57;1465.96
0;621;3;32;31;13873.7;5.24;31.1;154.98;813.69;1742.35
0;621;4;23;23;16771.31;8.01;129.46;415.66;1353.74;1650.62
0;622;1;44;36;25802.37;3.12;20.9;83.21;190.78;4242.87
0;622;2;40;39;16389.79;1.29;11.87;114.15;597.4;1888.52
0;622;3;36;36;23693.01;30.83;124.81;428.42;1190.74;1710.13
0;622;4;23;23;25343.28;45.56;395.13;1196.99;1544.16;2817.66
0;623;1;24;24;1838.06;2.85;17.51;57.74;101.83;178.09
0;623;2;20;18;1514.49;1.56;16.66;47.55;125.59;400.48
0;623;3;13;12;1843.26;20.41;62.31;131.99;192.09;498.83
0;623;4;5;5;2412.75;98.99;206.51;264.84;690.22;1152.19
0;624;1;124;41;968.5;1.81;3.5;6.84;27.46;103.03
0;624;2;79;50;2848.02;1.88;5.43;16.34;72;306.82
0;624;3;18;14;1176.98;1.83;3.89;21.46;83.19;640.56
0;624;4;6;6;1302.84;104.96;113.55;234.77;278.87;335.92
0;625;1;54;42;2310.61;0.72;3.6;19.94;87.37;198.94
0;625;2;32;29;1235.8;0.72;5.72;17.34;70.46;139.75
0;625;3;27;26;5191.5;5.57;28.74;81.65;265.84;830.75
0;625;4;4;4;485.62;59.85;68.06;78.83;174.75;268.11
0;626;1;83;46;1184.91;1.56;3.04;12.28;33.94;123.15
0;626;2;84;59;2823.83;1.24;3.39;13.4;59.89;195.16
0;626;3;63;52;2259.68;1.56;5.61;16.92;62.62;150.13
0;630;2;4;4;1242.65;71.1;78.5;268.39;542.82;634.76
0;630;3;20;20;13216.18;139.92;311.69;592.71;911.64;1508.1
0;630;4;58;58;82044.39;290.54;661.39;1136.17;2068.01;3167.02
0;631;1;4;4;872.26;23;49.18;215.93;386.94;417.39
0;631;2;30;30;8563.52;24.16;95.21;213.85;428.02;785.51
0;631;3;19;19;7900.93;35.23;127.04;197.45;715.52;1308.5
0;631;4;33;33;36349.12;157.35;339.93;735.27;1419.88;3115.53
0;632;1;167;166;8626.75;8.43;24.27;34.44;54.43;134.97
0;632;2;32;31;4187.73;18.85;35.27;70.95;174.53;548.24
0;632;3;17;17;2781;6.13;40.48;72.5;175.36;896.32
0;632;4;13;13;12972.58;51.05;241.71;468.31;1302.06;4039.15
0;633;1;97;68;5962.49;1.74;3.68;15.74;86.59;333.87
0;633;2;120;92;8620.35;1.71;10.13;31.14;98.79;336.99
0;633;3;91;87;17775.45;3.02;22.39;70.02;174.25;1011.32
0;633;4;56;55;39839.59;23.18;90.77;255.57;985.91;3416
0;634;1;73;58;20251.67;1.81;13.88;63.43;151.96;2419.77
0;634;2;71;63;10917.72;1.81;10.93;43.92;139.23;567.49
0;634;3;56;56;36971.1;11.13;67.24;217.23;1071.13;2159.68
0;634;4;37;37;45027.98;49.97;428.22;1054.37;2202.49;3318.12
0;635;1;15;12;399.65;1.56;4.89;8.87;19.94;210.62
0;635;2;24;21;4866.16;9.85;18.1;32.91;67.39;999.79
0;635;3;13;13;4207.19;5.92;33.32;101.49;597.12;1063.76
0;635;4;8;8;12915.63;26.8;193.53;1190.08;2964.91;4191.76
0;636;1;120;91;4256.74;4.01;15.59;24.73;44.24;144.73
0;636;2;74;65;7247.31;10.85;20.08;46.04;102.68;343.73
0;636;3;47;42;6741.91;12.52;60.02;90.54;157.47;571.62
0;636;4;21;21;7489.4;10.68;58.09;205.51;414.71;1329.77
0;637;1;726;411;22100.77;1.29;4.09;10.54;33.75;149.53
0;637;2;320;225;10594.93;2.13;6.26;22.89;56.69;156.17
0;637;3;122;105;12339.66;3.79;34.28;63.78;138.8;339.22
0;637;4;9;9;3269.71;55.64;80.07;283.88;404.72;1024.59
0;638;1;1126;384;24757.93;1.24;2.87;5.49;20.97;111.12
0;638;2;289;167;9319.5;1.56;4.14;10.13;31.25;174.06
0;638;3;33;27;2586.38;2.23;25.68;82.6;151.79;277.84
0;638;4;8;8;2693.38;10.43;108.7;288.1;393.62;1102.09
0;639;1;87;59;1677.29;1.21;3.45;17.28;42.49;90.62
0;639;2;80;61;4661.1;1.56;7.48;24.2;53.59;308.9
0;639;3;53;52;3128.38;1.59;10.73;38.43;71.35;202.33
0;639;4;8;8;2867.38;1.83;15.55;111.64;752.93;1105.3
0;640;1;150;59;1496.77;1.56;4.69;13.53;31.25;98.22
0;640;2;181;119;3934.65;1.56;3.87;13.18;22.66;157.19
0;640;3;94;70;2867.26;1.56;3.24;13.52;28.32;205.48
0;650;1;121;121;51095.51;81.94;122.71;201.57;292.46;1471.2
0;650;2;55;55;97823.1;112.61;188.71;462.62;1460.53;12122.62
0;650;3;49;49;71119.68;125.33;317.98;585.83;1446.42;7704.28
0;650;4;21;21;71689.94;539.39;887.32;1805.98;2654.87;12151.83
0;651;1;671;663;60907.38;14.94;41.03;60.33;94.77;261.74
0;651;2;101;100;27858.43;20.07;52.34;129.94;250.5;1274.33
0;651;3;42;42;60921.01;7.63;123.36;451.22;887.85;8503.58
0;651;4;12;12;108964.88;811.25;2232.78;4448.13;14198.29;26449.76
0;660;1;145;137;128042.86;17.88;234.21;734.12;1280.18;2588.77
0;660;2;616;609;713246.98;18.84;388.33;888.42;1555.94;3239.09
0;660;3;505;503;816837.78;140.93;587.38;1217.41;2272.03;4395.59
0;660;4;91;91;294931.37;150.81;1389.85;2101.42;4210.26;10383.44
0;661;1;838;680;637238.58;2.14;18.25;108.73;1042.55;5104.17
0;661;2;335;316;617348.22;4.26;31.87;128.34;1550.29;8383.2
0;661;3;269;257;558605.04;4.78;47.7;218.32;1320.83;6428.88
0;661;4;54;54;94929.69;29.93;211.42;626.12;1614.64;8070.13
0;662;1;72;71;4687.27;8.41;24.86;38.74;93.75;179.56
0;662;2;62;61;12392.51;10.51;41.49;88.12;195.29;940.2
0;662;3;41;39;8832.5;18.32;57.59;128.63;354.79;800.67
0;662;4;4;3;1789.53;113.74;113.74;276.73;1399.06;1399.06
0;663;1;1468;1348;68790.25;1.44;5.62;17.47;43.12;159.17
0;663;2;2965;2856;328901.56;2.21;10.67;32.47;87.35;429.1
0;663;3;2708;2635;1171384.31;3.05;19.27;70.09;289.89;1948.77
0;663;4;322;320;448510.92;6.99;103.16;484.69;1507.13;5677.42
0;664;1;889;801;187333.23;3.62;30.69;76.27;183.2;1247.45
0;664;2;465;428;157166.85;3.14;19.36;106.95;453.85;1474.51
0;664;3;267;255;130054.66;4.44;27.26;129.44;628.41;2133.57
0;664;4;37;36;69736.94;22.44;73.3;494.04;1581.76;8695.74
0;680;1;174;173;68628.37;35.66;64.22;108.51;300.25;1519.78
0;680;2;101;101;78786.56;73.9;190.92;397.7;952.94;2432.92
0;680;3;71;71;121657.75;151.53;358.09;786.93;2440.6;5595.2
0;680;4;87;87;556501.43;313.92;1339.81;3773.07;9141.26;17332.73
0;681;1;371;360;82007.05;19.76;50.89;95.13;214.67;802.4
0;681;2;281;275;186562.05;21.04;82.5;173.71;551.87;4056.81
0;681;3;218;218;373182.69;37.58;227.54;577.7;1530.78;7348.97
0;681;4;101;101;482292.5;287.21;1270.19;3023.96;6334.97;13681.98
0;682;1;446;446;69594.87;32.14;55.48;91.55;175.03;439.28
0;682;2;298;298;135548.42;50.14;115.08;215.54;476.76;1522.3
0;682;3;99;99;101164.9;75.43;229.23;547.44;1571.31;3616.33
0;682;4;101;101;269914.91;338.36;835.29;1737.64;3187.92;8403.49
0;683;1;829;768;164462.45;7.01;37.79;73.82;239.21;831
0;683;2;335;331;150489.55;15.86;69.85;197.5;564.19;1777.31
0;683;3;131;130;148460.33;24.88;206.8;426.75;1157.66;5253.05
0;683;4;66;65;206849.67;312.66;667.31;1886.07;3745.33;13185.43
0;690;1;264;251;276876.53;5.47;38.56;209.69;1008.09;5728.9
0;690;2;266;259;452760.25;3.42;49.85;391.59;2364.91;7249.99
0;690;3;319;316;907217.04;29.34;307.16;1560.05;4765.13;8742.83
0;690;4;390;390;2519428.56;229.84;2489.3;5388.71;8405.5;16364.2
0;691;1;1312;1251;862813.65;4.72;69.64;302.75;856.72;2529.61
0;691;2;1531;1491;1110318.53;5.46;76.83;311.48;842.41;2920.11
0;691;3;970;959;1271055.89;19.42;136.77;525.24;1607.55;5065.39
0;691;4;527;527;1596274.97;82.91;496.23;1803.62;4120.18;10428.72
0;692;1;418;361;97515.98;2.41;23.27;122.19;331.18;969.78
0;692;2;230;223;85953.99;9.49;70.97;222.74;478.8;1271.67
0;692;3;63;62;39676.8;22.26;124.86;288.07;678.57;2605.03
0;692;4;36;36;55928.17;64.03;406.11;1017.23;2390.03;4037.76
0;693;1;15104;14972;10952162.13;47.61;301.31;536.08;866.16;2102.35
0;693;2;6618;6573;5415017.67;39.83;294.86;544.38;959.34;2527.98
0;693;3;1727;1719;2002981.81;25.33;317.34;645.13;1499.91;3731.77
0;693;4;503;501;1731526.44;87.03;643.05;1760.06;5508.79;11849.34
0;694;1;486;457;160444.74;1.99;18.39;95.77;362.34;1644.25
0;694;2;859;818;281791.94;2.83;20.35;98.64;346.35;1550.89
0;694;3;547;539;364963.18;5.13;48.14;206.55;633.03;2945.12
0;694;4;196;196;261419.29;32.43;261.84;716.17;1564.97;5271.5
0;710;1;159;158;43503.5;4.38;40.37;79.26;225.9;1039.66
0;710;2;195;191;118603.2;36.49;102.58;313.42;786.41;2341.9
0;710;3;248;248;335220.56;101.17;340.03;775.41;1595.6;4116.44
0;710;4;217;217;823624.61;275.35;1078.26;2212.73;4874.9;11481.22
0;711;1;310;306;114417.92;16.93;77.89;190.31;382.43;1010.18
0;711;2;350;346;207351.94;41.19;142.98;373.83;757.35;1942.78
0;711;3;149;149;181623.55;78.33;283.9;680.16;1640.77;3678.44
0;711;4;68;68;252872.62;466.04;1662.65;2787.94;5110.33;9594.72
0;720;1;562;550;115540.25;11.65;51.96;118.54;231.84;720.98
0;720;2;1574;1567;754761.83;27.83;127.88;283.41;563.61;1639.56
0;720;3;1410;1399;1202801.03;35.1;230.84;488.21;1023.3;2733.07
0;720;4;896;895;1534309.58;70.55;372.45;1012.08;2268.06;5660.27
0;721;1;915;887;223399.02;13.73;66.98;147.84;281.88;866.65
0;721;2;485;470;200625.81;14.02;73.88;170.47;398.96;1564.47
0;721;3;180;179;134603.27;31.13;163.95;417.83;959.48;2651.63
0;721;4;44;44;54819.51;149.64;444.06;914.16;1700.96;3838.72
0;722;1;851;635;64643.92;1.83;8.13;28.39;83.26;365.19
0;722;2;682;620;168112.51;4.56;26.92;86.22;260.77;1109.39
0;722;3;292;288;183479.88;8.52;102.35;303.53;727.51;2361.86
0;722;4;56;56;87958.5;26.11;230.96;707.11;1643.25;7832.43
0;723;1;3479;2570;133121.15;1.81;6.32;19.04;56.64;189.58
0;723;2;1815;1578;159984.32;2.23;10.67;34.32;96.99;419.75
0;723;3;481;448;163348.94;4.26;28.12;97.27;389.92;1697.73
0;723;4;37;36;54018.15;6.62;128.14;614.64;1409.8;10521.86
0;724;1;787;694;91955.21;3.75;18.1;51.8;118.45;466.32
0;724;2;679;634;177463.16;4.53;38.29;100.44;261.07;1094.72
0;724;3;361;359;225448.49;14.3;94.11;259.77;710.59;2496.02
0;724;4;121;120;273339.87;134.96;480.05;1389.72;2751.56;8134.85
0;740;1;328;324;53436.26;10.09;52.81;101.56;192.54;503.69
0;740;2;416;412;112037.24;17.4;71.34;163.16;361.02;910.97
0;740;3;228;228;126834.72;52.81;188.03;376.2;715.36;1791.85
0;740;4;60;60;99548.08;147.88;521.04;1051.87;2745.61;4379.33
0;750;1;357;301;17244.25;0.37;7.24;27.46;69.62;219.57
0;750;2;157;145;13896.19;1.41;17.36;54.3;109.41;335.41
0;750;3;30;30;5257.47;8.44;44.31;172.5;282.29;360.73
0;750;4;4;4;2694.64;88.9;194.98;458.71;1152.34;1688.31
0;751;1;2939;2614;144191.6;1.36;9.55;28.06;65.15;201.17
0;751;2;2364;2257;205527.67;3.86;20.34;47.88;104.95;313.42
0;751;3;435;431;97956.42;13.35;53.33;127.94;255.53;727.32
0;751;4;65;65;56204.74;25.15;122.42;411.44;1076.81;3534.5
0;752;1;443;339;12667.54;0.47;4.36;15.97;40.37;145.45
0;752;2;276;236;14165.16;0.52;4.03;18.38;57.67;241.67
0;752;3;43;40;6393.79;1.69;19.48;48.18;100.77;560.5
0;752;4;5;5;5907.26;49.09;122.38;582.49;2120.06;3033.24
0;753;1;592;540;23246.62;0.61;6.66;20.49;54.08;169.63
0;753;2;298;291;28717.07;3.71;18.5;46.02;120.19;388.51
0;753;3;57;57;12281.69;14.52;46.75;117.31;235.84;988.85
0;753;4;9;9;8886.43;19.13;295.41;746.43;948.39;3940.37
0;754;1;2644;2169;81689.32;0.77;5.8;16.17;42.62;140.61
0;754;2;4941;4532;265217.5;1.81;10.54;26.62;63.19;206.31
0;754;3;468;458;75008.38;7.33;33.89;84.43;198.46;541.01
0;754;4;35;35;37855.72;26.78;205.06;613.39;1734.89;3053.02
0;755;1;1228;913;29412;0.64;5.01;14.05;38.93;118.24
0;755;2;499;433;28320.25;1.73;10.7;27.57;85.4;208.81
0;755;3;68;63;6877.38;3.37;24.91;46.13;157.68;356.33
0;755;4;2;2;676.93;281.44;281.44;338.46;395.49;395.49
0;756;1;2079;1572;51889.26;0.5;4.28;13.17;38.63;129.87
0;756;2;1345;1213;97045.81;1.81;10.06;31.02;87.26;270.66
0;756;3;391;388;92277.01;13;53.47;125.18;256.04;1000.97
0;756;4;65;65;70802.68;39.58;144.85;439.9;1374.5;4278.27
0;757;1;2649;2345;240154.51;2.2;14.85;42.44;107.04;359.13
0;757;2;3259;3129;529496.62;4.09;28.31;72.68;169.46;641.81
0;757;3;1624;1607;415768.17;12.28;55.25;135.79;291.9;999.08
0;757;4;393;393;354704.13;54.23;238.15;493.68;1180.06;3030.67
0;758;1;524;255;6007.45;0.25;2.18;8.59;33.67;104.54
0;758;2;280;177;14478.41;0.87;4.14;16.06;49.36;232.25
0;758;3;53;39;4707.21;0.27;13.03;48.02;128.43;736.93
0;758;4;1;1;16.75;16.75;16.75;16.75;16.75;16.75
0;759;1;214;160;17385.99;2.15;9.5;32.53;100.51;489.89
0;759;2;186;168;31122.99;2.21;12.95;46.31;176.75;888.85
0;759;3;75;69;19819.38;5.68;27.52;93.78;436.98;996.6
0;759;4;20;19;15545.3;1.21;170.3;514.16;894.56;4731.57
0;760;1;2745;349;14920.48;0.25;2.13;11.5;44.32;180.35
0;760;2;771;282;30342.92;1.14;12.49;45.35;116.7;388.7
0;760;3;134;111;25649.31;8.45;49.2;108.12;271.73;849.09
0;760;4;10;10;12573.17;4.26;125.46;411.55;2356.58;5357.54
0;770;1;705;545;9422.02;0.32;2.6;6.41;15.89;50.74
0;770;2;238;219;8018.01;1.53;6.17;15.84;35.06;148.47
0;770;3;47;44;8324.59;2.53;22.04;50.9;134.94;721.37
0;770;4;1;1;1694.39;1694.39;1694.39;1694.39;1694.39;1694.39
0;771;1;101;94;4751.4;2.93;11.08;25.2;46.4;218.4
0;771;2;164;157;11103.2;4.46;15.37;30.68;68.83;248.98
0;771;3;39;39;8150.68;2.42;57.58;123.42;228.87;742.1
0;771;4;2;2;2658.52;466.16;466.16;1329.26;2192.36;2192.36
0;772;1;30;27;735.72;1.24;4.31;21.15;39.22;67.25
0;772;2;21;20;917.9;7.04;15.49;35.17;46.92;160.26
0;772;3;1;1;37.82;37.82;37.82;37.82;37.82;37.82
0;772;4;1;1;2819.71;2819.71;2819.71;2819.71;2819.71;2819.71
0;773;1;173;147;9608.86;0.77;4.46;12.1;33.96;457.61
0;773;2;160;143;10924.58;3.45;8.38;25.01;90.87;267.21
0;773;3;38;36;12109.69;0.55;26.56;121.32;375.18;2131.43
0;773;4;26;26;42592.56;37.46;494.25;1884.52;2564.46;2955.14
0;774;1;48;39;604.19;0.37;2.33;7.19;12.97;85.17
0;774;2;38;35;1585.85;1.43;6.22;16.16;36.74;176.87
0;774;3;4;4;1149.89;15.22;42.42;147.3;532.52;840.06
0;775;1;4613;3658;92468.51;0.87;3.74;8.75;22.76;104.43
0;775;2;3412;3220;219227.56;2.21;10.29;27.59;68.48;213.85
0;775;3;722;714;151237.01;4.56;29.85;82.23;185.17;823.37
0;775;4;96;96;115225.39;23.96;134.38;466.93;1540.93;4873.83
0;776;1;688;584;17724.96;1.49;4.68;12.28;31.55;108.97
0;776;2;405;379;31056.09;2.31;12.79;37.93;97.54;271.21
0;776;3;138;136;26503.8;9.74;36.03;100.05;203.65;767.7
0;776;4;13;13;9995.84;24.62;152.9;302.6;1145.18;3321.23
0;790;1;725;715;114802.13;10.24;38.35;71.03;151.81;530.76
0;790;2;197;197;85243.91;23.42;89.94;192.66;444.05;1686.04
0;790;3;81;81;103857.91;81.52;237.42;654.28;1607.42;3071.99
0;790;4;26;26;76747.22;304.57;854.65;2152.69;3953.81;7264.48
0;791;1;1328;1315;182968.08;13.04;44.12;80.31;143.97;464.04
0;791;2;596;592;200950.81;25.43;76.35;154.08;319.52;1031.17
0;791;3;214;214;186756.39;58.53;195.96;449.45;946.58;2945.37
0;791;4;153;153;451353.83;300.41;775.62;1615.87;3646.04;10080.62
0;792;1;935;931;104828.93;10.25;33.58;63.32;117.92;354.85
0;792;2;207;205;54611.45;15.53;64.6;133.33;309.38;923.45
0;792;3;90;90;69703.53;39.81;162.96;467.19;952.21;2841.03
0;792;4;59;59;140537.92;373.11;931.83;1578.05;2841.54;7573.15
0;810;1;1019;788;60562.94;1.56;10.26;35.86;94.44;269.15
0;810;2;361;335;65498.13;4.24;27.04;88.32;199.24;706.57
0;810;3;137;135;45562.3;11.64;43.08;127.91;441.21;1237.57
0;810;4;19;18;15690.17;47.98;132.26;563.03;1206.53;3826.12
0;811;1;570;518;21073.65;2.23;8.58;17.07;34.99;102.1
0;811;2;224;220;16162.35;3.34;16.22;38.51;79.04;243.08
0;811;3;48;47;6797.84;10.79;42.98;89.58;169.49;534.6
0;811;4;11;11;16068.01;51.13;277.58;405.72;643.16;9268.76
0;812;1;6993;5459;117565.13;1.71;3.92;7.83;18.3;71.94
0;812;2;3112;2897;165768.5;2.13;6.86;18.15;49.08;203.24
0;812;3;1027;1012;230642.19;6.84;38.96;100.87;232.21;876.55
0;812;4;358;355;330550.81;32.99;163.13;456.81;1053.77;3301.45
0;813;1;1542;1408;137679.45;2.13;11.76;34.34;92.63;397.66
0;813;2;872;824;133254.92;4.17;23.36;64.14;149.86;632.42
0;813;3;444;431;221975.65;8.53;57.92;168.45;491.01;2160.37
0;813;4;80;80;140328.97;31.2;196.48;672.23;1794.43;6814.18
0;814;1;75;36;797.97;0.1;2.38;9.76;18.19;98.07
0;814;2;219;101;5578.48;0.73;5.8;14.18;38.17;347.86
0;814;3;22;21;3665.72;6.57;20.33;63.06;92.71;1131.22
0;814;4;3;3;502.97;25.98;25.98;28.62;448.37;448.37
0;815;1;1035;670;26174.09;0.89;4.26;11.34;28.78;116.85
0;815;2;260;235;39199.08;2.89;12.89;42.25;115.41;829.67
0;815;3;113;109;43418.13;5.12;35.05;104.4;401.08;1670.52
0;815;4;100;100;100568.49;38.13;199.23;597.69;1351.85;3194.64
0;830;1;18;18;2139.56;6.74;36.53;62.36;183.11;393.92
0;830;2;9;9;7330.95;23.43;65.49;119.88;1679.56;2636.87
0;830;3;8;8;3943.45;114.8;225.87;302.16;792.81;1186.95
0;830;4;7;7;75304.41;1512.51;5069.9;12800.23;16029.29;20374.42
0;831;4;2;2;36149.26;1530.28;1530.28;18074.63;34618.98;34618.98
0;832;1;118;117;25241.8;13.93;43.68;88.88;228.58;755.32
0;832;2;60;59;76204.4;10.39;47.5;142.32;721.39;9582.73
0;832;3;13;13;15783.01;62.81;238.92;638.24;988.55;7001
0;832;4;16;16;88722.57;582.12;1368.7;3677.25;8656.07;17569.96
0;833;1;51;45;4398.79;6.91;25.76;57.45;105.13;354.01
0;833;2;28;27;28411.24;29.62;63.36;112.54;268.18;1177.7
0;833;3;3;3;5140.23;77.41;77.41;1043.51;4019.31;4019.31
0;833;4;1;1;731.37;731.37;731.37;731.37;731.37;731.37
0;840;1;486;453;44777.34;2.6;17.65;34.42;77.94;284.51
0;840;2;72;69;16267.78;9.81;40.65;82.75;253.21;970.28
0;840;3;15;15;8546.99;18.35;76.43;182.57;339.6;4816.77
0;840;4;4;4;3404.74;12.8;272.84;706.08;1429.53;1979.77
0;850;1;2235;1775;194424.08;8.95;35.55;61.98;112.34;341.54
0;850;2;605;597;207579.52;9.48;59.87;127.3;289.4;1214.27
0;850;3;305;305;219999.11;54.88;159.54;387.9;839.28;2718.52
0;850;4;122;121;391830.99;189.55;777.88;1508.57;4008.46;9253.4
0;860;1;1060;941;80988.43;2.63;16.83;44.49;96.06;307.1
0;860;2;2136;2065;375490.66;5.48;34.51;85.7;193.53;642.72
0;860;3;1815;1793;705702.24;13.31;73.69;183.06;405.18;1276.17
0;860;4;447;424;424190.51;18.28;197.88;533.37;1315.39;3466.72
0;861;1;1412;862;45834.45;1.08;4.46;13.4;51.68;195.04
0;861;2;1519;1329;183540.9;1.88;12.11;44.26;121.42;582.99
0;861;3;590;573;186467.49;6.32;49.77;126.57;360.69;1527.61
0;861;4;118;117;217789.73;32.84;244.94;793.43;2123.66;6524.76
0;862;1;21958;4864;383717.33;1.04;6.17;21.91;71.87;232.74
0;862;2;7623;3645;505815.71;1.44;11.49;41.1;112.46;574.51
0;862;3;1562;1336;571165.41;2.94;22.89;72.38;232.83;1277.44
0;862;4;193;187;273504.9;12.67;116.62;451.05;1709.18;6035.37
0;871;2;1;1;1380.56;1380.56;1380.56;1380.56;1380.56;1380.56
0;871;3;3;3;5365.2;1152.06;1152.06;1931.06;2282.08;2282.08
0;871;4;4;4;27963.63;2108.72;3478.82;7024.04;10502.99;11806.83
0;872;1;2;1;682.8;682.8;682.8;682.8;682.8;682.8
0;872;2;9;9;7818.67;31.47;194.07;520.15;804.19;3815.76
0;872;3;8;8;15917.95;204.94;494.05;942.25;2326.77;8186.86
0;872;4;6;6;26778.65;546.74;2071.47;3372.06;5382.1;12034.21
0;873;1;23;23;6789.74;6.83;35.87;67.84;320.62;818.32
0;873;2;22;22;25418.06;72.68;146.8;325.26;902.58;1557.71
0;873;3;3;3;2819.34;520.23;520.23;821.24;1477.87;1477.87
0;873;4;1;1;355.59;355.59;355.59;355.59;355.59;355.59
0;890;2;8;8;9946.42;77;386.86;1352.15;1976.53;2438.31
0;890;3;19;19;34408.99;10.08;515.69;1781.84;2586.84;4086.58
0;890;4;14;14;93033.67;1465.58;2444.41;5266.33;9009.11;21115.42
0;891;1;3;3;340.76;14.51;14.51;150;176.25;176.25
0;891;2;74;71;61257.26;19.27;229.18;421.5;1042.04;2314.12
0;891;3;55;52;90433.94;52.67;216.44;756.36;2041.32;6673.71
0;891;4;15;15;53215.71;31.5;620.56;1769.07;3969.97;19415.36
0;892;1;9;9;1827.76;2.7;69.83;134.45;235.11;688.04
0;892;2;36;34;20624.42;11.9;168.5;561.01;866.24;1835.43
0;892;3;35;35;36224.93;7.32;176.2;390.25;1032.33;6338.26
0;892;4;4;4;1323.09;259.37;263.74;299.47;397.8;464.78
0;893;1;80;73;33022.08;2.58;64.68;256.22;558.97;1986.52
0;893;2;152;147;83431.55;8.3;105.22;246.6;725.95;2039.76
0;893;3;30;29;25828.16;50.03;180.81;434.07;759.03;4363.86
0;893;4;7;7;25169.79;65.78;294.09;1244.5;3294.48;18313.09
0;894;1;84;76;26469.84;2.23;27.91;174.54;491.45;1272.75
0;894;2;45;42;25259.86;8.37;30.21;156.2;724.71;1922.12
0;894;3;6;6;3640.81;2.5;111.7;365.41;1328.27;1467.52
0;910;1;35;35;18367.35;136.09;243.58;387.71;655.02;1353.96
0;910;2;127;127;82738.46;87.71;236.42;406.43;667.5;1797.77
0;910;3;193;193;208126.07;144.27;325.39;641.24;1265.88;3768.18
0;910;4;193;193;695284.25;413.66;1256.94;2796.75;4900.78;9095.77
0;911;1;6;6;1871.3;53.04;193.86;359.12;384.7;521.45
0;911;2;174;174;104206.83;100.33;249.67;424.78;700.14;1501.25
0;911;3;184;184;270428.74;145.01;417.8;865.96;1594.73;5423.84
0;911;4;169;168;545805.51;271.83;924.64;1812.33;3589.2;10202.08
0;930;1;8;6;438.18;14.45;20.01;76.68;115.48;134.88
0;930;2;250;242;50856.25;11.02;57.55;144.29;281;546.88
0;930;3;184;182;98921.75;24.13;110.53;270.82;719.74;1798.57
0;930;4;118;115;214391.41;46.1;280.1;912.97;2030.07;6186.5
0;931;2;78;77;19871.07;10.59;68.57;164;290.59;500.32
0;931;3;14;14;5652.07;82.54;161.88;266.4;607.17;1060.75
0;931;4;5;5;6198.88;395.88;611.56;1418.9;1547.23;2225.31
0;950;1;2020;1974;378110.36;12.91;51.97;97.06;187.41;598.14
0;950;2;1938;1922;964063.03;20.43;96.04;229.41;527.27;1708.16
0;950;3;1727;1726;1777466.83;63.85;260.96;572.51;1223.13;3491.8
0;950;4;1071;1071;2993896.7;310.27;885.42;1857.15;3486.48;8221.52
0;951;1;167;167;38997.64;43.31;106.35;155.33;253.9;704.49
0;951;2;265;265;118098.52;70.85;152.9;291.15;561.45;1223.48
0;951;3;242;242;226059.22;175.62;334.98;618.9;1039.99;2783.1
0;951;4;72;72;121502.68;326.99;612.98;1372.94;2237.75;4788.58
0;952;1;2239;2191;294179.48;7.39;38.96;75.89;141.26;404.22
0;952;2;2039;2006;610208.06;11.99;60.49;138.68;319.81;1052.23
0;952;3;1143;1139;785379.82;33.13;150.25;346.29;737.7;2085.33
0;952;4;298;298;562275.18;178.75;509.79;1257.96;2566.6;5296.32
0;955;0;396;293;23277.98;1.22;9.42;23.31;64.38;389.75
0;956;0;576;557;160663.08;2.94;29.42;90.65;207.61;1166.51
